prd_id,view_name,cate1_nm,cate2_nm,cate3_nm,cate4_nm,brand_name,discprice,domain
1053067763,"매스티나 [65%OFF]화이트매스틱 올인원 로션 포 맨 150ml [정가 28,000원]",남성화장품,올인원,,,매스티나,9900,beauty
1032164641,"마녀공장 얼티밋 올인원 밀크 120ml  (포맨) (사용기한 2027.05.16까지) [정가 38,000원]",남성화장품,올인원,,,마녀공장,7800,beauty
6585169,"우르오스 올인원 스킨로션/스킨밀크 200ml(택1) (정가 29,700원)",남성화장품,올인원,,,우르오스,25180,beauty
1073222241,AHC [6%추가쿠폰]  온리포맨 올인원 에센스 200ml 2종 중 택1 + (증정) 프로샷 에센스 20ml,남성화장품,올인원,,,AHC,18010,beauty
1079739350,메르헨트 [1 +1] 그린티 대용량 올인원 스킨&로션 세트 200ml 남자 남성 토너 에멀젼 이멀전,남성화장품,올인원,,,메르헨트,9900,beauty
15079170,"우르오스 스킨 워시 500ml x2 (정가 39,400원)",남성화장품,메이크업/클렌징,,,우르오스,32300,beauty
1132530148,"우르오스 스킨 워시 500ml x 4개 (정가 78,800원)",남성화장품,메이크업/클렌징,,,우르오스,60800,beauty
1058840098,"우르오스 스킨워시 500ml x3 (소비자가   59,100원)",남성화장품,메이크업/클렌징,,,우르오스,45600,beauty
6584164,"우르오스 스킨 워시 500ml (정가 19,700원)",남성화장품,메이크업/클렌징,,,우르오스,17010,beauty
63486822,비레디 블루 쿠션 15g (옵션),남성화장품,메이크업/클렌징,,,기타브랜드,26320,beauty
1102137258,케라셀 티트리오일 10ml 단품(손발톱 영양제/강화제),네일케어,네일영양제,,,케라셀,14800,beauty
1130674261,M]데싱디바 26해피 레몬에이드 네일  3종 세트,네일케어,네일영양제,,,데싱디바,32000,beauty
22461660,[오를리]네일 디펜스(손톱강화영양제) 9ml,네일케어,네일영양제,,,올리,17800,beauty
1121944153,바렌 네일 & 큐티클 케어 에센스 오일펜 2ml 1개입,네일케어,네일영양제,,,바렌,10000,beauty
1033660446,손발톱 집중 버블세럼/약국판매동일/ [세이프픽 미라클 네일 세럼 17ml] 손톱 발톱  상 완료 손발톱영양제,네일케어,네일영양제,,,메디픽미,16630,beauty
34098824,6단계 네일 버퍼 2개입,네일케어,네일케어도구,,,디엔케이코스메틱,3900,beauty
1119280637,미용손톱깍이 777 쓰리쎄븐 손톱깎이 세트 TS-33VC,네일케어,네일케어도구,,,기타브랜드,7010,beauty
1121569382,붙이는패디 편리한 셀프 붙이는 발톱 네일 패디 용품,네일케어,네일케어도구,,,기타브랜드,2290,beauty
1081128795,777손톱깍기 세트 6p TS-050C,네일케어,네일케어도구,,,기타브랜드,16820,beauty
1112678018,손톱니퍼 네일 아트 손톱 정리 큐티클 니퍼 커터 컷터 K207,네일케어,네일케어도구,,,기타브랜드,3010,beauty
1130674666,M]데싱디바 26 시트러스 팝 네일  4종 세트,네일케어,네일팁/스티커,,,데싱디바,39000,beauty
1118880176,M]데싱디바 26 리틀 스케치 숏네일 3종 세트,네일케어,네일팁/스티커,,,데싱디바,22710,beauty
1082554467,[25년 최신상] 장원영의 데싱디바 25년 최신상 썸머캔버스 페디 10종,네일케어,네일팁/스티커,,,데싱디바,62910,beauty
1078587400,M]데싱디바 잇데일리  숏네일 4종,네일케어,네일팁/스티커,,,데싱디바,24210,beauty
1118882511,M]데싱디바 26데일리엣지 네일4종세트,네일케어,네일팁/스티커,,,데싱디바,29000,beauty
1092962939,데싱디바 25년 최신상 FW 럭셔리온 네일 8종 세트,네일케어,매니큐어,,,데싱디바,59310,beauty
1130675154,M]데싱디바 26 판타스틱 뮤즈  쉐입네일  3종 세트,네일케어,매니큐어,,,데싱디바,34500,beauty
1118879029,M]데싱디바 26 로지 터치 쉐입네일 3종 세트,네일케어,매니큐어,,,데싱디바,29900,beauty
1130674156,M]데싱디바 26럭스 스톤  쉐입네일  3종 세트,네일케어,매니큐어,,,데싱디바,38000,beauty
56936674,[수입정품][여름네일] ORLY 오를리 미국 핫 네일 매니큐어 11ml,네일케어,매니큐어,,,올리,10900,beauty
1128225584,[파격체험특가] 최신상 마데카 더마 마스크팩 시즌4 2박스 (20매),마스크/팩/패드,마스크시트,,,센텔리안24,17960,beauty
1056545093,메디힐 더블유에이치피 미백수분 블랙 마스크 10매,마스크/팩/패드,마스크시트,,,메디힐,10900,beauty
1098447485,"바세린 [총30매]마스크팩 10매 X 3개 (진정/수분/영양) 3종 택 1 [상시가 29,900원]",마스크/팩/패드,마스크시트,,,씨투와이,29900,beauty
1133392225,[한창서패키지]프란츠 봉톡신 크림마스크팩 더블구성 12개,마스크/팩/패드,마스크시트,,,프란츠,198000,beauty
1117424203,"[GS단독] 노프랍 하이드로겔 마스크 30매+3매 (교차구매)(정가 148,500원)",마스크/팩/패드,마스크시트,,,노프랍,44100,beauty
1135048150,아이소이 NAD 치크 앤 링클 패치 87g (90매),마스크/팩/패드,코팩/패치,,,아이소이,24800,beauty
1105959312,[체험특가] 대웅제약 이지덤 릴리프 스팟패치 42매 / 짜기 전 / 트러블패치,마스크/팩/패드,코팩/패치,,,대웅제약,6900,beauty
1107381495,아브카 [주름개선 14.2%] 콜라겐 링클 미간 주름 도트 패치 (25패치),마스크/팩/패드,코팩/패치,,,아브카,13900,beauty
1088018258,"리르 글루타치온 리포좀 멜라토닌 기미패치(총10매/5회분) (정가30,000원/기미잡티 미백패치 피부톤개선)",마스크/팩/패드,코팩/패치,,,리르,9900,beauty
1040906585,메디힐 1+ 1 블랙헤드 멜팅 클리어 코팩 총 8매 (+스패출러),마스크/팩/패드,코팩/패치,,,메디힐,21900,beauty
1103662214,니베아 데오드란트 롤온 엑스트라 브라이트 50ml 2개,바디케어,데오드란트,,,니베아,15900,beauty
20818331,[무료배송] 도브 데오드란트 롤온 40ml x 3개 (향 선택),바디케어,데오드란트,,,바세린,12920,beauty
1056105866,[유니레버] 도브 데오드란트 40ml 3개,바디케어,데오드란트,,,유니레버,11900,beauty
26390797,[코지트] 사라피티 10매 흡수력 Up 겨드랑이 땀 겨땀 패드 패치,바디케어,데오드란트,,,코지트,17900,beauty
1061082365,엘리자베스아덴 그린티 데오도란트 크림 40ml 2개,바디케어,데오드란트,,,엘리자베스아덴,31200,beauty
1058509421,[9/21 5%더블쿠폰] [신제품]쉬크 하이드로5 오리지널 날13입+면도기+커버1,바디케어,면도/제모,,,쉬크,32900,beauty
1130210577,"먼프리 [정가36,900원] 판텔라 민감성 저자극  제모크림 포레스트허브향 200ml 2개",바디케어,면도/제모,,,먼프리,12900,beauty
1132007391,네어 민감성용 얼굴&비키니라인 제모왁스스트립 40매+4매,바디케어,면도/제모,,,네어,13900,beauty
1024076056,도루코 터치3 면도기 4P,바디케어,면도/제모,,,도루코,2000,beauty
34684524,네어 민감성용 바디 제모크림 200ml,바디케어,면도/제모,,,네어,12700,beauty
1059355721,[GS특가] 로즈마인 스팀소프트 바디 4종 선물세트,바디케어,바디케어세트,,,로즈마인,11900,beauty
1091877434,[26년 추석 선물세트] 모던에디션 라이프,바디케어,바디케어세트,,,오가니스트,19660,beauty
1133583218,[26년 추석 선물세트] 샴푸&바디 퍼퓸컬렉션,바디케어,바디케어세트,,,엘라스틴,16450,beauty
1073422186,[로즈마인] 아로마 리 고요 바디세트 300ml 2종,바디케어,바디케어세트,,,로즈마인,12900,beauty
1133690940,[26년 추석 선물세트] 샴푸&바디 퍼퓸컬렉션x2개,바디케어,바디케어세트,,,엘라스틴,31880,beauty
1033919214,[9/21 5%더블쿠폰] [특가]온더바디 풋샴푸(용기385ml/리필 500ml) 4개구성 기획,바디케어,풋크림/케어,,,온더바디,19900,beauty
1111840820,웰빙헬스 명품고운발 3개 세트,바디케어,풋크림/케어,,,웰빙헬스팜,14900,beauty
1129898876,[발꿈치 각질케어] 바렌 시어버터 슬리핑 힐패치 총 10매(2p*5) / 하루밤만에 각질제거,바디케어,풋크림/케어,,,바렌,10900,beauty
1072548074,"[본사공식] 후기입증, 리르 힐 케어 풋 스틱 1+ 1 - 뒤꿈치 발각질 갈라짐 발보습제 (정가 24,000원)",바디케어,풋크림/케어,,,리르,9900,beauty
94898783,(1+ 1)푸드어홀릭 풋 데오드란트 스프레이 300ml,바디케어,풋크림/케어,,,푸드어홀릭,8800,beauty
1039435770,아이깨끗해 핸드워시 490mlx2개+450ml 리필x2개 (옵션선택),바디케어,핸드크림/케어,,,아이깨끗해,17900,beauty
1126546915,아이깨끗해x포차코 대용량 핸드워시 4.5L x 1개 + 490ml 포차코공용기 x 1개,바디케어,핸드크림/케어,,,아이깨끗해,23900,beauty
1133083516,프로쉬 독일 핸드워시 본품 300ml 3개+리필 500ml 1개,바디케어,핸드크림/케어,,,프로쉬,28980,beauty
1100267534,[카밀] 핸드크림 보너스팩 3종 택 2,바디케어,핸드크림/케어,,,카밀,7800,beauty
1102822797,[26년 추석 선물세트] K자개 핸드케어세트,바디케어,핸드크림/케어,,,온더바디,13610,beauty
1038689246,모나코올리브 피지압출기 블랙헤드 핀셋 1P+1P+1P (3종세트),미용소품,기타소품,,,모나코올리브,6900,beauty
1128266314,[에이치플러스몰]마사지볼 1구 엉덩이 종아리 허벅지 다리 근육 셀프 맛사지,미용소품,기타소품,,,에이치플러스몰,6150,beauty
1136458898,퍼프케이스 휴대용 퍼프 케이스 메이크업 쿠션 보관 홀더,미용소품,기타소품,,,기타브랜드,1860,beauty
1128446988,[에이치플러스몰]KC인증 인조 속눈썹 셀프 120pcs 속눈썹세트 아이 메이크업 10~12mm,미용소품,기타소품,,,에이치플러스몰,8680,beauty
1134647811,노트북 맥북 컴팩트 휴대용 거울 미니 사각 손 거울 접이식 거울 미러 데스크테리어,미용소품,손거울,,,기타브랜드,4490,beauty
1004685010,[박씨상방] 나전 손거울 중N /디자인선택,미용소품,손거울,,,박씨상방,10000,beauty
1121585594,여행용공병 거울내장 3구 섀도우 팔레트 공팔레트 케이스 공용기,미용소품,화장품/향수공병,,,기타브랜드,3150,beauty
1046435267,고급형 유리 향수 공병 화장품 소분 미스트,미용소품,화장품/향수공병,,,SELLERHUBSHOP,1200,beauty
1055980376,상세정보참조 화이트캡 스프레이 투명 250ml 플라스틱 용기 소분병 공병 여행 상세정보참조,미용소품,화장품/향수공병,,,강군샵,400,beauty
1056457632,상세정보참조 블랙캡 스프레이 투명 50ml 플라스틱 공병 소분병,미용소품,화장품/향수공병,,,강군샵,180,beauty
1104173858,[홀리카홀리카] 마이페이브 멀티 팔레트 케이스 3구,미용소품,화장품/향수공병,,,홀리카홀리카,4500,beauty
1098929403,"랩클 [1 +1]현대약품 대용량 에어 펜스 선스틱 22g (정가 42,000원)",선케어,선스틱,,,랩클,34900,beauty
1136422621,특가] 가히 캐비아 선스틱 한정 패키지 (선스틱2+세럼2+키링1),선케어,선스틱,,,KAHI,39900,beauty
91998090,[김정문알로에] 큐어 에어라이트 선스틱 20g 2개,선케어,선스틱,,,김정문알로에,23660,beauty
1049559762,"마녀공장 [임박특가] 히알루론 하이드레이팅 선스틱 18g x2 (사용기한 2027.04.07까지) [정가 52,000원]",선케어,선스틱,,,마녀공장,12500,beauty
1029603326,"[정가 50,000원] 1 + 1 메디플라워 퍼펙트 에어리 유브이 선스틱 23gx2",선케어,선스틱,,,메디플라워,16900,beauty
1040513028,SPP 무광 투명썬패치 20매입(10회분) 메디선패치 실리콘 UV자외선차단 골프패치 눈밑 기미 얼굴햇빛가리개 마스크팩,선케어,선패치/선스프레이,,,패트치,16000,beauty
1111784338,AHC [6%추가쿠폰]  [잡티/톤/기미커버 선쿠션] 메이크업핏 마스터즈 틴티드 메쉬 선쿠션 15g (쿨베이지/내추럴베이지),선케어,선쿠션/팩트,,,AHC,13520,beauty
1121830376,[GS단독][빅] 엘로엘 파데프리 플러스 옐로우 빅 선쿠션 25g 본품2개+리필2개+미니선쿠션+퍼프2매 증정,선케어,선쿠션/팩트,,,엘로엘,66510,beauty
1059604028,[쇼핑백증정][에이지투웨니스]AGE20S 글로우핏 톤업 선팩트 X 2개 (SPF50+ PA++++),선케어,선쿠션/팩트,,,에이지투웨니스,34900,beauty
1115749170,[GS단독][기본] 엘로엘 파데프리 플러스 옐로우 선쿠션 본품2개+리필2개+미니선쿠션,선케어,선쿠션/팩트,,,엘로엘,59310,beauty
1128338741,"입큰 12.5 퍼퓸 파우더 선 팩트 SPF50+ PA+++ (정가 36,000원)",선케어,선쿠션/팩트,,,입큰,16900,beauty
1128644587,뷰 자작나무 워터풀 선크림 50ml 2개 체험특가,선케어,선크림/선로션,,,뷰,14900,beauty
1120723268,뷰 진주알 글로우 톤업 선크림 50ml 2개 체험특가,선케어,선크림/선로션,,,뷰,14900,beauty
1135257801,[아사장PICK] 아이다 글루타치온 토닝 글로우 비비 선 30ml 2개,선케어,선크림/선로션,,,아이다,67500,beauty
1030757912,"아미니 [단하루,3개]수분 콜라겐 선크림 50ml 2개+본품1 증정 체험특가",선케어,선크림/선로션,,,아미니,9900,beauty
1117415922,뷰 진주알 글로우 톤업 선크림 50ml 1개 체험특가,선케어,선크림/선로션,,,뷰,8900,beauty
1029169137,"마녀공장 비피다 바이옴 안티에이징 앰플 로션 300ml x2 [정가 50,000원]",스킨케어,로션,,,마녀공장,15000,beauty
1026586525,"마녀공장 갈락토미 모이스처 로션 100ml x2 (+갈락마스크2매) (2027.07.21까지) [정가 40,000원]",스킨케어,로션,,,마녀공장,11600,beauty
1006868983,"[김정문알로에] 큐어 피토그린 에멀젼130ml  2개 (정가 90,000원)",스킨케어,로션,,,김정문알로에,23660,beauty
61922326,"김정문알로에 큐어 하이드라 수딩 에멀젼 130ml (정가 45,000원)",스킨케어,로션,,,김정문알로에,12900,beauty
1076485458,참존 탑클래스 7세대 리프팅 기초 2종(스킨120ml+에멀전120ml),스킨케어,로션,,,참존,17500,beauty
1101101018,"시초 [GS1위/체험특가]PDRN 히알루론산 크림 미스트 100ml (정가 28,000원)",스킨케어,미스트/페이스오일,,,시초,9900,beauty
1130177478,[26AD/보습결광] 구달 피오니 단백질 에센스 미스트 50ml(+증정 구달 라이스마스크 1매),스킨케어,미스트/페이스오일,,,구달,12250,beauty
1103044629,[쇼핑백증정] 오키뷰티 [3개] 흑진주 흑효모 미스트 80ml,스킨케어,미스트/페이스오일,,,오키뷰티,61000,beauty
1104691333,"시초[GS단독] PDRN 히알루론산 크림 미스트 100ml 듀오 세트(정가 56,000원)+진정 크림 10ml 증정",스킨케어,미스트/페이스오일,,,시초,17900,beauty
1103044666,"[쇼핑백증정] 오키뷰티 [6개] 흑진주 흑효모 미스트 80ml [정가 228,000원]",스킨케어,미스트/페이스오일,,,오키뷰티,105000,beauty
1133799951,아이소이 포어 타이트닝 토닉 에센스(모공토닉) 90ml,스킨케어,스킨/토너,,,아이소이,32000,beauty
1136427267,아브카 [체험특가] 티트리 수분 진정 대용량 토너 1000ml,스킨케어,스킨/토너,,,아브카,9900,beauty
1078861577,아브카 [체험특가] 히알루론산 대용량 토너 1000ml,스킨케어,스킨/토너,,,아브카,9900,beauty
1135804746,아이소이 블레미쉬 케어 업 세럼(잡티세럼) 20ml 트리플 + 미간패치 한정기획/사용기한2027-04-24,스킨케어,스킨/토너,,,아이소이,54000,beauty
68563213,"[김정문알로에] 큐어 알로에 워터 젤리 토너 대용량 500ml (정가 32,000원)",스킨케어,스킨/토너,,,김정문알로에,15900,beauty
1082482702,[추가쿠폰7%][시슬리 라이브]에뮐씨옹 에꼴로지끄 에센스 로션 125ml 기획세트,스킨케어,스킨케어세트,,,시슬리,378000,beauty
1036489336,[오휘] [GS단독]미라클 모이스처 2종 베이직 기획세트,스킨케어,스킨케어세트,,,오휘,54000,beauty
1134651321,"[수려한][쿠폰가 60,870원] 화윤기초 더블 세트 + 안티크림2종 + 쇼핑백2",스킨케어,스킨케어세트,,,수려한,65450,beauty
1134520929,[추석 기프트] 아이오페 슈퍼바이탈 2종 세트,스킨케어,스킨케어세트,,,아이오페,97300,beauty
1117923566,"뷰 스타트 패키지 클렌징,세럼,에센스 중용량(50ml) 3종 체험특가",스킨케어,스킨케어세트,,,뷰,13900,beauty
1073222225,AHC [6%추가쿠폰]  텐레볼루션 아이크림 35ml 3개+(증정)아이크림 7ml 3개+버터 쇼핑백,스킨케어,아이케어/넥케어,,,AHC,19470,beauty
1105254201,AHC 2026 최신상 풀리프트 아이크림 아이크림만 구성,스킨케어,아이케어/넥케어,,,AHC,89000,beauty
1135005766,[AHC]  풀 리프트 아이크림 포 페이스 40ML 시즌 14 4개 + 12ML 2개,스킨케어,아이케어/넥케어,,,수려한,35700,beauty
1103044569,"[GS단독] 유세린 하이알루론 3X 아이크림 15ml 2개 (증)미스트 50ml+일루미네이팅 세럼 7ml [정가 106,000원]",스킨케어,아이케어/넥케어,,,유세린,76360,beauty
1134746619,[에이에이치씨]AHC 아이크림 시즌14 풀리프트 40ml 8개+12ml 3개+밀도세럼 2개,스킨케어,아이케어/넥케어,,,AHC,87900,beauty
1135719861,[최초공개] 라비앙 DNA에센스 매니아 패키지 9월 단한번,스킨케어,에센스/세럼/앰플,,,라비앙,199000,beauty
1096399854,이지듀 EGF 아이크림 30ml*2개 무료배송 선착순 체험특가 90% OFF 유통기한 28.03 까지,스킨케어,에센스/세럼/앰플,,,이지듀,9900,beauty
1059856091,[체험특가] 웰라쥬 히알루론산 블루 100앰플 30ml / 무료배송,스킨케어,에센스/세럼/앰플,,,웰라쥬,19900,beauty
16052422,아이소이 로즈PDRN 브라이트닝 세럼(NEW잡티세럼) 15ml,스킨케어,에센스/세럼/앰플,,,아이소이,28000,beauty
1118407031,뷰 유자 멜라토닝 세럼 30ml 2개 체험특가,스킨케어,에센스/세럼/앰플,,,뷰,14900,beauty
1081403460,[특가] 동화약품 후시다인 후시드 바이옴 탄력 영양 크림 50ml,스킨케어,크림,,,동화약품,78000,beauty
1088835047,아브카 [체험특가] 히알루론산 고수분 크림 200ml,스킨케어,크림,,,아브카,8900,beauty
1087550491,[초특가]아로마티카 최고가라인 프랑킨센스 유스 리뉴얼 크림,스킨케어,크림,,,아로마티카,9900,beauty
1111945917,최신상 하퍼스바자 멜라토닝 글로우크림 기본구성 (리뷰시 립 1종),스킨케어,크림,,,하퍼스바자,109000,beauty
1134328712,[임박특가]웰라쥬 웰라쥬 리얼 히알루로닉 100 크림 50ml(27년4월까지사용),스킨케어,크림,,,웰라쥬,24000,beauty
30155667,바비온 SBC-650 티타늄 이발기 남자바리깡,이미용기기,기타이미용기기,,,바비온,39900,beauty
1095354251,오아 듀얼 히팅 뷰러 속눈썹 고데기 온열 휴대용 USB 눈썹 마스카라 펌 고대기,이미용기기,기타이미용기기,,,OA,27900,beauty
1104587943,리파 하트브러쉬 ReFa 더블패키지 (7 colors) 7개 색상 중 택 1색상 *2개,이미용기기,기타이미용기기,,,리파,59600,beauty
36289037,3D페이스롤러 마사지기 바디마사지 경락 얼굴 리프팅,이미용기기,기타이미용기기,,,기타브랜드,4900,beauty
1079961436,대우 이발기 DES-KP3016 티타늄 세라믹 칼날 6단 조절 4종빗살캡,이미용기기,기타이미용기기,,,대우어플라이언스,22500,beauty
1034276927,홈쇼핑 전동눈썹정리기1세트 솜털정리기 눈썹다듬기,이미용기기,눈썹관리기,,,아이미,29800,beauty
1126188787,전동 눈썹정리기 AD-S806 위아 잔털 솜털정,이미용기기,눈썹관리기,,,SELLERHUBSHOP,30100,beauty
1129877306,오아 모근제거기 가정용 제모기 셀프 제모 왁싱 남성 여성 브라질리언 음모 Y존 다리털 겨드랑이 발각질제거기,이미용기기,눈썹관리기,,,OA,42900,beauty
1055079795,전동 눈썹제모기 솜털 여성 미용 자동 눈썹 면도기  트리머,이미용기기,눈썹관리기,,,미르커머스,7900,beauty
1119959538,약손명가 골기 바디 스톤,이미용기기,바디기기,,,약손명가 헬스케어,62500,beauty
1130982027,셀룰라이너 지방 분해 오토 롤러 종아리 허벅지 마사지기,이미용기기,바디기기,,,커브28,89900,beauty
1101331629,PHILIPS 필립스 i9000 시리즈 프레스티지 전기면도기 XP9203/32 골드 오이스터,이미용기기,전기면도기,,,필립스,357000,beauty
1101090328,PHILIPS 필립스 SkinIQ 5000 시리즈 전기면도기 버건디 레드 S5881/12,이미용기기,전기면도기,,,필립스,129000,beauty
1101331425,PHILIPS 필립스 SkinIQ 5000 시리즈 전기면도기 일렉트릭 블루 S5889/71,이미용기기,전기면도기,,,필립스,172000,beauty
1101331453,PHILIPS 필립스 SkinIQ 7000 시리즈 전기면도기 다크 크롬 S7887/72,이미용기기,전기면도기,,,필립스,219000,beauty
1055490908,필립스 전기면도기 S5885/28/5000시리즈 정품/습식건식,이미용기기,전기면도기,,,필립스,135000,beauty
1101333607,PHILIPS 필립스 코털제거기 NT3650/16,이미용기기,코털제거기,,,필립스,23900,beauty
1043341755,인사이디 코털 제거기 INT-25,이미용기기,코털제거기,,,인사이디,9900,beauty
1000236050,필립스 노즈트리머 코털제거기 NT1620/15,이미용기기,코털제거기,,,필립스,19000,beauty
1040908634,이중 면도날 안전 코털제거기 3개입,이미용기기,코털제거기,,,SELLERHUBSHOP,3300,beauty
1021862286,둥근 코털 가위 콧털 눈썹 정리 제거 깍기 DD-11719,이미용기기,코털제거기,,,SELLERHUBSHOP,800,beauty
1084355723,[싱글세트] 경락괄사마사지 리파 카사M1 + 가히 바운싱크림 1개(50ml),이미용기기,피부관리기,,,리파,119000,beauty
1118499569,메디큐브부스터프로X2핑크+글루타치온앰플1+PDRN세럼10ml,이미용기기,피부관리기,,,메디큐브부스터,339150,beauty
1134643231,칼로 고주파 EMS 슬림메이커 프로+딥샷 바디 부스터젤,이미용기기,피부관리기,,,칼로,198000,beauty
1025662860,[최저가도전] 펄케어 뉴소닉 홈케어 뷰티 디바이스 갈바닉 마사지기 미용기기,이미용기기,피부관리기,,,펄케어,38900,beauty
56868490,[무료배송] 폰즈 립앤아이 리무버 120ml x 2,클렌징,립앤아이리무버,,,폰즈,12920,beauty
1063193770,[스킨푸드] 밀크 쉐이크 포인트 메이크업 리무버 2개,클렌징,립앤아이리무버,,,스킨푸드,10400,beauty
1099563865,"아리얼 스트레스 릴리빙 미셀라 립앤아이 리무버_300ml [정가 22,000원]",클렌징,립앤아이리무버,,,아리얼,9000,beauty
1099563856,아리얼 스트레스 릴리빙 퓨어풀 립앤아이 리무버 패드 30매,클렌징,립앤아이리무버,,,아리얼,2840,beauty
99054799,(4개)비러브 립앤아이 메이크업 리무버 110ml,클렌징,립앤아이리무버,,,베로베,9800,beauty
1011063610,"마녀공장 갈락토미 엔자임 기미 미백 필링젤 75ml x2개 [정가 24,000원]",클렌징,필링/스크럽,,,마녀공장,7200,beauty
1106961541,더마올로지 [피부각질 135% 개선] 1 +1 저자극 필링젤 150ml 각질제거제 얼굴 스크럽 각질케어 남자 여자,클렌징,필링/스크럽,,,더마올로지,9900,beauty
1106961547,더마올로지 [피부각질 135% 개선] 2+1 저자극 필링젤 150ml 각질제거제 얼굴 스크럽 각질케어,클렌징,필링/스크럽,,,더마올로지,14900,beauty
1025736275,"마녀공장 퓨어 아쿠아 필링 젤 120ml x2 [정가 24,000원]",클렌징,필링/스크럽,,,마녀공장,8400,beauty
18234545,[스킨푸드] 블랙슈가 스크럽 2엑스+증정 블랙슈가 마스크 20g,클렌징,필링/스크럽,,,스킨푸드,10500,beauty
1039709195,아브카 [체험특가] 블랙헤드 딥 클렌징 오일 PHA 300ml,클렌징,클렌징밤/오일,,,아브카,11900,beauty
93900220,"마녀공장 [2,200만개 판매] 퓨어 소이빈 클렌징 오일 200ml x2 [정가 50,000원]",클렌징,클렌징밤/오일,,,마녀공장,26800,beauty
1102471127,아브카 [1+ 1] 퓨어 앤 딥 클렌징 오일 PHA 300ml,클렌징,클렌징밤/오일,,,아브카,18900,beauty
1132498785,"마녀공장 퓨어 클렌징 오일200ml+리필200ml+캡슐형2ml*3 (2027.06.08까지) [정가 37,000원]",클렌징,클렌징밤/오일,,,마녀공장,22200,beauty
1131612325,"풀리 포어 펩타이드 피지 멜팅 크림 투 오일 50ml / 블랙헤드, 화이트헤드 관리",클렌징,클렌징밤/오일,,,풀리,16900,beauty
1049035056,"[바이오더마] 민감진정 클렌징워터/ 센시비오 H2O 500ml x2 (정가 54,000원)",클렌징,클렌징워터/티슈,,,바이오더마,37800,beauty
26099414,[메디플라워] 그래놀라 페이셜 딥 클렌징 티슈 100매x3,클렌징,클렌징워터/티슈,,,메디플라워,12500,beauty
1049035000,"[바이오더마] 수분충전 클렌징워터/ 하이드라비오 H2O 500ml x2 (정가 54,000원)",클렌징,클렌징워터/티슈,,,바이오더마,37800,beauty
54089124,"미샤 [1+ 1][정가24,000원]수퍼 아쿠아 울트라 히알론 클렌징 오일 티슈 70매",클렌징,클렌징워터/티슈,,,미샤,9600,beauty
1099107159,"아리얼 스트레스 릴리빙 퓨어풀 클렌징 티슈 80매_2개입 [정가 17,800원]",클렌징,클렌징워터/티슈,,,아리얼,8000,beauty
1135208041,"마녀공장 [런칭단하루/단독최저가]아줄렌 히알루로닉2 엑스 세럼 오일 클렌저 200ml (정가 28,000원/클렌징오일)",클렌징,클렌징크림/젤/로션,,,마녀공장,22400,beauty
1135391153,"마녀공장 [48%OFF/런칭특가]아줄렌 히알루로닉2 엑스 수딩 젤리 클렌저 120ml x3 (+젤리클렌저 10ml) [정가 69,000원]",클렌징,클렌징크림/젤/로션,,,마녀공장,35900,beauty
1117406879,뷰 밀크 모이스처 클렌저 150ml 1개 구성 체험특가,클렌징,클렌징크림/젤/로션,,,뷰,9900,beauty
1133793699,[아사장PICK] 판테놀 카밍 클렌징 밀크 150mL 2개,클렌징,클렌징크림/젤/로션,,,아이다,53900,beauty
1030495801,"마녀공장 비피다 안티에이징 앰플 약산성 젤 폼 400ml x2 [정가 46,000원]",클렌징,클렌징크림/젤/로션,,,마녀공장,13800,beauty
1128640129,아우페 1+ 1 대용량 토마토 폼클렌징 500ml 저자극 세안제 약알칼리 겔타임 폼클렌저,클렌징,클렌징폼/비누/파우더,,,아우페,16900,beauty
1128022212,"먼프리 어성초 모공 클렌징 비누 125g 4개입+증정 엑소좀 샴푸 59ml [정가36,900원/블랙차콜 모공 축소 미백 미용 비누 티트리 포레스트향]",클렌징,클렌징폼/비누/파우더,,,먼프리,10900,beauty
1062225506,살림백서 소프트 모이스처 세수 비누 100g 10개입 올인원 클렌징 뷰티바,클렌징,클렌징폼/비누/파우더,,,살림백서,14900,beauty
1082525519,"뱅네프생토노레 [GS1위/선물추천] 사봉 파퓨메 로얄 1779 8개입 1세트+쇼핑백 (정가 99,000원)",클렌징,클렌징폼/비누/파우더,,,뱅네프생토노레,26900,beauty
1120629153,뷰 밀크 모이스처 클렌저 150ml 2개 구성 체험특가,클렌징,클렌징폼/비누/파우더,,,뷰,14900,beauty
1072271429,[러쉬]프레쉬 애즈 11g - 솔리드 퍼퓸/고체 향수,향수,고체/기타향수,,,러쉬,30000,beauty
95641924,고체향수스틱향수 남자향수 비누향 페로몬향수 머스크,향수,고체/기타향수,,,SELLERHUBSHOP,21000,beauty
1036875866,프리티스킨 바르는 고체향수 퍼퓸 35ml 3종 택 1,향수,고체/기타향수,,,프리티스킨,15900,beauty
29701683,[러쉬]더티 11g - 솔리드 퍼퓸/고체 향수,향수,고체/기타향수,,,러쉬,30000,beauty
59745558,[러쉬]바닐라리 11g - 솔리드 퍼퓸/고체 향수,향수,고체/기타향수,,,러쉬,30000,beauty
1033545849,조말론 블랙베리 앤 베이 오드코롱 100ml 무료선물포장,향수,남녀공용향수,,,조말론,147500,beauty
1056613185,페라가모 인칸토 참 EDT 100ml + 향수 공병 [선물포장가능],향수,남녀공용향수,,,페라가모,37900,beauty
63083961,조말론 잉글리쉬 페어 앤프리지아 EDC 100ML,향수,남녀공용향수,,,조말론,151500,beauty
1056165757,조말론 잉글리쉬 페어 앤 프리지아 코롱 30ml[쇼핑백 증정],향수,남녀공용향수,,,조말론,76900,beauty
1060038010,메종마르지엘라 레플리카 스프링타임 인 어 파크 EDT 100ml,향수,남녀공용향수,,,불가리,135000,beauty
35640567,버버리 위크앤드 포 맨 EDT 100ml,향수,남성향수,,,버버리,38510,beauty
1056183070,존 바바토스 아티산 EDT 125ml + 향수샘플(랜덤)[선물포장가능],향수,남성향수,,,존바바토스,50500,beauty
1100814747,[공식수입] 존 바바토스 아티산 포레스트 EDP 125ML (바이얼 증정),향수,남성향수,,,존바바토스,68450,beauty
38060932,베르가모 옴므 블루 향수 EDT 40ml,향수,남성향수,,,베르가모,6300,beauty
1087515199,랄프로렌 폴로 스포츠 EDT 125ml + 향수공병 [선물포장가능],향수,남성향수,,,랄프로렌,45900,beauty
65670284,"[소비자가 157,000원/ 공식수입원] 롤리타 렘피카 EDP 50ML",향수,여성향수,,,롤리타 렘피카,39800,beauty
1063766685,[공식수입] 롤리타렘피카 EDP 100ml 2개,향수,여성향수,,,롤리타 렘피카,109000,beauty
1031590475,[공식수입/GS향수1위] 롤리타렘피카 EDP 100ml,향수,여성향수,,,롤리타 렘피카,56000,beauty
34240720,랑방 에끌라 드 아르페쥬 EDP 100ml,향수,여성향수,,,랑방,48170,beauty
1096258876,"[미미로린스] 모먼트 래디언스 퍼퓸 48ml 4종 중 택1 [정가34,000원]",향수,여성향수,,,미미로린스,9900,beauty
1077366359,센티베르 [정수리냄새 64% 개선] 1 +1 바질 앤 캐모마일 샴푸 1L 대용량 약산성 두피 미용실 향기좋은,헤어케어,샴푸/린스,,,센티베르,15700,beauty
1070942460,지아자 [3개] BEST 산양유 단백질 샴푸/바디워시 (영양 케어),헤어케어,샴푸/린스,,,지아자,14900,beauty
1118636879,[GS단독] 정직한실험실 두피 항산화 말차 그린 샴푸 500ml*2개,헤어케어,샴푸/린스,,,정직한실험실,14910,beauty
1107351784,"마이녹셀 [총2L/GS1위]현대약품 독일산 맥주효모 로즈PDRN 탈모샴푸 대용량 1000ml 2개 (정가 100,000원)",헤어케어,샴푸/린스,,,마이녹셀,34900,beauty
1057368708,[초특가]모다모다 제로그레이 블랙10 갈변샴푸 300g 3통+선물쇼핑백+10일샤쉐+헤어타투브러쉬(블랙) 2매,헤어케어,샴푸/린스,,,모다모다,62180,beauty
1122335286,순수 NEW 더클래식 염색약 6박스+샴푸 300ml 1통(컬러선택가능),헤어케어,염색약/파마약,,,순수,69900,beauty
98273863,[9/21 5%더블쿠폰] 리엔 흑모비책 골드 염모제 4종*4개 택1 염색약,헤어케어,염색약/파마약,,,리엔,15950,beauty
1074061571,라라츄 시즌3 헤어쿠션 퍼펙트 세트(본품+리필),헤어케어,염색약/파마약,,,라라츄,34900,beauty
1122570276,순수 NEW 더클래식 염색약 11박스 최대용량 (컬러선택가능),헤어케어,염색약/파마약,,,순수,89900,beauty
1074061561,라라츄 시즌3 헤어쿠션 퍼펙트 본품,헤어케어,염색약/파마약,,,라라츄,23900,beauty
1101165808,[GS단독] 정직한실험실 무화과 영양 헤어팩 300ml 대용량 손상모영양팩,헤어케어,트리트먼트/헤어팩,,,정직한실험실,9600,beauty
1102959574,[GS단독] 정직한실험실 무화과 고영양 헤어팩 300mlX2개 대용량 손상모용,헤어케어,트리트먼트/헤어팩,,,정직한실험실,18000,beauty
1089857132,[초특가] 헤드스파7 안티에이징 대용량 트리트먼트 310mlx8,헤어케어,트리트먼트/헤어팩,,,헤드스파7,84900,beauty
1068130193,헤드스파7 안티에이징 캡슐트리트먼트 특대용량 310ml 4개 1세트,헤어케어,트리트먼트/헤어팩,,,헤드스파7,44900,beauty
1097175166,"닥터트웬티프로젝트 [1 + 1/후기1만개]스칼프덤 리프레싱 단백질 트리트먼트 200ml (정가83,600원)",헤어케어,트리트먼트/헤어팩,,,닥터트웬티프로젝트,19980,beauty
1121216337,재클린스타일 퍼펙트볼륨 헤어스프레이 170ml,헤어케어,헤어왁스/젤/스프레이,,,재클린스타일,12730,beauty
1121216331,재클린스타일 퍼펙트볼륨 헤어스프레이 미니 3종세트 70ml 3개,헤어케어,헤어왁스/젤/스프레이,,,재클린스타일,13900,beauty
1066230626,헤드스파7 블루밍매직 볼륨 스타일러 기본세트 (160mlx3+60mlx1),헤어케어,헤어왁스/젤/스프레이,,,헤드스파7,69000,beauty
1059102011,헤드스파7 블루밍매직 스타일러 기본세트,헤어케어,헤어왁스/젤/스프레이,,,헤드스파7,69000,beauty
59142480,박준뷰티랩 익스트림 샤이니 하드 헤어 왁스 120g,헤어케어,헤어왁스/젤/스프레이,,,박준뷰티랩,10900,beauty
1114743314,[체험/1+ 1] 아우페 단백질 컬링 헤어에센스 150ml 맥주효모 컬크림 펌 미융실 파마 헤어 오일,헤어케어,헤어에센스/미스트,,,아우페,10900,beauty
22266791,"미쟝센 컬링에센스 2X 150ml(내추럴,볼륨) 3입 (+추가증정)",헤어케어,헤어에센스/미스트,,,미쟝센,17900,beauty
1133352416,실크테라피 [빠른배송] 퍼펙트 150*3개+ 60ml*1개+모이스쳐 에센스 15ml*2개,헤어케어,헤어에센스/미스트,,,실크테라피,45900,beauty
1107814621,"쏘헤어 [정가 160,000원/오렌지에디션] 모로코 아르간오일 리파인드 더블케어 헤어에센스 100ml 5개",헤어케어,헤어에센스/미스트,,,쏘헤어,149000,beauty
1132768092,[GS단독/신상] 정직한실험실 볼륨쎄라 스타일링 컬크림 150ml,헤어케어,헤어에센스/미스트,,,정직한실험실,9900,beauty
1129385622,TS골드플러스 헤어케어세트 1박스(골드플러스TS샴푸500g*2개+프리미엄TS샴푸100g*1개+프리미엄TS트리트먼트200g*1개+마사지기1개),헤어케어,헤어케어세트,,,티에스,33160,beauty
1070589622,[26년 추석 선물세트] 닥터그루트 품격과사랑 헤어세트,헤어케어,헤어케어세트,,,온더바디,39780,beauty
1100291685,아브카 [2+ 1] 맥주효모 샴푸+트리트먼트 탈모완화 세트,헤어케어,헤어케어세트,,,아브카,29900,beauty
19586013,[GS단독특가] 모링가 기프트세트B (리페어링 샴푸 1000g x2 +트리트먼트 1000g),헤어케어,헤어케어세트,,,바론,39900,beauty
1102822519,[26년 추석 선물세트] 닥터그루트 VIP헤어세트,헤어케어,헤어케어세트,,,닥터그루트,69300,beauty
36368525,[입소문템] l+l 로에랑스 퍼퓸 대용량 바디미스트 샤워코롱 250ml,바디케어,바디보습,바디미스트,,로에랑스,14900,beauty
1128440161,[로에랑스] I+I 블리스 마이 바디 퍼퓸 미스트 250ml /퓨리애프터 /에어리블룸 /마이로즈,바디케어,바디보습,바디미스트,,로에랑스,13900,beauty
1033380305,[입소문템] 2+2 로에랑스 퍼퓸 대용량 바디미스트/샤워코롱 250ml,바디케어,바디보습,바디미스트,,로에랑스,27900,beauty
1133194283,마미케어 [1+ 1] 애사비 바디 미스트 200ml (+바디워시 5회 체험분 증정),바디케어,바디보습,바디미스트,,마미케어,42900,beauty
1133194279,"마미케어 NEW 애사비 형광등 바디 미스트 200ml [정가 49,000원]",바디케어,바디보습,바디미스트,,마미케어,21900,beauty
1131350852,수용성 롱타임 마사지젤 105ml,바디케어,바디보습,슬리밍/마사지,,기타브랜드,5150,beauty
90441134,[러쉬]오렌지 330g - 보디 스크럽,바디케어,바디보습,슬리밍/마사지,,러쉬,35000,beauty
1130310574,[GS단독] 정직한실험실 무화과 스크럽워시 500ml 2개+바디로션 500ml 1개,바디케어,바디워시/입욕제,바디스크럽,,정직한실험실,22800,beauty
1125342308,지오마 바디스크럽 600g 2개 세트(7종택2),바디케어,바디워시/입욕제,바디스크럽,,지오마,30900,beauty
1035948063,플루 [250g 추가증정] 오리지널 바디스크럽 200g x5,바디케어,바디워시/입욕제,바디스크럽,,플루,36000,beauty
1128022201,"먼프리 [62%OFF/1 +1]식물유래 오일&슈가 대용량 바디스크럽 베르가못 포레스트 향 519g [정가41,900원]",바디케어,바디워시/입욕제,바디스크럽,,먼프리,15900,beauty
1136352411,예화담 비단살결 때필링 더블세트,바디케어,바디워시/입욕제,바디스크럽,,라끄베르,20000,beauty
1124316480,메르헨트 [GS단독] 1 +1 퍼퓸 대용량 바디워시 1L 자몽향(그레이프 프룻) 약산성 향기좋은 바디클렌져 바디샤워,바디케어,바디워시/입욕제,바디워시,,메르헨트,13900,beauty
26241206,[무료배송] 도브 바디워시 1L x 2개 (향 선택)+증정,바디케어,바디워시/입욕제,바디워시,,도브,13970,beauty
1063063660,[9/21 5%더블쿠폰] [BEST특가]온더바디 데일리퍼퓸바디워시 1100ml x2개 3종 택1,바디케어,바디워시/입욕제,바디워시,,엘라스틴,12900,beauty
1122230405,[빠른배송]온더바디 발을씻자 대용량 풋샴푸 용기형 510ml*2개+리필형 500ml*2개 (레몬/자몽),바디케어,바디워시/입욕제,바디워시,,온더바디,21500,beauty
1090258126,[대용량 로션 증정]세타필 젠틀 바디워시 리프레싱 (산뜻한향) 1L 2개+젤클렌저 29ml 3개+로션 50ml 2개,바디케어,바디워시/입욕제,바디워시,,세타필,29610,beauty
54750180,"[무료배송] 도브 대용량 비누 135g x 10개 (뷰티바,센서티브바,핑크바)",바디케어,바디워시/입욕제,비누,,도브,16060,beauty
1057788280,무궁화 때비누 4종 혼합(오곡3개+허니3개+참숯3개+노니3개) 총 12개 특가,바디케어,바디워시/입욕제,비누,,무궁화,12900,beauty
1001695630,[무료배송] 도브 비누 대용량 135g x 20개,바디케어,바디워시/입욕제,비누,,도브,28980,beauty
1046401974,[9/21 5%더블쿠폰] [다다익선] 비누 5900원 균일가,바디케어,바디워시/입욕제,비누,,온더바디,5900,beauty
1051932600,"뱅네프생토노레 [선물추천/77%OFF]향수비누 대형 (135g 8개입) 1박스+쇼핑백 (정가 99,000원/사봉파퓨메 1779)",바디케어,바디워시/입욕제,비누,,엘렌실라,22900,beauty
1107872611,라라무브 100% 쑥 천연 입욕제 족욕제 반신욕,바디케어,바디워시/입욕제,입욕제,,라라무브,18910,beauty
1014673481,바스참 요르단 사해소금 1kg입욕제,바디케어,바디워시/입욕제,입욕제,,바스참,9900,beauty
90967894,바스참 바스로망 온천시리즈 반신욕 족욕 온천입욕제,바디케어,바디워시/입욕제,입욕제,,바스참,13500,beauty
1056253451,[테소리도리엔테] 배쓰크림 (바디워시) 함맘 500ml + 펌프증정,바디케어,바디워시/입욕제,입욕제,,테소리도리엔테,21900,beauty
29701511,[러쉬]체리드웬즈 콜드론 80g - 배쓰 오일/입욕제,바디케어,바디워시/입욕제,입욕제,,러쉬,18000,beauty
1053246470,생활만렙[체험특가]질레트 호환용 면도기+신형 프로글라이드 면도날 3개,미용소품,면도소품,면도기/날,,생활만렙,18900,beauty
1103662126,니베아 맨 센서티브 쉐이빙 폼 250ml 2개,미용소품,면도소품,면도기/날,,니베아,12500,beauty
1103662091,니베아 맨 프레시 킥 쉐이빙 젤 200ml 3개,미용소품,면도소품,면도기/날,,니베아,15980,beauty
1109754641,[본사] 필립스 쉐이브앤고  S5466/17 면도기 + 코털제거기 + 휴대용면도기,미용소품,면도소품,면도기/날,,필립스,125000,beauty
1054677927,생활만렙 [체험특가] 일회용 면도기 3중날 60개 세트,미용소품,면도소품,면도기/날,,생활만렙,19900,beauty
1056606232,질레트 센서티브 퓨어스포츠 쉐이빙젤 170g 2개,미용소품,면도소품,면도크림,,질레트,14200,beauty
1056606294,질레트 스킨텍 저자극 쉐이빙폼 245g 2개,미용소품,면도소품,면도크림,,질레트,16000,beauty
1059611366,질레트 퓨전 하이드라젤 센서티브 스킨 쉐이빙젤 195g 2개,미용소품,면도소품,면도크림,,질레트,17400,beauty
1104581069,도루코 쉐이빙폼 휴대용 면도크림 면도폼 비누 74ml,미용소품,면도소품,면도크림,,기타브랜드,3280,beauty
68063438,"페이스팩토리 [체험특가]배러래쉬 더블콜라겐 어성초82% 속눈썹 영양제 9ml [정가 38,900원]",미용소품,아이소품,속눈썹/쌍꺼풀,,FACE FACTORY,9900,beauty
1072385498,"리르 [1+ 1] 속눈썹 아이래쉬 블랙 세럼 [정가 40,000원] - 블랙 속눈썹 영양제 마스카라 안자극테스트완료",미용소품,아이소품,속눈썹/쌍꺼풀,,리르,9900,beauty
1121091476,[한국 공식수입 정품] MD 래쉬 팩터 속눈썹 영양제 2.95ml 단품,미용소품,아이소품,속눈썹/쌍꺼풀,,MD,189000,beauty
1051646551,2주개선 속눈썹 단백질 세럼 눈시림 없는 PH 고농축 영양제 단백질 영양 앰플/비건/저자극 속눈썹영양제 눈썹에센스 세럼,미용소품,아이소품,속눈썹/쌍꺼풀,,써니팝,18910,beauty
97934562,[본사공식] 리르 속눈썹영양제 투명마스카라 룩스 아이래쉬 에센스 골드,미용소품,아이소품,속눈썹/쌍꺼풀,,리르,6900,beauty
50291970,[클린앤클리어] 오일 컨트롤 필름 60매입 x4,미용소품,페이스관리소품,기름종이,,클린앤클리어,11260,beauty
1019439854,지성 건성 세안용 우드 모공브러쉬 DD-10268,미용소품,페이스관리소품,기타페이스소품,,SELLERHUBSHOP,5400,beauty
56562595,프린시아 원형 후로킹 분첩 2P /팩트용,미용소품,페이스관리소품,기타페이스소품,,프린시아,800,beauty
1114299868,투명스프레이막이 헤어 스프레이 얼굴 보호 가림막 투명 페이스 가드,미용소품,페이스관리소품,기타페이스소품,,기타브랜드,3430,beauty
1133598105,생활공감 두꺼운 프리미엄 해면 15T 5장,미용소품,페이스관리소품,기타페이스소품,,수려한,4890,beauty
56562676,프린시아 사각 NBR 분첩 2P /스킨커버용,미용소품,페이스관리소품,기타페이스소품,,프린시아,800,beauty
1133483204,발란스핏 EMS 조각튠 괄사,미용소품,페이스관리소품,마사지도구/괄사,,발란스핏,99000,beauty
1127405712,[에이치플러스몰]고탄력 V라인 리프팅밴드 얼굴 페이스 리프팅 밴드,미용소품,페이스관리소품,마사지도구/괄사,,에이치플러스몰,5500,beauty
96654809,천연 로즈쿼츠 괄사 [바디 얼굴 승모근 림프 마사지기],미용소품,페이스관리소품,마사지도구/괄사,,갓샵,10000,beauty
1092109618,[체험특가] 엔비 3종 괄사세트 혈자리 림프 순환 셀프 마사지 브이 바디 라인 관리,미용소품,페이스관리소품,마사지도구/괄사,,엔비,9900,beauty
1121469552,[필떼28]문어 꾹꾹이 괄사 1+ 1(마블 핑크&마블 그레이),미용소품,페이스관리소품,마사지도구/괄사,,필떼28,8900,beauty
54556199,미샤 면봉 300P,미용소품,페이스관리소품,면봉,,미샤,1000,beauty
1130202240,뷰 순면 저자극 엠보싱 화장솜 400매 2개(총 800매) 체험특가,미용소품,페이스관리소품,화장솜,,뷰,11900,beauty
1123279343,뷰 순면 저자극 엠보싱 화장솜 400매 체험특가,미용소품,페이스관리소품,화장솜,,뷰,7900,beauty
1045908332,더순수한 화장솜 엠보코튼(100P)_비닐형-3개 화장솜 클렌징티슈 메이크업,미용소품,페이스관리소품,화장솜,,기타,6820,beauty
37078417,유기농 화장솜 원형 100매X3개(300매) / 순면 100%,미용소품,페이스관리소품,화장솜,,네츄럴플러스,11900,beauty
18665351,[메디플라워] 엠보싱 소프트 화장솜 300매x3,미용소품,페이스관리소품,화장솜,,메디플라워,15900,beauty
1118701259,더창 볼륨핏 위그,미용소품,헤어소품,가발/부분가발,,더창,129000,beauty
61029429,감쪽이 가발 부분 정수리 인모 여성 남성 수제 6.5x9cm,미용소품,헤어소품,가발/부분가발,,기타브랜드,87000,beauty
1108367759,감쪽이[10%적립] 인모 100 정수리 가발 패션 부분 가발 인모,미용소품,헤어소품,가발/부분가발,,감쪽이,53820,beauty
1055833572,[체험특가]브랜드엑스 감쪽같은 똥머리 인조 가발 곱창밴드,미용소품,헤어소품,가발/부분가발,,기타브랜드,5900,beauty
60295119,보나헤어 전체가발 사이드뱅 아웃컬 미디움 인모MIX,미용소품,헤어소품,가발/부분가발,,보나헤어,198800,beauty
1046275390,미용실 커트보,미용소품,헤어소품,기타헤어소품,,SELLERHUBSHOP,5300,beauty
1055502709,100P 귀 비닐커버 귀비닐 귀덮개 파마용품,미용소품,헤어소품,기타헤어소품,,SELLERHUBSHOP,3600,beauty
1134650179,NEW 다이슨 에어스무스 스타일링 브러시 (세라믹 핑크/로즈 골드),미용소품,헤어소품,헤어브러시,,다이슨,349000,beauty
1135837696,다이슨 에어스무스 스타일링 브러시,미용소품,헤어소품,헤어브러시,,다이슨,349000,beauty
1067886905,엔비 [1+ 1] 엉킴 없이 뿌리 볼륨 팡팡 헤어 드라이 빗 브러쉬,미용소품,헤어소품,헤어브러시,,엔비,6900,beauty
1095128417,엔비 [1+ 1] 역대급 개운함  딥클렌징 듀얼 샴푸 브러쉬 양면 헤어빗,미용소품,헤어소품,헤어브러시,,엔비,9900,beauty
1060488716,구디푸디 [체험특가] 1P+1P 뿌리 볼륨 브러시 두피마사지 헤어브러쉬,미용소품,헤어소품,헤어브러시,,구디푸디,5580,beauty
1097368219,"JMW 프리피 세라믹 코팅열판 무선 고데기 매직기 (정가 99,000원)",이미용기기,헤어기기,고데기/매직기,,JMW,45000,beauty
54701664,글램팜 글램시크 미니 플랫 (오리지널블랙) 여행용 미니고데기 [GP103],이미용기기,헤어기기,고데기/매직기,,글램팜,89000,beauty
1105090167,글램팜 더컬패키지 GP201미용실고데기+GP103CV핑크미니고데기+블랙파우치 3종모두 파격가,이미용기기,헤어기기,고데기/매직기,,글램팜,249000,beauty
1012520010,글램팜 글램뮤즈 터치 볼륨 (오리지널블랙) 볼륨고데기 [GP202TBK],이미용기기,헤어기기,고데기/매직기,,글램팜,260000,beauty
1105090509,글램팜 더컬패키지 GP201미용실고데기+GP103CV퍼플미니고데기+블랙파우치 3종모두 파격가,이미용기기,헤어기기,고데기/매직기,,글램팜,249000,beauty
94424022,헤어뱅 두피 관리기 케어 기기 LED,이미용기기,헤어기기,두피관리기기,,헤어뱅8,527000,beauty
1090955740,[1개+1개] 2종 천연 단목 괄사 두피 마사지 빗,이미용기기,헤어기기,두피관리기기,,홀리지,10900,beauty
17148239,박준뷰티랩 헤어캡 전기헤어캡 전기모자 미용실 클리닉 PGCP-001 블랙,이미용기기,헤어기기,두피관리기기,,박준뷰티랩,24610,beauty
1029865780,쿤달 스칼프 마사지 샴푸 브러쉬 x2개,이미용기기,헤어기기,두피관리기기,,쿤달,13410,beauty
1099998546,"JMW 스테디셀러 M5001A PLUS PRO 고성능 1700W 터보 BLDC 항공모터 드라이기 (정가 130,000원)",이미용기기,헤어기기,드라이기,,JMW,60450,beauty
1117420799,[2026 NEW] 다이슨 슈퍼소닉 트래블 헤어드라이어 (세라믹 핑크),이미용기기,헤어기기,드라이기,,다이슨,399000,beauty
1122641371,"JMW 케어부스터 가벼운 BLDC 모터 헤어 드라이기 (정가 149,000원)",이미용기기,헤어기기,드라이기,,JMW,74900,beauty
1102241987,"유닉스 에어샷 랩모션 플라즈마 스타일러 UN-W3971 (정가 249,000원)",이미용기기,헤어기기,드라이기,,유닉스,199000,beauty
1013142551,유닉스 에어브러쉬 이지 스타일링 2in1 드라이기 UN-A1954,이미용기기,헤어기기,드라이기,,유닉스,26700,beauty
1136051030,다이슨 에어랩 오리진 블루코퍼+30mm 숏배럴+트래블파우치+ 다이슨 키토산 프리스타일 크림 스트레이트 투 웨이비 리치 컨디셔닝,이미용기기,헤어기기,헤어롤/브러쉬,,다이슨,532000,beauty
1086284727,다이슨 에어랩 i.d. 멀티 스타일러 앤 드라이어 (세라믹 핑크),이미용기기,헤어기기,헤어롤/브러쉬,,다이슨,569050,beauty
1087936866,다이슨 에어랩 i.d. 멀티 스타일러 앤 드라이어 (블루/코퍼),이미용기기,헤어기기,헤어롤/브러쉬,,다이슨,569050,beauty
1126840127,보다나 이지 업 헤어스타일러 플립,이미용기기,헤어기기,헤어롤/브러쉬,,보다나,74900,beauty
1105315382,다이슨 에어랩 코안다 2X 멀티 스타일러 앤 드라이어 세라믹(핑크/ 로즈 골드),이미용기기,헤어기기,헤어롤/브러쉬,,다이슨,809000,beauty
1126783179,[단독최저가/체험특가] 마데카 멜라패드 리필 2통 (무료배송),마스크/팩/패드,패드,,,센텔리안24,14900,beauty
1132497958,[단독특가] 마데카 모공패드 본품1+리필1,마스크/팩/패드,패드,,,센텔리안24,14730,beauty
1101409775,[체험특가/무료배송] 마데카 멜라패드 리필본품,마스크/팩/패드,패드,,,센텔리안24,8900,beauty
1041822834,스킨푸드 [GS단독] 캐롯 당근 카로틴 패드 30매 리필 2+1+ 증정 마스크 2매+패드 2매입*3,마스크/팩/패드,패드,,,스킨푸드,15600,beauty
1134316033,[GS단독특가] 마데카 최신상 멜라토닝패드 본품+ 더마마스크 1매,마스크/팩/패드,패드,,,센텔리안24,11900,beauty
1126845632,"참존 콘트롤 크림 셀프 마사지 150ml 1개 [정가 25,000원]",마스크/팩/패드,페이셜팩,,,참존,14000,beauty
1133350706,"마미케어 요철 각질 개선 국내산 율무 워시오프팩 [정가 45,000원]",마스크/팩/패드,페이셜팩,,,마미케어,22900,beauty
1133269397,풀리 각질 요철케어 율무 나이아신 곡물팩 120ml 2개 + 실리콘 팩 브러쉬 증정,마스크/팩/패드,페이셜팩,,,풀리,17900,beauty
1135042983,"어바웃미 [1+ 1] 쌀막걸리 PDRN 랩핑 마스크 100ml (물광 크림팩/정가50,000원)",마스크/팩/패드,페이셜팩,,,어바웃미,19800,beauty
60126400,"[정가24,800원/24%OFF]아이소이 잡티 미간 아이패치 90매",마스크/팩/패드,페이셜팩,,,아이소이,18900,beauty
1056861976,[추가쿠폰7%][시슬리]휘또-립 트위스트 틴티드 밤 2.5g (립스틱),메이크업,,,,시슬리,72000,beauty
1121839695,가히 스틱 파운데이션+포켓 브러시,메이크업,베이스메이크업,파운데이션,,KAHI,34900,beauty
1132565756,[애경]에이지투웨니스 커버팩트 다이아 물광샷 에디션(23미니팩,메이크업,베이스메이크업,파운데이션,,애경,76230,beauty
1121967319,[GS ONLY] 실키스테이파운데이션 기획세트,메이크업,베이스메이크업,파운데이션,,헤라,63000,beauty
1116622318,[체험특가] 베베코 기미커버 4종 택1 (파운데이션/파우더 본품12g+퍼프),메이크업,베이스메이크업,파운데이션,,베베코,9900,beauty
1073571549,[에스쁘아] 비글로우 파운데이션 SPF27 PA++,메이크업,베이스메이크업,파운데이션,,에스쁘아,31500,beauty
1117835102,이자녹스 [시즌2] 듀얼커버 쿠션 (본품1 + 리필3),메이크업,베이스메이크업,쿠션/에센스팩트,,이자녹스,37400,beauty
1134246291,[26FW최신상]에이지투웨니스 골드볼륨샷 팩트 본품2+리필3+앰플,메이크업,베이스메이크업,쿠션/에센스팩트,,에이지투웨니스,99000,beauty
1136021092,[NEW기미쿠션][틸즈] 글로우 핏 커버쿠션 본품 15g + 퍼프 1개 / SPF50+ PA++++ (미백/주름기능성),메이크업,베이스메이크업,쿠션/에센스팩트,,틸즈,9900,beauty
1043909684,[쇼핑백증정][에이지투웨니스]AGE20S 뉴오리지널 에센스 커버팩트 샤이닝드롭스에디션(퍼플케이스1+리필3) (SPF50+ PA+++),메이크업,베이스메이크업,쿠션/에센스팩트,,에이지투웨니스,29900,beauty
1126283301,이지듀 최신상 기미 메쉬 쿠션 본품 18g,메이크업,베이스메이크업,쿠션/에센스팩트,,이지듀,39800,beauty
1124297657,클리오 [26년 최신상] 올뉴 마그넷 팩트 본품2개+리필3개,메이크업,베이스메이크업,파우더/팩트,,클리오,89900,beauty
1134543746,[견미리팩트] 티니올 크리스탈 크리미 팩트 시즌2 (본품1+리필2)(그린에메랄드),메이크업,베이스메이크업,파우더/팩트,,teeniall,49900,beauty
1111834305,[오휘] [GS]얼티밋 커버 데니어 팩트 기획,메이크업,베이스메이크업,파우더/팩트,,오휘,48750,beauty
1128337434,입큰 새틴피니쉬 팩트 (본품+리필) SPF50+ PA+++ 자외선차단 멀티 커버,메이크업,베이스메이크업,파우더/팩트,,입큰,17900,beauty
1088644408,"시초 [GS1위/체험특가]시어 글로우 장벽 비비 크림 30ml (정가 29,000원)",메이크업,베이스메이크업,BB/CC/톤업크림,,시초,9900,beauty
95167058,"미샤 [1+ 1][정가60,000원]M 초보양 비비크림 50ml 4종 택1",메이크업,베이스메이크업,BB/CC/톤업크림,,미샤,24000,beauty
1104691330,"시초[GS단독]시어 글로우 장벽 비비 크림 30ml 듀오 세트(정가 58,000원)+진정 크림 10ml 증정",메이크업,베이스메이크업,BB/CC/톤업크림,,시초,17900,beauty
1089451719,[리엔케이][샘플 5매 증정]생기톤업&자외선차단 핑크 톤업 빛크림 50ml,메이크업,베이스메이크업,BB/CC/톤업크림,,리엔케이,14900,beauty
1088171849,AHC [6%추가쿠폰]  아우라 시크릿 톤업 크림 50g+증정 톤업 크림 10g 2개,메이크업,베이스메이크업,BB/CC/톤업크림,,AHC,19040,beauty
1094207353,더샘 커버 퍼펙션 아이디얼 컨실러 듀오 [스틱+리퀴드] / 기미커버,메이크업,베이스메이크업,컨실러,,더샘,10000,beauty
1094207328,더샘 커버 퍼펙션 트리플 팟 컨실러 7colors,메이크업,베이스메이크업,컨실러,,더샘,11500,beauty
1017662324,"리르 룩스 듀얼 스틱 1+ 1+워터퍼프 (정가 50,000원)",메이크업,베이스메이크업,컨실러,,리르,9900,beauty
1031293171,클리오 킬커버 파운웨어 컨실러,메이크업,베이스메이크업,컨실러,,클리오,9450,beauty
1094846736,[2개입]더샘 커버 퍼펙션 팁 컨실러 10colors,메이크업,베이스메이크업,컨실러,,더샘,10000,beauty
1131612323,풀리 노세범 젤리 파우더 팩트,메이크업,베이스메이크업,메이크업픽서,,풀리,15500,beauty
1127058863,"얼쎄라 [GS단독]얼쎄라 엑스 토닝 매직커버크림 30ml 2개 세트 (정가 170,000원) 기미 코렉터 톤업크림",메이크업,베이스메이크업,메이크업베이스/프라이머,,얼쎄라,58900,beauty
66085742,[SNS대란템/물광피부크림][에뛰드] 님프 광채 볼류머 24g,메이크업,베이스메이크업,메이크업베이스/프라이머,,에뛰드,15000,beauty
1062698167,정샘물 스킨 세팅 베이스 40ml 6종 택 1 [사은품증정],메이크업,베이스메이크업,메이크업베이스/프라이머,,정샘물,26400,beauty
1051054473,"미샤 [1+ 1][정가56,000원]레이어링 핏 베이스 35ml 2종 택1",메이크업,베이스메이크업,메이크업베이스/프라이머,,미샤,22400,beauty
1056257262,정샘물 프로래스팅 프렙 프라이머+증정,메이크업,베이스메이크업,메이크업베이스/프라이머,,정샘물,24000,beauty
1056263396,"리르 마블 에디션 3종 택1 (하이라이터/블러셔/쉐딩/정가 25,000원)",메이크업,컨투어링메이크업,쉐이딩,,리르,3900,beauty
1087504613,[에뛰드] 그림자 쉐딩 & 브라이트너 기획세트,메이크업,컨투어링메이크업,쉐이딩,,에뛰드,14400,beauty
91791352,정샘물 스킨누더 쉐이딩팩트,메이크업,컨투어링메이크업,쉐이딩,,정샘물,29600,beauty
28497321,[브러쉬증정기획][맥퀸뉴욕] 페이크업 3색 쉐딩&브러쉬 (베이지/그레이/뉴트럴),메이크업,컨투어링메이크업,쉐이딩,,맥퀸뉴욕,12960,beauty
1046499484,[에뛰드] 재창조 메이커 2개,메이크업,컨투어링메이크업,쉐이딩,,에뛰드,20160,beauty
1057235088,[NEW COLOR]클리오 글래스 앤 하이라이터,메이크업,컨투어링메이크업,하이라이터,,클리오,12600,beauty
1094281147,더샘 샘물 루미너스 멀티 하이라이터 2colors,메이크업,컨투어링메이크업,하이라이터,,더샘,8000,beauty
1095501614,[에스쁘아] 스트로빙 하이라이터,메이크업,컨투어링메이크업,하이라이터,,에스쁘아,22500,beauty
1056392180,페리페라 브이 하이라이터 AD,메이크업,컨투어링메이크업,하이라이터,,페리페라,11520,beauty
1101099579,더샘 글램 퍼펙션 베이크드 하이라이터 6colors,메이크업,컨투어링메이크업,하이라이터,,더샘,16000,beauty
1072385489,"리르 트리플 쉐딩 + 트리플 블러셔 set +페이스 브러쉬 증정 (정가 50,000원)",메이크업,컨투어링메이크업,블러셔,,리르,12900,beauty
1123168062,페리페라 무드 블러 밤 스틱,메이크업,컨투어링메이크업,블러셔,,페리페라,10640,beauty
1127130470,"아떼 [정가22,000원]어센틱 글로이 팁 치크 3종 택 1",메이크업,컨투어링메이크업,블러셔,,아떼,13900,beauty
1132601611,[2개] 페리페라 맑게 물든 선샤인 치크,메이크업,컨투어링메이크업,블러셔,,페리페라,12160,beauty
1093248482,[7] 정샘물 아티스트 쿠션 블러쉬 블러 [gift],메이크업,컨투어링메이크업,블러셔,,정샘물,17600,beauty
63192384,"미샤 [1+ 1][정가28,000원]울트라 파워프루프 마스카라 3종 택 1",메이크업,아이메이크업,마스카라,,미샤,11200,beauty
1000730357,[1+ 1][에뛰드] 오 마이 래쉬 쌩얼 카라,메이크업,아이메이크업,마스카라,,에뛰드,9750,beauty
1072349696,"리르 [1 +1] 룩스 롱앤컬 마스카라 (정가 50,000원)",메이크업,아이메이크업,마스카라,,리르,8900,beauty
1032576802,[원뿔원] 데자뷰 래쉬넉아웃 볼륨 마스카라 8g,메이크업,아이메이크업,마스카라,,데자뷰,19900,beauty
1066228415,"미샤 [1+ 1][정가25,600원]오버 렝스닝 마스카라 2종 택1",메이크업,아이메이크업,마스카라,,미샤,10240,beauty
1050991728,클리오 [2개] 샤프 쏘 심플 워터프루프 펜슬 라이너(24AD)+(증정)마이크로페셔널딥클린립&아이리무버 31ml,메이크업,아이메이크업,아이라이너,,클리오,14310,beauty
28560547,[한정수량][1+ 1] 맥퀸뉴욕 워터프루프 붓펜 아이라이너 /안번지는 리퀴드 샤프 슬림라이너 3컬러,메이크업,아이메이크업,아이라이너,,맥퀸뉴욕,10890,beauty
1008658014,"리르 [체험특가/GS1위] 룩스 리퀴드 아이라이너 3종세트 (정가 60,000원)",메이크업,아이메이크업,아이라이너,,리르,9900,beauty
63192378,"미샤 [1+ 1][정가24,000원]울트라 파워프루프 리퀴드 라이너 2종 택 1",메이크업,아이메이크업,아이라이너,,미샤,9600,beauty
97934551,[본사공식] 리르 룩스 리퀴드 아이라이너,메이크업,아이메이크업,아이라이너,,리르,8900,beauty
1136152496,"리르 [GS1위/총4개]오각 다이아몬드 아이브로우 2+2 [정가 80,000원]",메이크업,아이메이크업,아이브로우,,리르,19900,beauty
53920101,[3개] 맥퀸뉴욕 육각심 오토 아이브로우 4컬러/ 하드파우더 눈썹펜슬 브로우펜슬 오토브로우,메이크업,아이메이크업,아이브로우,,맥퀸뉴욕,9900,beauty
1008658018,"리르 [GS1위] 다이아몬드 브로우 3종세트 (정가 60,000원)",메이크업,아이메이크업,아이브로우,,리르,9900,beauty
1007678363,"리르 [체험특가/GS1위] 포크 아이브로우 틴트 눈썹 타투펜 3종세트 (정가 63,000원)",메이크업,아이메이크업,아이브로우,,리르,10900,beauty
1020598847,[GS단독][5개세트] 맥퀸뉴욕 육각심 오토 아이브로우/지속력좋은 하드파우더 눈썹펜슬 브러쉬내장,메이크업,아이메이크업,아이브로우,,맥퀸뉴욕,13950,beauty
1082174359,[NEW COLOR]클리오 소프트 블렌딩 섀도우 스틱,메이크업,아이메이크업,아이섀도우,,클리오,11060,beauty
1038919027,(1+ 1+ 1)비러브 마이라인 스틱 아이섀도우 택3/펄.매트.크림,메이크업,아이메이크업,아이섀도우,,비러브,10200,beauty
1063949702,정샘물 아티스트 아이 팔레트 누드 [사은품증정],메이크업,아이메이크업,아이섀도우,,정샘물,36000,beauty
1016350845,[홀리카홀리카][싱글섀도우NO.1] 마이페이브 피스 아이섀도우/피스밤/젤테일,메이크업,아이메이크업,아이섀도우,,홀리카홀리카,5500,beauty
1025679446,[NEW COLOR] 페리페라 잉크 포켓 섀도우 팔레트,메이크업,아이메이크업,아이섀도우,,페리페라,11410,beauty
1134546763,[GS단독] 하퍼스바자 글로우크림 본품 1개 & 립 1종 (색상 선택) + 사은품 립 랜덤1종,메이크업,립메이크업,립글로스,,하퍼스바자,85000,beauty
1031599270,이니스프리 듀이 틴트 립밤 3.2g (5종 택1),메이크업,립메이크업,립글로스,,이니스프리,14400,beauty
1046189478,클리오 크리스탈 글램 밤,메이크업,립메이크업,립글로스,,클리오,9900,beauty
1135171903,[얼리언스] 얼리언스 수채화 립타투 세트(색상별 본품 5개),메이크업,립메이크업,립글로스,,얼리언스,79500,beauty
1118905565,헤라[단독] 센슈얼 누드 글로스 5g,메이크업,립메이크업,립글로스,,헤라,36000,beauty
1092262411,페리페라 퍼피 플럼핑 듀 립 펜슬,메이크업,립메이크업,립라이너,,페리페라,9000,beauty
1094207382,더샘 커버 퍼펙션 립 펜슬 (+샤프너 증정) / 립라이너,메이크업,립메이크업,립라이너,,더샘,6400,beauty
1130850211,"씨널스 모먼트 오브 미 컬러 립밤 (5종) 3.9g (정가 19,000원)",메이크업,립메이크업,립밤/립케어,,씨널스,14900,beauty
1013850847,"리르 [1 +1 +1] 모이스처 틴트 립밤 (정가 45,000원) - 입술 보습 생기 촉촉 저자극 컬러 립케어",메이크업,립메이크업,립밤/립케어,,리르,10900,beauty
1114379302,블리스텍스 70년 전통 미국 립밤 체험특가/미쉘메르시에 헤어브러쉬 마감특가,메이크업,립메이크업,립밤/립케어,,블리스텍스,4500,beauty
28237117,[리뉴얼] 유리아쥬 스틱레브르 오리지널 4G X 2개,메이크업,립메이크업,립밤/립케어,,유리아쥬,23400,beauty
1133796617,더샘 키스홀릭 립스틱 인텐스 & 매트,메이크업,립메이크업,립스틱,,더샘,10400,beauty
1021208117,[1+ 1] 맥퀸뉴욕 파우더 매트립스틱/묻어나지않는 소프트 벨벳립,메이크업,립메이크업,립스틱,,맥퀸뉴욕,12420,beauty
1050250097,"미샤 [1+ 1][정가33,200원]듀이 루즈 8종 택 1",메이크업,립메이크업,립스틱,,미샤,13280,beauty
1015986176,[엘리자베스아덴] [단독]립컬러 립스틱 컬렉션 1 + 1 스페셜 세트,메이크업,립메이크업,립스틱,,엘리자베스아덴,40740,beauty
1041739154,"미샤 [1+ 1][정가35,600원]아트 루즈 글램 8종 택 1",메이크업,립메이크업,립스틱,,미샤,14240,beauty
1058313116,[3개] 맥퀸뉴욕 러빙유 틴트 립글로스/ 촉촉한 컬러립밤 립글로우 7컬러,메이크업,립메이크업,립틴트,,맥퀸뉴욕,14400,beauty
1129879778,[1+ 1] 맥퀸뉴욕 원콧 픽싱 립틴트 7컬러/ 지워지지않는 착색 타투틴트,메이크업,립메이크업,립틴트,,맥퀸뉴욕,11970,beauty
34994306,[체험특가][1+ 1] 맥퀸뉴욕 러빙유 틴트 립글로스/ 촉촉한 컬러립밤 글로즈,메이크업,립메이크업,립틴트,,맥퀸뉴욕,9900,beauty
1124169136,M) 얼리언스 수채화 립타투 02 Daisy Coral,메이크업,립메이크업,립틴트,,얼리언스,21500,beauty
1129879785,[맥퀸뉴욕] 원콧 픽싱 립틴트 7컬러/ 지워지지않는 착색 타투틴트,메이크업,립메이크업,립틴트,,맥퀸뉴욕,8800,beauty
1062923957,엔비 [2개세트] 쫀쫀 물방울 퍼프 케이스 메이크업 리필 [체험특가],미용소품,메이크업소품,퍼프/스펀지,,엔비,8900,beauty
1071397260,엔비 대용량 30개입 자체제작 쿠션 퍼프 메이크업 파운데이션 체험특가,미용소품,메이크업소품,퍼프/스펀지,,엔비,10900,beauty
1066325873,[체험특가]3세트 쫀쫀 물방울 퍼프 21매 케이스 메이크업 화장,미용소품,메이크업소품,퍼프/스펀지,,엔비,9900,beauty
1021633096,정샘물 쿠션 퍼프 (4개입),미용소품,메이크업소품,퍼프/스펀지,,정샘물,8000,beauty
1081598495,엔비 [3개세트] 쫀쫀 물방울 퍼프 케이스 메이크업 페이스 체험특가,미용소품,메이크업소품,퍼프/스펀지,,엔비,9900,beauty
1070235978,[2개] 페리페라 슬립 온 마이 립+(증정)이지블렌딩 립브러쉬,미용소품,메이크업소품,메이크업브러시,,페리페라,15400,beauty
95951192,정샘물 마스터클래스 파운데이션 브러쉬  [GIFT],미용소품,메이크업소품,메이크업브러시,,정샘물,24000,beauty
1008821269,[메이크업포에버] 프리시전 섀이더 브러쉬 스몰 208,미용소품,메이크업소품,메이크업브러시,,메이크업포에버,37600,beauty
1075871063,미니 메이크업 브러쉬 8종 파우치 세트 부드러운 모 아이섀도우브러쉬,미용소품,메이크업소품,메이크업브러시,,기타브랜드,9900,beauty
1045206512,휴대용 4in1 멀티 미니 화장 메이크업 브러쉬 4종세트 화장솔,미용소품,메이크업소품,메이크업브러시,,SELLERHUBSHOP,4300,beauty
1065249940,프리미엄 둥근날 코털 눈썹 가위 미용 큐티클 털가위,미용소품,아이소품,기타눈썹관리도구,,SELLERHUBSHOP,500,beauty
56608134,프린시아 중급 가위 1P /눈썹정리.체모정리,미용소품,아이소품,기타눈썹관리도구,,프린시아,1200,beauty
1122582297,스텐 프린시아 중급 눈썹가위 -O 1P,미용소품,아이소품,기타눈썹관리도구,,기타브랜드,3150,beauty
1042662814,모나코올리브 초정밀 인생 족집게 4종세트,미용소품,아이소품,기타눈썹관리도구,,모나코올리브,6900,beauty
29678257,바비온 SILKY 프리미엄 블랙 일자 / 틴닝(숱) 미용가위,미용소품,헤어소품,헤어롤/가위/기타용품,,바비온,17900,beauty
34493960,디자이너스 고급 틴닝 숱 가위,미용소품,헤어소품,헤어롤/가위/기타용품,,박준뷰티랩,12900,beauty
67199090,박준 고급 커트 일자 가위 커팅+틴닝+미용도구 8종세트,미용소품,헤어소품,헤어롤/가위/기타용품,,박준뷰티랩,32900,beauty
1134525624,[추석 기프트] 오딧세이 로맨틱 스페셜 2종 세트,남성화장품,스킨/로션/크림/세트,,,오딧세이,35100,beauty
96187836,[기획] 아이오페 맨 2종 기획세트,남성화장품,스킨/로션/크림/세트,,,아이오페,60840,beauty
1073222282,AHC [6%추가쿠폰]  온리포맨 2종세트(블루)+(증정)프로샷 에센스 20ml+쇼핑백(버터),남성화장품,스킨/로션/크림/세트,,,AHC,21250,beauty
1121981568,[GS ONLY] 본윤 데일리 루틴 기획 ( 설화수 맨 2종),남성화장품,스킨/로션/크림/세트,,,설화수,112500,beauty
1016744822,보닌 더캐릭터블랙 기초세트(3세트+폼클렌징2),남성화장품,스킨/로션/크림/세트,,,보닌,64600,beauty
1101903159,아브카 [1+ 1] 시카 가려움케어 로션 300ml,바디케어,바디보습,바디로션/오일/크림,,아브카,19900,beauty
1090258081,[대용량 로션 증정]세타필 모이스춰라이징 바디크림 550g 2개+워시 50ml 3개+로션 50ml 2개+스파츌라,바디케어,바디보습,바디로션/오일/크림,,세타필,34110,beauty
1103662160,니베아 큐텐 리치 바디 로션 400ml 2개,바디케어,바디보습,바디로션/오일/크림,,니베아,14450,beauty
1090258115,[대용량 로션 증정]세타필 모이스춰라이징 바디로션 591ml 2개+젤클렌저 29ml 3개+로션 50ml 2개,바디케어,바디보습,바디로션/오일/크림,,세타필,27810,beauty
1110532528,이지스 자외선차단 무봉제 마스크 (스포츠),스포츠잡화,스포츠마스크/머플러/워머,,,이지스,12260,fashion
1117629619,[GS특가] 휴비딕 1 + 1 RAYZ 자외선 차단 마스크 쿨 마스크 골프 러닝 자전거 스포츠 마스크 얼굴 햇빛가리개,스포츠잡화,스포츠마스크/머플러/워머,,,휴비딕,13900,fashion
1070097526,국산  탁텔  넥워머/ 방한 목도리/ 겨울 목토시,스포츠잡화,스포츠마스크/머플러/워머,,,SELLERHUBSHOP,4500,fashion
1113817021,이지스 자외선차단 무봉제 마스크 (스타일) 라이트그레이,스포츠잡화,스포츠마스크/머플러/워머,,,이지스,10000,fashion
1031281390,블랙야크 얼굴햇빛가리개 자외선차단 마스크 스포츠 페이스 여름,스포츠잡화,스포츠마스크/머플러/워머,,,블랙야크,6970,fashion
1115310703,[깔끔한 데님] NYC 데님 청 볼캡 여성 캡모자 야구모자 운동 마라톤 러닝캡,스포츠잡화,스포츠모자/썬캡,,,깨비다,8900,fashion
1034917472,[나이키] 드라이 핏 플라이 언스트럭처 스우시 캡 FB5624-010,스포츠잡화,스포츠모자/썬캡,,,나이키,19600,fashion
1119656698,[UV차단] 고급형 햇빛가리개 모자 자외선차단 물놀이 썬바이저 여성 썬캡 성인 창넓은모자,스포츠잡화,스포츠모자/썬캡,,,깨비다,7900,fashion
1076207419,폴로 랄프로렌 클래식 로고 코튼 치노 볼캡 모자,스포츠잡화,스포츠모자/썬캡,,,폴로랄프로렌,42800,fashion
1056248497,르까프 여성 베이직 썬캡 올블랙 LE4C109ABK,스포츠잡화,스포츠모자/썬캡,,,르까프,17900,fashion
1038318269,14g초경량 고글 편광 낚시 등산 스포츠 레저 비츠로만 선글라스,스포츠잡화,스포츠선글라스,,,기타브랜드,52300,fashion
57023576,오클리 레이디락 패스_OO9206-4138_선글라스,스포츠잡화,스포츠선글라스,,,오클리,297700,fashion
1136264007,[룩옵티컬] 나이키 선글라스(나이키 ADRENALINE 22 LB M N IW8184 021 68) A1A1071252029,스포츠잡화,스포츠선글라스,,,롱샴,171000,fashion
93493964,오클리 홀브룩 선글라스 아시안핏 OO9244-2756 정식,스포츠잡화,스포츠선글라스,,,오클리,213700,fashion
1136643872,토모 경량 스포츠 런닝 골프 자전거 변색 미러 고글 선글라스,스포츠잡화,스포츠선글라스,,,기타브랜드,65000,fashion
1086498863,[6EA] 나이키 양말 에브리데이 쿠션 트레이닝 크루 삭스 화이트 SX7664-100,스포츠잡화,스포츠양말,,,나이키,17770,fashion
1102099497,[5켤레 세트] 스포츠 쿠션 러닝양말 남녀공용 테니스 배드민턴 마라톤 운동 중목 장목 러닝 삭스,스포츠잡화,스포츠양말,,,깨비다,6800,fashion
1096115595,[나이키] 에브리데이 쿠션 크루 양말(1PACK-3EA),스포츠잡화,스포츠양말,,,나이키,9900,fashion
1082251494,[나이키][6EA]  양말 에브리데이 쿠션 트레이닝 크루 삭스 화이,스포츠잡화,스포츠양말,,,나이키,17900,fashion
1122159053,[10켤레 세트] 스포츠 쿠션 러닝양말 남녀공용 테니스 배드민턴 마라톤 운동 중목 장목 러닝 삭스,스포츠잡화,스포츠양말,,,깨비다,13800,fashion
1121955954,엔비 [2개세트] UV 자외선 차단 장갑 쿨링 운전 골프 등산 낚시 핸드 커버,스포츠잡화,스포츠장갑,,,엔비,15900,fashion
1079539439,쉬폰 레이스 여성 팔토시 자외선차단 여름 통풍 쿨토시 운전 골프,스포츠잡화,스포츠장갑,,,탑스코리아,3300,fashion
1132426197,매장정품 코오롱 스포츠 QEHFX25301BLU 남녀공용 하이킹 스트레치 반장갑 KS0099KEY HDD 412877632,스포츠잡화,스포츠장갑,,,코오롱스포츠,46900,fashion
1073331592,라라무브 자외선 차단장갑 스포츠 쿨링 여성 운전장갑 햇빛차단 쿨 토시 등산 스포츠 메쉬 골프장갑,스포츠잡화,스포츠장갑,,,라라무브,14160,fashion
1051216632,아이더 쿨토시 골프 등산 여름 자외선차단 스포츠 쿨링 팔토시,스포츠잡화,스포츠장갑,,,아이더,5610,fashion
1047515141,SEEK 습식 스포츠타올 습식타올 수건 타월 수영 헬스,스포츠잡화,스포츠타월,,,기타브랜드,13900,fashion
1055094091,엔비 [2개세트] 캡슐 스포츠 타올 기능성 냉감 쿨링 수건 휴대용,스포츠잡화,스포츠타월,,,엔비,12900,fashion
1124973416,요넥스 269TW002U 스포츠 타올 타월 응원 수건,스포츠잡화,스포츠타월,,,기타브랜드,7500,fashion
1109286279,자카드 그래픽 미디엄 타월(IF0600-010),스포츠잡화,스포츠타월,,,나이키,26100,fashion
30116137,송월 포모스 스포츠타올 2장,스포츠잡화,스포츠타월,,,송월타월,4800,fashion
1039697373,[랭킹BEST] 엔조이핏 자외선차단 쿨토시 팔토시 3종택1,스포츠잡화,스포츠토시,,,엔조이핏,7900,fashion
1118913128,[5세트] UV 자외선차단 쿨토시 손등 팔토시 기능성 암슬리브 여름 냉감 골프 운전 살색 쿨팔토시,스포츠잡화,스포츠토시,,,깨비다,6900,fashion
1131708698,모니즈 [GS ONLY] 손목 안 조이는 밀착 스판 팔토시 UV차단 99.9% 고탄력 남녀공용 암슬리브 6P,스포츠잡화,스포츠토시,,,모니즈,9450,fashion
92130905,1개+1개 던팬 패션 레포츠 자외선 차단 팔토시 쿨토시,스포츠잡화,스포츠토시,,,홀리지,7300,fashion
1054674411,아이더 쿨링 손등팔토시 자외선차단 골프 등산 여름 쿨토시,스포츠잡화,스포츠토시,,,아이더,6720,fashion
1100773777,[닥스][벨포드] 블랙 크로커 소가죽 배색 나일론 토트백 M DCBA6E053J,가방/지갑,,,,닥스(백화점),226860,fashion
1103061838,미소페  남성 스니커즈 022310701 3.5cm 2color,신발,,,,미소페,130130,fashion
1130032938,[닥스 슈즈] 닥스 구두 남성 스니커즈 DMX609 DMX609,신발,남성신발,구두,,닥스구두(백화점),239010,fashion
1030823838,[탠디] 남성화 페니로퍼 H19005W C697 굽 3cm,신발,남성신발,로퍼/단화,,탠디,168000,fashion
1104824391,미올로 [GS단독] 아치깔창 평발 기능성 자세교정 족저근막 뒤꿈치 쿠션 인솔 운동화,신발,신발용품,,,미올로,12670,fashion
1065110529,[체험특가] 1P+1P 잘라쓰는 뒤꿈치 패드 운동화 신발 발 패드,신발,신발용품,,,상상앤드,3900,fashion
1080705851,아치 깔창 2세트 남여 자세교정 뒤꿈치 평발 기능성,신발,신발용품,,,기타브랜드,9000,fashion
1113997612,닥터에스 남성 여성 깔창 인솔 소브쿠션닥터인솔,신발,신발용품,,,닥터S,9900,fashion
1123479278,바바라 여성 리본 포인트 키높이스니커즈 2컬러 BBI603,신발,,,,BABARA(바바라),126900,fashion
1066686032,[나인웨스트(슈즈)]소프트링클 펌프스 NW052,신발,,,,NINE WEST,40670,fashion
1068571405,[나인웨스트(슈즈)]더블 램스킨 오블리크 앵클부츠 NW053,신발,,,,NINE WEST,57270,fashion
1053336260,[나인웨스트(슈즈)]양가죽 메리제인플렛 PY011G,신발,,,,NINE WEST,40670,fashion
1114684371,[와이컨셉] MYNA 블랙 천연소가죽 여성샌들 W782001PB-W W782001PBW,신발,,,,베어파우,39000,fashion
1040993131,OHS CAFE8003 플리츠 레이스 하이넥 페이크 카라,주얼리/시계,기타주얼리,,,SELLERHUBSHOP,10900,fashion
1050725369,CAFE4163 클래식 체크 레이어드 카라 셔츠 페이크 카라 유니폼,주얼리/시계,기타주얼리,,,SELLERHUBSHOP,9100,fashion
1101149056,3개세트 행운클로버 복주머니키링 국내제작 운수대통 소원성취 금전 시험 취직,주얼리/시계,기타주얼리,,,마트정,12980,fashion
1049822155,[이쁘다] 타이엘 진주 네크리스,주얼리/시계,기타주얼리,,,이쁘다,23910,fashion
58056383,[바이진주리본] 심플 블랙 체인 안경줄 선글라스 스트랩,주얼리/시계,기타주얼리,,,byjr,8900,fashion
1051176351,CAFE0109 체크레이어드 페이크 카라 넥케이프 넥페이크 셔츠,양말/패션소품,기타패션소품,,,SELLERHUBSHOP,6700,fashion
1033385783,[닥스(손수건)]남여 손수건 2매세트 18종 택1,양말/패션소품,기타패션소품,,,닥스손수건(백화점),16800,fashion
1048710374,[무케] 신미사_족저근막 통증완화 발편한 바로슬리퍼 (5colors),양말/패션소품,기타패션소품,,,무케렌시아,49000,fashion
1062542327,"[9차 재입고][론칭가 68,000원]금강제화 리차드 남성 소가죽 자동벨트 8종 택1",양말/패션소품,남성벨트/멜빵,,,금강제화,27300,fashion
1055751145,[닥스ACC][선물포장/쇼핑백동봉][DD Symbol] 블랙 엠보 남성 소가죽 자동벨트 DBBE4F834,양말/패션소품,남성벨트/멜빵,,,닥스 장갑(백화점),98550,fashion
1102560435,[닥스][선물포장/쇼핑백동봉] 블랙 트윌 엠보 남성 소가죽 자동벨트 DBBE6E834J,양말/패션소품,남성벨트/멜빵,,,닥스(백화점),102070,fashion
1080139064,"[론칭가 98,000원] 에스콰이아 남성 소가죽 벨트 FFBA400_403",양말/패션소품,남성벨트/멜빵,,,에스콰이아,27950,fashion
69299363,[지오다노/본사] 130004 베이직 레더 벨트,양말/패션소품,남성벨트/멜빵,,,지오다노,17820,fashion
1048387899,블랙 초커 롱 타이 스카프 스키니 슬림 여성 넥타이,양말/패션소품,넥타이,,,루즈루나,7850,fashion
1136529846,[닥스(셔츠)]남성 도트 올오버 넥타이 DMF1ACF1248R2,양말/패션소품,넥타이,,,닥스셔츠,87850,fashion
26856679,VOLLRADS 넥타이 베스트리오더 21종 택일7VN001GS,양말/패션소품,넥타이,,,폴라츠옴므,9800,fashion
1114873516,[카운테스마라 와이셔츠] 신상품 스트라이프패턴 실크넥타이 (CNSZ1S1105I0) CNSZ1S1105,양말/패션소품,넥타이,,,카운테스마라,85500,fashion
1079652102,모나벨 [2개세트] 스트링 와이드 버킷햇 여성 모자,양말/패션소품,모자/썬캡,,,모나벨,13900,fashion
1119005135,[지센] (2컬러) 투톤 배색 베이직 버킷햇 LAAPO305,양말/패션소품,모자/썬캡,,,지센,5000,fashion
1053675665,디씨 여성 보넷 턱끈 벙거지 바스락 버킷햇 모자,양말/패션소품,모자/썬캡,,,루즈루나,13800,fashion
1104435326,지프 트레일블레이저 컬러배색 볼캡 모자 남녀공용,양말/패션소품,모자/썬캡,,,지프,26320,fashion
1090735508,[헤지스ACC][인기신상] HILG4E006.BK_여성 블랙 베이지 퍼피자수 양면 벙거지모자,양말/패션소품,모자/썬캡,,,헤지스ACC,48650,fashion
1078846184,베라왕 플랫 지오메트릭 선글라스 VW531,양말/패션소품,선글라스,,,Vera Wang,62100,fashion
1110691854,베라왕 벨라 BELLA 라운드 컬러변색 선글라스 VW536,양말/패션소품,선글라스,,,Vera Wang,99000,fashion
1123728835,베라왕 시그니처 콤비 선글라스 VW523,양말/패션소품,선글라스,,,Vera Wang,62100,fashion
1077584218,안나수이 로제 라운드 선글라스 AS1190-1,양말/패션소품,선글라스,,,안나수이,80100,fashion
1132546369,메트로시티 플랫 라운드 선글라스 MC5001,양말/패션소품,선글라스,,,메트로시티,80100,fashion
1126059920,[2장세트] 링포함 명품 여성 스카프 70x70cm 봄 가을 겨울 롱 사각 스카프,양말/패션소품,스카프/머플러/숄,,,깨비다,6800,fashion
1063041330,"[런칭 가격 139,000원] SJ와니 울실크 양면 플라워 숄 스카프",양말/패션소품,스카프/머플러/숄,,,SJ와니,59000,fashion
1063779374,2종 엘레강스 데일리 여성 롱 숄 스카프,양말/패션소품,스카프/머플러/숄,,,홀리지,12900,fashion
1115153847,(2종 세트) [탠디] TANDY 파인 손수건 스카프 택1,양말/패션소품,스카프/머플러/숄,,,탠디,6900,fashion
1135516146,세련된 루아르 소프트 어깨숄 패션 환절기 코디,양말/패션소품,스카프/머플러/숄,,,라이프핏,15900,fashion
1051575184,아나 타원형 호피 뿔테 블루라이트차단 긱시크 안경,양말/패션소품,안경테,,,루즈루나,10980,fashion
1093971256,메트로시티 시그니처 변색 안경,양말/패션소품,안경테,,,메트로시티,129000,fashion
1097314396,안나수이 아이코닉 안경 AS5162-1,양말/패션소품,안경테,,,안나수이,129000,fashion
1055187957,안나수이 티타늄 안경테 AS340T,양말/패션소품,안경테,,,안나수이,98100,fashion
1113030202,에스까다 안경테 VES A45F 0G21 라운드 뿔테 여자 남자 안경,양말/패션소품,안경테,,,에스까다,56000,fashion
1098812249,엔비 [2개세트] 벨트 교차선택 여성 골드링 벨트,양말/패션소품,여성벨트,,,엔비,11900,fashion
1073479097,"[지오다노/본사] 435501 여자 19mm 가죽 벨트 (TAG가 19,800원)",양말/패션소품,여성벨트,,,지오다노,17820,fashion
1088395110,"[론칭가 92,000원] 에스콰이아 여성 로더 소가죽 벨트 FFBA404_407",양말/패션소품,여성벨트,,,에스콰이아,27950,fashion
1095687816,스웨이드 소가죽 버클 여자 청바지 정장 패션 벨트,양말/패션소품,여성벨트,,,랄라닷,14900,fashion
58289062,GG 25 통가죽벨트 NW18BT7007여성벨트,양말/패션소품,여성벨트,,,놈,36000,fashion
1083306673,상상앤드 [체험특가] 1 + 1 초경량 3단 자동 접이식 미니 양우산(5컬러),양말/패션소품,우산/양산,,,상상앤드,9900,fashion
1128184728,[1개+1개]디유 가벼운 플라워 3단 암막 양산(우산겸용)(전용파우치증정),양말/패션소품,우산/양산,,,상상앤드,9900,fashion
1077384934,기라로쉬 3단 우양산 [올웨더암막-60212],양말/패션소품,우산/양산,,,제이에스글로벌,12600,fashion
1099548903,[메트로시티] 짧은체인 모직 여성장갑 MGLH-W005,양말/패션소품,장갑,,,메트로시티 장갑(백화점),21600,fashion
1100935206,엔니튜드 울 니트 장갑 2종 세트 (그레이+베이지),양말/패션소품,장갑,,,엔니튜드,31920,fashion
33372588,[체험특가]블링사슴 기모 터치장갑 겨울 커플 니트 스마트폰장갑,양말/패션소품,장갑,,,케이에스몰,3900,fashion
1062128896,"김서룡 시그니처  이태리 NAPPA 램스킨 롱 장갑[런칭 가격79,000원]",양말/패션소품,장갑,,,김서룡,62910,fashion
1135823827,[MAXZA] 레이스 프릴 셔링 핸드워머,양말/패션소품,장갑,,,마쟈,12670,fashion
1095348026,엔비 [8개세트] 슬림 일자 집게핀 헤어핀 옆머리 데일리 (프렌치헤어핀/마블),양말/패션소품,헤어액세서리,,,엔비,11900,fashion
1090955733,로렌비 리본 매듭 호피 집게핀 헤어핀,양말/패션소품,헤어액세서리,,,홀리지,4900,fashion
1118417630,[2개세트] 리본 레오파드 헤어 악어 집게핀 대형 헤어집게 올림머리 반머리핀 호피 헤어핀,양말/패션소품,헤어액세서리,,,라라데이빗,7900,fashion
1109043494,엔비 [무료배송][4개세트] 자개 믹스 헤어핀 똑딱핀 반묶음 하객룩,양말/패션소품,헤어액세서리,,,엔비,11900,fashion
1101046568,엔비 [무료배송][8개세트] 앞머리 헤어핀 고급 포인트 옆머리 집게핀 미니 큐빅,양말/패션소품,헤어액세서리,,,엔비,8900,fashion
1041181831,볼마커 사은품 뉴핸즐 실리콘 코팅 골프장갑 여성 양손 착용,골프용품,골프장갑,,,람다,9400,fashion
1134525645,[와이드앵글] WWW23Z04 WG 퀼팅 밴드 핸드워머 WWW23Z04,골프용품,골프장갑,,,와이드앵글,10000,fashion
29780779,HIT상품 색상추가/ GH클럽 실리콘 여성장갑 양손1세트 택1,골프용품,골프장갑,,,피스탑,9120,fashion
1036050431,[볼빅 정품] 여성 프리미엄 양피 골프장갑 양손장갑,골프용품,골프장갑,,,볼빅,17900,fashion
1024519967,(이벤트) 2장 gmax 여성용 남성용 양가죽 반피 추천 골프장갑,골프용품,골프장갑,,,지맥스,9800,fashion
1087769786,골프양말증정_PBS 여성 다이얼 골프화 621E1SE051,,,,,핑골프(백화점),105780,fashion
1074964318,PBS 남성 라인 포인트 카라 긴팔 티셔츠 111E1TO001,,,,,핑골프(백화점),55110,fashion
1135946908,[세인트앤드류스]여성 사선 스모킹 프릴 베스트 821E3JV101,,,,,세인트앤드류스,301140,fashion
1075902241,[파리게이츠] (521D1TI305)여성 솔리드 뷔스티에 절개 긴팔 티셔츠 521D1TI305,골프의류,,,,파리게이츠,50150,fashion
1117990964,[캘러웨이] (CWPC25S402)봄 시그니처 플리츠 스커트 CWPC25S402,골프의류,,,,캘러웨이골프(백화점),119200,fashion
1088904682,[세인트앤드류스] 여성 탈착 스트랩 프릴 헴 레이어 티셔츠(821E3TR104) 821E3TR104,골프의류,,,,세인트앤드류스,159200,fashion
1062025472,[파리게이츠] (521D3SR303)여성 레터링 라인 볼레로 니트 가디건 521D3SR303,골프의류,,,,파리게이츠,103200,fashion
1108781768,디스커버리 25SS 봄 이월/할인 남성 니트 워시드 트레이닝 조거팬츠 DMTP29051-GSAS,등산/아웃도어,,,,디스커버리,40550,fashion
1133558015,스노우피크 시티캠퍼 롱 다운 자켓 Dark Khaki (S25WMGDJ66),등산/아웃도어,,,,스노우피크,351790,fashion
1133558005,스노우피크 시티캠퍼 롱 다운 자켓 Fog Gray (S25WMGDJ66),등산/아웃도어,,,,스노우피크,351790,fashion
1110442853,"네파 [택가 139,000원] 남성 여성 여름 기본일자핏 바시코 팬츠 7K31601 7K41601",등산/아웃도어,,,,네파,46750,fashion
1133578730,캄피로 남성 윈드스토퍼 원정대 대장급 초헤비 헝가리 구스다운 DMW25501-INTG,등산/아웃도어,남성등산의류,다운/패딩,,아이더,809000,fashion
1136206567,[네파] 7LE7509 공용 등산 가방 캠핑 트레킹 얼티밋 크로스백 7LE7509,등산/아웃도어,,,,네파,23310,fashion
1106873392,"네파 [택가 239,000원]공용 칸네토 고어텍스 비브람 방수 로우 트레킹화 등산화 7KC7615 7K17615",등산/아웃도어,,,,네파,220150,fashion
1109198086,"디스커버리 [택가 149,000원] 남여공용 반슬리 트레일 등산화 3컬러 DXSH4904N",등산/아웃도어,,,,디스커버리,63330,fashion
1132668242,[아이더] 트레킹화 공용 등산화 장원영 착용 경량 운동화 페이브 DUS25N52,등산/아웃도어,,,,아이더,69000,fashion
1100831766,"K2 케이투 택가 499,000원수지 착장 씬에어(THINAIR) NEW 바이브(VIBE) KWW24558",등산/아웃도어,,,,K2,153000,fashion
1134795157,디스커버리 25SS 이월/할인 남여공용 니트 에센셜 트레이닝 반집업 맨투맨 캐쥬얼/간절기/세미오버핏 DXTR27051-GSAS,등산/아웃도어,,,,디스커버리,49670,fashion
1133556831,스노우피크 랜드 여성 경량 다운 베스트 Black (S25WWGDV61),등산/아웃도어,,,,스노우피크,113240,fashion
1132547569,NJ1DR07 남성 워터 쉴드 눕시 자켓 _ NJ1DR07,,,,,노스페이스,379100,fashion
1113830439,디스커버리 25SS 봄 이월/할인 세미오버핏 여성 우븐 맨투맨/티셔츠 DWMT44051-GSAS,등산/아웃도어,,,,디스커버리,40550,fashion
1124131184,[주문폭주/GS단독특가]오슬로 N59 라이트 제인/여름 키높이 메쉬 메리제인 스니커즈 발편한 여성 운동화 샌들 슈즈,스포츠신발,기타스포츠화,,,오슬로 N˚59,49020,fashion
1097688649,스케쳐스 여성용 베이퍼폼 무브 베이퍼폼 메리제인,스포츠신발,기타스포츠화,,,스케쳐스,119000,fashion
1120137190,[스케쳐스] (STM_SKEC_SC0WFCGX271_BBK_) 여성 업 리프티드&비 쿨 메리제인 특가 6종 택1,스포츠신발,기타스포츠화,,,스케쳐스,71610,fashion
54236671,[알롱제]에어 재즈화/댄스화/방송댄스화/라인댄스화/에어로빅화,스포츠신발,기타스포츠화,,,TS스포츠,27900,fashion
1103069103,[스케쳐스USA]여성 클레오 드라이버 3종 SCOMFCFX293_G,스포츠신발,기타스포츠화,,,스케쳐스USA(백화점),78480,fashion
1097917343,스케쳐스 여성용 아치핏 샌들,스포츠신발,샌들,,,스케쳐스,99000,fashion
1110869667,"[스케쳐스][공식](택가119,000)여성 버츄 SL0WPCFY181",스포츠신발,샌들,,,스케쳐스,58960,fashion
1110869680,"[스케쳐스][공식](택가119,000)여성 버츄 SL0WPCFY183",스포츠신발,샌들,,,스케쳐스,58960,fashion
1097918829,스케쳐스 여성용 아치핏 글라이드 슬립인스 샌들,스포츠신발,샌들,,,스케쳐스,109000,fashion
1082109469,[나이키] 리액트X 리주버네이트 슬라이드 (여성) HV4484-001,스포츠신발,샌들,,,나이키,38640,fashion
1097916740,스케쳐스 여성용 갤럭시코어 슬라이드,스포츠신발,슬리퍼/뮬,,,스케쳐스,79000,fashion
1059761364,[아이더] 여성 겨울 방한화 미라지 뮬(W6) 슬리퍼_DWW23N82,스포츠신발,슬리퍼/뮬,,,아이더,36270,fashion
1126047218,알로 요가 선셋 스니커 뮬 슬리퍼 ALO Sunset Sneaker Mule,스포츠신발,슬리퍼/뮬,,,알로요가,274000,fashion
1050027670,이중쿠션 발등조절 찍찍이 키높이 슬리퍼 여성 남성 여름 빅 사이즈 발편한 푹신한 여자 남자 남녀공용 캐주얼화 학교 학생 회사 사무실 실내화 슬라이드 KS023,스포츠신발,슬리퍼/뮬,,,사일런트힐,23830,fashion
68181298,[정품] 나이키 빅토리 원 슬라이드 (CN9675-002),스포츠신발,슬리퍼/뮬,,,나이키,31020,fashion
1050811807,크록스 키즈성인 클래식 라인드 클로그 K 화이트 207010-10M,스포츠신발,아쿠아슈즈,,,크록스키즈,28910,fashion
1050811820,크록스 털실내화 클래식 플랫폼 라인드 우먼 본 207938-2Y2,스포츠신발,아쿠아슈즈,,,크록스키즈,38610,fashion
1002828400,[크록스] 키즈/성인 공용 크록밴드 클로그 K 네이비 207006-485,스포츠신발,아쿠아슈즈,,,크록스,28910,fashion
1087876761,[아큘레틱]아쿠아삭스 워터슈즈 신발 한정수량 균일가,스포츠신발,아쿠아슈즈,,,아큘레틱,5900,fashion
1128971432,에스유니 남여공용 발편한 초경량 메쉬 벨크로 아쿠아슈즈 휘트니스 운동화 헬스화,스포츠신발,아쿠아슈즈,,,에스유니,32900,fashion
1116767656,스케쳐스 26FW 최신상 여성용 아치핏 라구나 스니커즈,스포츠신발,운동화/스니커즈,,,스케쳐스,119000,fashion
1116792698,스케쳐스 26FW 최신상 여성용 밀리언에어 키높이 슬립인스 워킹화,스포츠신발,운동화/스니커즈,,,스케쳐스,139000,fashion
1096993685,FILA 25년 볼트라이드 데일리 운동화 남성용,스포츠신발,운동화/스니커즈,,,FILA,39900,fashion
1116907979,스케쳐스 26FW 최신상 여성용 이지고잉 슬립인스 로퍼,스포츠신발,운동화/스니커즈,,,스케쳐스,129000,fashion
1098470432,스케쳐스 여성용 베드포드 슬립인스 슬립온,스포츠신발,운동화/스니커즈,,,스케쳐스,109000,fashion
1132775217,디스커버리 25SS 이월/할인 남성 와펜포켓 맨투맨 티셔츠 캐쥬얼/데일리/세미오버핏 DMMT35051-GSAS,스포츠의류,,,,디스커버리,49670,fashion
1130341740,[파타고니아] 40261R7 우먼즈 R1 에어 풀집 후디 재킷 플리스 알원 R1 Air Full-Zip Hoody PG 40261R7,스포츠의류,,,,파타고니아,279000,fashion
1091121949,[NBA]남녀공용 엔비에이 후드집업 점퍼 가디건 레귤러핏 간절기 무지 심플 트레이닝 빅사이즈,스포츠의류,,,,NBA,54000,fashion
1104102643,아디다스 현대백화점 [Women] 클래식 트랙 팬츠 KD7965 인기바지 [현대백화점 쇼핑백 증정],스포츠의류,여성스포츠의류,긴바지,,아디다스,84150,fashion
1080016626,"[다이나핏 공식](택가29,000원) 베이직 레터링 암밴드_YUA23Z07Z1",스포츠잡화,기타스포츠잡화,,,다이나핏,9000,fashion
1061223108,[프로스펙스]남성 여성 기능성 쿠션 인솔 깔창 플러쉬폼 인솔,스포츠잡화,기타스포츠잡화,,,프로스펙스,12750,fashion
1078650642,미즈노 제로글라이드 인솔 _P1GZ140145,스포츠잡화,기타스포츠잡화,,,미즈노,13950,fashion
1030015412,K2 베이직 쿨토시 여름 팔토시 스포츠 자외선차단 기능성,스포츠잡화,기타스포츠잡화,,,K2,5780,fashion
1074982457,나이키 조던 드라이 핏 퍼포먼스 스포츠 헤드밴드 (IB0764-010),스포츠잡화,스포츠두건/헤어밴드,,,나이키,17300,fashion
1115311046,[스카프 겸용] 스타 별 반다나 두건 스카프 헤어밴드 70x70cm 머리두건 여름 헤어 듀렉,스포츠잡화,스포츠두건/헤어밴드,,,깨비다,6900,fashion
1109043312,[스카프 겸용] 면 페이즐리 반다나 두건 스카프 손수건 남성 여성 여름 머리 헤어 두건,스포츠잡화,스포츠두건/헤어밴드,,,깨비다,3990,fashion
1123705396,아이더 세이프티 땀흡수 헤어밴드 여름 스포츠 쿨 헤드밴드 안전모땀방지,스포츠잡화,스포츠두건/헤어밴드,,,아이더,10880,fashion
1072932631,2개세트 땋은머리 인조모발 헤어밴드 2개세트 헤어밴드세트 인조모발 머리띠,스포츠잡화,스포츠두건/헤어밴드,,,마트정,11900,fashion
1076293134,캘러웨이 우먼스 로맨틱 플라워 모자,골프용품,골프모자,기타골프모자,,피엑스지,30200,fashion
1134143625,[와이드앵글] WMU23C08 CO 레드 포인트 미들 버킷햇 WMU23C08,골프용품,골프모자,기타골프모자,,와이드앵글,10000,fashion
1134143666,[와이드앵글] WMU23C07Z9  반전 배색 버킷햇 (Midnight) WMU23C07,골프용품,골프모자,기타골프모자,,와이드앵글,10000,fashion
1067550787,(가격인하) [데상트골프] 여성 탁텔 바라클라바,골프용품,골프모자,기타골프모자,,데상트골프,61280,fashion
1113250089,캘러웨이 우먼스 리퀴드메탈 여성 골프모자 2색,골프용품,골프모자,기타골프모자,,캘러웨이,18000,fashion
1094116196,[무료배송] 까스텔바작 얼루어 리본 여성 바이저 BWEW-GC503,골프용품,골프모자,바이저,,까스텔바작,27170,fashion
1106410681,[GS]캘러웨이 26 우먼스 크리스탈 바이저 썬캡 여성 골프모자,골프용품,골프모자,바이저,,캘러웨이,26980,fashion
1060946018,[무료배송]까스텔바작 아르떼 리본 바이저 여성 골프모자 BWDM-GC720,골프용품,골프모자,바이저,,까스텔바작,23410,fashion
1093690480,[어뉴골프] 여성 WOMEN KNIT VISOR_WH,골프용품,골프모자,바이저,,어뉴,74970,fashion
1110878529,[어뉴골프] 여성 WOMEN ESSENTIAL RIBBON VISOR_BE,골프용품,골프모자,바이저,,어뉴,98100,fashion
1092879818,[무료배송]까스텔바작 끌라쎄 리본 여성 버킷햇 BWEW-GC501,골프용품,골프모자,버킷햇,,까스텔바작,30930,fashion
1130366125,[볼빅] 여성용 리본포인트 스트링 골프 버킷햇 골프모자,골프용품,골프모자,버킷햇,,볼빅,37900,fashion
1069471281,[가격 인하] 여성 스마일 퀼팅 버킷햇,골프용품,골프모자,버킷햇,,파리게이츠,36070,fashion
1134856798,모나벨 [1 + 1] 클래식 헌팅캡 베레모 챙 버킷햇 벙거지 모자 골프,골프용품,골프모자,버킷햇,,모나벨,13900,fashion
1117681767,핑 2026 여성 체크 와이드 캡 버킷모자,골프용품,골프모자,버킷햇,,PING,38000,fashion
1054017714,[나이키코리아정품] 나이키 드라이 핏 클럽 스트럭처 캡_FB5625,골프용품,골프모자,캡/모자,,나이키골프,20700,fashion
1110835552,[테일러메이드]2026신상  STORM 방수 남성 골프모자,골프용품,골프모자,캡/모자,,테일러메이드,28400,fashion
1089245246,모자 땀 흡수 패드 캡가드 오염방지 모자패드 100P,골프용품,골프모자,캡/모자,,김용석생활연구소,5900,fashion
1065007698,(가격인하) [데상트골프] 여성 이어워머 SET 방한캡,골프용품,골프모자,캡/모자,,데상트골프,61280,fashion
1125475522,테일러메이드 골프모자 W 레이더 KY708 썬캡 여성 바이저,골프용품,골프모자,캡/모자,,테일러메이드,17900,fashion
1092544320,[테일러메이드] 테일러메이드 어패럴 골프 웨어 25 F W TWBPOF696 199 여성 사각쉐입 밴딩 힙색 가방 TWBPOF696198,골프용품,골프백,기타골프백,,테일러메이드,86940,fashion
1052172682,[피레티] 여성 싱글핸들 미니 버킷백_TWM24B02Z1,골프용품,골프백,기타골프백,,피레티,125400,fashion
1076004473,닥스 골프 여성 25SS 선물BEST 베이지 하우스 체크 경량 카트백 DNGF5E966I2,골프용품,골프백,기타골프백,,닥스골프,61200,fashion
1104791605,닥스 골프 여성 26SS ONLINE EXCLUSIVE 핑크 빅체크 자가드 마이크로백 DNGF6E901P2,골프용품,골프백,기타골프백,,닥스골프,84000,fashion
1131855628,닥스 골프 여성 26FW ONLINE EXCLUSIVE 블랙 하우스 체크 미디움 플랩백 DNGF6F902BK,골프용품,골프백,기타골프백,,닥스골프,136800,fashion
1059278169,[헤지스골프] [행사] 헤지스여성 평상겸용 골프백 쇼퍼백 보스턴백 헤지스가방 HWBA6E953,골프용품,골프백,보스턴백,,헤지스골프,93480,fashion
1078379345,[파리게이츠] (521D3BB203)여성 스마일 로고 투웨이 휠 보스턴백 521D3BB203,골프용품,골프백,보스턴백,,파리게이츠,210240,fashion
1097957585,[헤지스골프] [행사] 헤지스여성 쇼퍼백 보스턴백 여행가방 평상겸용 골프백 헤지스가방 HWBA6E954,골프용품,골프백,보스턴백,,헤지스골프,102500,fashion
1035722723,[PGA TOUR] NEW 휠 캐리어 보스턴백+트래블 파우치 6종 세트,골프용품,골프백,보스턴백,,피지에이투어,128000,fashion
1062075190,[PGA투어] 데일리 스포티 사각 쉐입 보스턴백 / 여행가방 골프백,골프용품,골프백,보스턴백,,피지에이투어,55700,fashion
1101544375,[헤지스골프][BEST] 블랙 여성 음각 로고 스트랩 토트백(HWBA5F955BK),골프용품,골프백,토트백,,헤지스골프,72560,fashion
1095678861,[헤지스골프] 헤지스여성 평상겸용 골프백 겸 토트백 크로스백 헤지스가방 HWBA6F703,골프용품,골프백,토트백,,헤지스골프,146870,fashion
1089504271,닥스 골프 여성 25FW 선물추천ONLINE EXCLUSIVE 블랙믹스 시즌백 체크 플리츠 토트백 DNGF5F964BA,골프용품,골프백,토트백,,닥스골프,101840,fashion
1134461722,닥스 골프 여성 26FW ONLINE EXCLUSIVE 블랙 빅체크 플랩 토트백 DNGF6F904BK,골프용품,골프백,토트백,,닥스골프,122400,fashion
1077344083,[마스터바니에디션] 여성 메탈 심볼 투웨이백(421D3BG110) 421D3BG110,골프용품,골프백,토트백,,마스타버니에디션(백),112860,fashion
1106576431,[GS] 볼빅 V로고 에어핏 벨트백 선물패키지,골프용품,골프백,파우치,,볼빅,33900,fashion
1092117090,[어뉴골프] UNI SQUARE 3ZIP POUCH_BK,골프용품,골프백,파우치,,어뉴,112770,fashion
1092879828,[무료배송]까스텔바작 에떼르넬 여성 토트백 BWEW-GB501,골프용품,골프백,파우치,,까스텔바작,47940,fashion
1114891111,[테일러메이드] 골프가방 에센셜 프로 파우치 TCBP69001 (TL871) 블랙 TCBP69002197,골프용품,골프백,파우치,,테일러메이드,68400,fashion
1076156138,[링스] [25SS] 스포티 트롤리 캐디백 L11E1CB201_BK,골프용품,골프백,파우치,,링스,374300,fashion
1123394636,"모니즈 [GS ONLY] 샤르르 플리츠 햇빛차단 팔토시 골프 드라이빙 쿨토시 자외선차단율 90%이상 (왼&오 한쌍씩 4세트, 총8개)",골프용품,골프잡화,UV차단,,모니즈,9980,fashion
54176534,헬로버디 UV 자외선차단 힙업 골프스타킹 몸매보정 여자골프웨어(발목 레깅스타입),골프용품,골프잡화,UV차단,,헬로버디,12840,fashion
1110217257,엔조이핏 15D 여성 속바지 골프스타킹 UV 자외선차단 보정 올풀림방지,골프용품,골프잡화,UV차단,,엔조이핏,10900,fashion
1088184781,볼빅 아쿠아엑스 손등커버 쿨토시 자외선차단 파크골프 운전 낚시 등산 스포츠 쿨토시 팔토시,골프용품,골프잡화,UV차단,,볼빅,9900,fashion
1013018038,[무료배송]듀라핏 남성 플렉서블 아쿠아 UV차단 골프 냉감 이너웨어 LT02,골프용품,골프잡화,UV차단,,기타브랜드,16830,fashion
1054985679,[PXG 공식]PXG AVIATOR SUNGLASSES (MATT KHAKI),골프용품,골프잡화,기타골프잡화,,피엑스지,359000,fashion
1134525454,[와이드앵글] WWW23Z03 WG 캐릭터 머프 헤드워머 WWW23Z03,골프용품,골프잡화,기타골프잡화,,와이드앵글,10000,fashion
1119030903,여성 스마일 슬릿 패턴 마프,골프용품,골프잡화,기타골프잡화,,파리게이츠,32020,fashion
1135257331,[세인트앤드류스] 여성 레이스 블록 캐시미어 니트 워머,골프용품,골프잡화,기타골프잡화,,세인트앤드류스,101760,fashion
1135519868,[와이드앵글] WWW23Z05Z1  CO 패딩 숏레그워머 (Black) WWW23Z05,골프용품,골프잡화,기타골프잡화,,와이드앵글,10000,fashion
1132026119,[GS]까스텔바작 드루아 자외선 차단 마스크 골프 러닝 스포츠,골프용품,골프잡화,마스크,,까스텔바작,11190,fashion
1088453436,[PGA 투어] 쿨드레프트 UV 쿨링 마스크 1장 + 손가락 팔토시 1장 / 스포츠 골프 자외선 마스크,골프용품,골프잡화,마스크,,피지에이투어,5580,fashion
1113817050,헬로제인 99% 자외선차단 골프 마스크 2개 핑크,골프용품,골프잡화,마스크,,이지스,13900,fashion
1073330930,라라무브 골프마스크 여름 냉감 얼굴가리개 스포츠 햇빛가리개 안면 패치 쿨 등산 라이딩 바이크 테니스,골프용품,골프잡화,마스크,,라라무브,13210,fashion
1037755007,2개구성 자외선차단 여름 쿨 골프마스크 햇빛차단 스포츠마스크,골프용품,골프잡화,마스크,,기타브랜드,7800,fashion
1065471043,[마스터바니] 여성 메탈 심볼 버클 벨트,골프용품,골프잡화,벨트,,마스터바니,72680,fashion
1045919626,[GS]볼빅 빅버클 프리사이즈 남성 골프벨트 VAIPBT,골프용품,골프잡화,벨트,,볼빅,23410,fashion
1045919624,[GS]볼빅 클래식 사이즈 조절 남성 골프 벨트 VAIPBT,골프용품,골프잡화,벨트,,볼빅,16830,fashion
1075639722,[와이드앵글] 여성 CO 심플 링 슬림 벨트_WWU23Y01,골프용품,골프잡화,벨트,,와이드앵글,18600,fashion
1134518127,[와이드앵글] WMW23V03 CO 니트 저지 양손장갑 WMW23V03,골프용품,골프잡화,벨트,,와이드앵글,10000,fashion
1047788066,엔조이핏 여성 투톤 골프스타킹 스트라이프 UV 자외선 차단 반반,골프용품,골프잡화,양말,,엔조이핏,9810,fashion
1044906351,엔조이핏 45D 여성 골프스타킹 자외선차단 여자 보정 발고리형,골프용품,골프잡화,양말,,엔조이핏,10710,fashion
1122241654,엔조이핏 30D 여성 골프스타킹 밑트임 고리형 UV 자외선차단 보정 냉감,골프용품,골프잡화,양말,,엔조이핏,10900,fashion
1039777107,여성 CO 패턴 자가드 니하이 삭스_WWU23S09W2,골프용품,골프잡화,양말,,와이드앵글,2790,fashion
1091881139,[와이드앵글]CO 리본 포인트 니삭스 WWU24S07Z1,골프용품,골프잡화,양말,,와이드앵글,6000,fashion
1042432386,Gag정품 G-002 남성신발 스니커즈 골프화 스크린 소가죽 캐주얼,골프용품,골프화,남성골프화,,개그,51220,fashion
1045919571,[GS]까스텔바작 스포티G 가죽 남성 골프화 24GS202,골프용품,골프화,남성골프화,,까스텔바작,83660,fashion
1061364398,[캠퍼공식] 25SS 남성 골프화 CADDIE G100701-002,골프용품,골프화,남성골프화,,캠퍼,186240,fashion
1134707493,[JDX]남성 스파이크리스 골프화(X4ATT3971WH),골프용품,골프화,남성골프화,,제이디엑스,22120,fashion
1054463254,스케쳐스 고 골프 엘리트5 남성 골프화 SP0MGCDX021 - UN,골프용품,골프화,남성골프화,,스케쳐스,93060,fashion
1028131334,[울시] 여성 소가죽골프방한부츠_4종 택1 HWWB2W01FG0,골프용품,골프화,여성골프화,,울시,18910,fashion
1115317924,에스유니 미끄럼방지 베이직 여성 키높이 스니커즈 캐주얼 운동화 골프화 4cm,골프용품,골프화,여성골프화,,에스유니,58110,fashion
1028131295,[울시] 여성 킬티더블클래식골프화_베리페이 HWWG2F01FG0404,골프용품,골프화,여성골프화,,울시,37910,fashion
1058208892,다운블로우 여성 다이얼 스파이크리스 골프화 1300W,골프용품,골프화,여성골프화,,다운블로우,39900,fashion
1090334326,(가격인하) [데상트골프] 여성 TAP-IN BOA (여성 탭인 보아핏시스템),골프용품,골프화,여성골프화,,데상트골프,172240,fashion
1134323962,[와이드앵글]여성 WG 투웨이 벙어리 양손장갑 WWW23V03Z1,골프용품,필드용품,기타필드용품,,와이드앵글,10000,fashion
1012646515,여성 우비 코트형 판초우의 예쁜 골프 패션우비 레인코트 롱우의,골프용품,필드용품,기타필드용품,,기타브랜드,17200,fashion
1127921461,울시 여성 UV차단 우양산_3종 택1 APWSUM26S90W,골프용품,필드용품,우산,,울시,28410,fashion
1031876536,[메트로시티(우양산)]별꽃 차광 양산 MPSJ-0122,골프용품,필드용품,우산,,메트로시티 장갑(백화점),31450,fashion
1087755199,[닥스(우양산)]암막 우양산 로지 PBI044I,골프용품,필드용품,우산,,닥스 양우산(백화점),56880,fashion
1078935972,[닥스(우양산)]3단 암막 우양산 더블체인 PBI050I,골프용품,필드용품,우산,,닥스 양우산(백화점),36000,fashion
1052158022,[닥스(우양산)]3단 슬림 우양산 PBO028I 닥스정원1,골프용품,필드용품,우산,,닥스 양우산(백화점),42480,fashion
1135836374,[울시] 남성 봄 가디건 3종 택1 APWSCD24S01M,골프의류,남성골프의류,가디건,,울시,39900,fashion
1094116100,[울시] 남성 가디건_2종 택1 APWSCD25F08M,골프의류,남성골프의류,가디건,,울시,47410,fashion
1045416907,럭스골프 남성 브이넥 방풍 니트 가디건 LB3W703,골프의류,남성골프의류,가디건,,럭스골프,70900,fashion
1108216372,울시 남성 봄니트집업가디건 APWSCD26S66MBK,골프의류,남성골프의류,가디건,,울시,47410,fashion
1061584959,[파리게이츠] (511D3SD205)남성 브이넥 컬러 믹스 니트 가디건 511D3SD205,골프의류,남성골프의류,가디건,,파리게이츠,172160,fashion
1129106251,울시 남성 간절기 스판 밴딩팬츠 3장 세트,골프의류,남성골프의류,긴바지,,울시,35120,fashion
1091119406,바스키아 남성 약기모 치노팬츠 2종,골프의류,남성골프의류,긴바지,,바스키아,35910,fashion
1134251836,까스텔바작 남성용 메종 원턱 더블 웨빙 팬츠 1종,골프의류,남성골프의류,긴바지,,까스텔바작,49000,fashion
55970383,골프웨어 남성 포인트백 간절기 봄/가을 골프바지/정장바지,골프의류,남성골프의류,긴바지,,삼공오공,27720,fashion
1134103868,26FW 최신상 잭니클라우스 남성 기모 팬츠 3종,골프의류,남성골프의류,긴바지,,잭니클라우스,129000,fashion
1067474902,[팜스프링스] 남녀 메커니컬 간절기 카라티셔츠 13종 택1,골프의류,남성골프의류,긴팔티셔츠,,팜스프링스,7510,fashion
1063832538,"[아놀드파마] [TAG가 89,000원] 남성 PK 시그니처 긴팔 카라 티셔츠",골프의류,남성골프의류,긴팔티셔츠,,아놀드파마,18910,fashion
1105099331,바스키아 남성 아트워크 긴팔티셔츠 3종,골프의류,남성골프의류,긴팔티셔츠,,바스키아,49900,fashion
1110922832,[2장세트] 김영주골프 남성 에어리움 카라 긴팔 티셔츠(M7OPST57),골프의류,남성골프의류,긴팔티셔츠,,이지바이,35910,fashion
1067474921,[팜스프링스] 남성 메커니컬 간절기 카라티셔츠 6종 택1,골프의류,남성골프의류,긴팔티셔츠,,팜스프링스,7510,fashion
1065577366,[비버리힐즈폴로클럽] 남여 자수 케이블 라운드 긴팔 니트티셔츠,골프의류,남성골프의류,니트/스웨터,,JEANMANIA,35910,fashion
1109588579,잭니클라우스 라운드 니트 풀오버 남성 3컬러 택1,골프의류,남성골프의류,니트/스웨터,,잭니클라우스,35900,fashion
1134856689,[JDX]남성 소매 포인트 라운드 티셔츠(X2TLW1446NA),골프의류,남성골프의류,니트/스웨터,,제이디엑스,30270,fashion
1050892084,[세인트앤드류스] 남성 사이드 플래킷 칼라 니트(811D1SR107) 811D1SR107,골프의류,남성골프의류,니트/스웨터,,세인트앤드류스,119200,fashion
1019000487,아디다스골프 남성 그래픽 풀오버 긴팔 스웨터 블랙 HG8221,골프의류,남성골프의류,니트/스웨터,,아디다스 골프,53100,fashion
1041654078,[EXR] 남성 레이저 웜 퀄팅 점퍼,골프의류,남성골프의류,다운/패딩,,EXR,19900,fashion
1133303615,잭니클라우스 남성 간절기 경량 재킷 1종,골프의류,남성골프의류,다운/패딩,,잭니클라우스,69000,fashion
1066633159,"[출고가 219,000원] 밀레 후드 인퀼팅 덕다운 패딩 남성 2컬러 택1",골프의류,남성골프의류,다운/패딩,,밀레골프,99000,fashion
1136075994,[잭니클라우스] 26FW 웨더자켓 남성,골프의류,남성골프의류,다운/패딩,,잭니클라우스,76540,fashion
1102375246,"[TAG가 450,000] 크로커다일 공식 투톤 덕다운 웜 패딩 점퍼",골프의류,남성골프의류,다운/패딩,,크로커다일,27200,fashion
1097441464,[미시간] 25SS 남여 후드 셋업 트레이닝 세트,골프의류,남성골프의류,맨투맨/후드,,미시간,22000,fashion
1110214483,[오프로드] 남성 라이트 플로우 셋업 2종택1,골프의류,남성골프의류,맨투맨/후드,,오프로드,52000,fashion
1106373648,푸마골프 보머 쮸리 후드 남녀 5컬러 택1,골프의류,남성골프의류,맨투맨/후드,,푸마골프,19900,fashion
1106576532,"[택가 278,000원] 챌린저 남성 기모저지 반집업 후디 긴팔티셔츠 라이트그레이",골프의류,남성골프의류,맨투맨/후드,,챌린저골프,83400,fashion
1105098036,바스키아 남성 뉴 더블지퍼 바람막이 점퍼 1종,골프의류,남성골프의류,바람막이,,바스키아,53910,fashion
1105096978,바스키아 남성 심실링 라이트 바람막이 재킷 1종,골프의류,남성골프의류,바람막이,,바스키아,62910,fashion
1097323197,[빌트모아] 남성 골프웨어 디테쳐블 사파리 점퍼,골프의류,남성골프의류,바람막이,,빌트모아,71200,fashion
1110386701,바스키아 남성 브리즈 홑겹 라이트 재킷 1종,골프의류,남성골프의류,바람막이,,바스키아,39920,fashion
1045835499,[무료배송]마스터베어 코튼 바람막이 니트 자켓 MBW123,골프의류,남성골프의류,바람막이,,마스터베어,45970,fashion
1085619953,푸마골프 밴딩 스판 반바지 남성 3컬러 택1,골프의류,남성골프의류,반바지,,푸마골프,13900,fashion
1092359334,다니골프 (S~L)온 필드 버뮤다팬츠,골프의류,남성골프의류,반바지,,다니골프,69120,fashion
1079250926,[김영주골프]여름 스웨트 루즈핏 버뮤다 카고 하프팬츠 남성 캐주얼 반바지 DPMMHS47,골프의류,남성골프의류,반바지,,김영주골프,40740,fashion
1011770729,[럭스골프] 남성 솔리드 베이직 반바지 N3BE2M505,골프의류,남성골프의류,반바지,,럭스골프,25950,fashion
1084850980,[빌트모아] 남성 골프웨어 우븐 트레이닝 반바지,골프의류,남성골프의류,반바지,,빌트모아,31500,fashion
1130399407,드루 남성용 카라 티셔츠 2종 세트,골프의류,남성골프의류,반팔티셔츠,,드루,39000,fashion
1129408844,르까프 26년  남성 데일리 반팔카라티 5종,골프의류,남성골프의류,반팔티셔츠,,르까프,35910,fashion
1104791515,닥스 골프 남성 25SS 스테디셀러 블랙 로고자수 면혼방 반팔폴로티셔츠 WGTS5B410BK,골프의류,남성골프의류,반팔티셔츠,,닥스골프,68400,fashion
1058333658,[김영주] 남성 골프웨어 밸런스 냉감 쿨링 반팔 카라 티셔츠,골프의류,남성골프의류,반팔티셔츠,,김영주,15200,fashion
1086551127,[특가] 이지바이 쿨스킨 남성 반팔 골프 스포츠웨어 아웃도어 데일리 티셔츠(M6SS47),골프의류,남성골프의류,반팔티셔츠,,이지바이,1900,fashion
1080099476,푸마골프 하프집업 셋업(상의+하의) 남성 2컬러 택1,골프의류,남성골프의류,자켓/코트,,푸마골프,29900,fashion
1133305691,[와이드앵글] WMU23112Z1  CO 프라임 트윌 블루종 자켓 M (Black) WMU23112,골프의류,남성골프의류,자켓/코트,,와이드앵글,59000,fashion
1050159610,[세인트앤드류스] 남성 스웨터 믹스 집업 점퍼(811D1JP101) 811D1JP101,골프의류,남성골프의류,자켓/코트,,세인트앤드류스,143200,fashion
1049805738,[GS]클라우스 경량 남성 여름 콤비자켓 KL4015,골프의류,남성골프의류,자켓/코트,,클라우스,68300,fashion
1095514078,럭스골프 남성 래글런 멀티 포켓 후드 집업 유틸리티 자켓 MX25A809,골프의류,남성골프의류,자켓/코트,,럭스골프,59900,fashion
1077357269,간절기 민트 베스트,골프의류,남성골프의류,조끼,,코튼데이,9810,fashion
1114974935,까스텔바작 시어 에어리 에어홀 베스트 남성용,골프의류,남성골프의류,조끼,,까스텔바작,69000,fashion
1067321972,[나이키골프]FQ0448-010 나이키 써마 핏 ADV 리펠 골프 베스트,골프의류,남성골프의류,조끼,,나이키골프,98500,fashion
1039623026,[무료배송]마스터베어 밴딩 풀집업 남성 골프 기모 조끼 MBW102,골프의류,남성골프의류,조끼,,마스터베어,30930,fashion
1029995450,[팬텀] 남성 후드 탈부착 로고 테잎 점퍼 베스트,골프의류,남성골프의류,조끼,,팬텀,58650,fashion
1124808739,"[비버리힐스폴로클럽][TAG가116,400원] 여성 데일리 쿨터치 니트 가디건 TK108",골프의류,여성골프의류,가디건,,비버리힐스폴로클럽,27900,fashion
1062026027,[파리게이츠] (521D3SV301)여성 패턴 후드 니트 베스트 521D3SV301,골프의류,여성골프의류,가디건,,파리게이츠,133760,fashion
1105155685,[주간BEST][데니스골프] 26SS신상 여성 울 블렌디드 클래식 배색 로고 가디건 그린_HD4FLSP991,골프의류,여성골프의류,가디건,,데니스골프,18000,fashion
1092193627,[파리게이츠] (521E3JV282)여성 페이크 레더 퀼팅 패딩 베스트 521E3JV282,골프의류,여성골프의류,가디건,,파리게이츠,79200,fashion
1069601654,[파리게이츠] (521D3SD304)여성 컬러 패턴 집업 가디건 521D3SD304,골프의류,여성골프의류,가디건,,파리게이츠,109650,fashion
1073383913,[2장세트] 팜스프링스 여성 메커니컬 간절기 카라티셔츠,골프의류,여성골프의류,긴팔티셔츠,,팜스프링스,11610,fashion
1135246337,[GS단독] 1+ 1 밀레골프 로고 긴팔 카라티 여성세트,골프의류,여성골프의류,긴팔티셔츠,,밀레골프,27900,fashion
1110447969,[울시] 여성 봄 베이스 레이어_3종택1 APWSTS26S56W,골프의류,여성골프의류,긴팔티셔츠,,울시,28410,fashion
1106396297,헤지스 골프 여성 25SS 스테디셀러 네이비 스트라이프 면 긴팔티셔츠 WWTS5A903N3,골프의류,여성골프의류,긴팔티셔츠,,헤지스골프,52250,fashion
1059922922,"[출고가 52,000원] 밀레골프 로고 긴팔 카라티 여성 3컬러 택1",골프의류,여성골프의류,긴팔티셔츠,,밀레골프,14900,fashion
1121850712,[무료배송][데니스골프] 26SS신상 여성 소프트핏 버튼 포인트 니트풀오버_RARMLSP155,골프의류,여성골프의류,니트/스웨터,,데니스골프,15300,fashion
1060904913,[파리게이츠] (522D3SW961)여성 배색 로고 라운드 니트 522D3SW961,골프의류,여성골프의류,니트/스웨터,,파리게이츠,135200,fashion
1080692638,"[비버리힐스폴로클럽][TAG가148,000원] 여성 프론트 케이블 반팔니트 9종택1 TK218 _",골프의류,여성골프의류,니트/스웨터,,비버리힐스폴로클럽,21900,fashion
1042819566,[어뉴골프] 여성 WOMEN DYEING PULLOVER_RE,골프의류,여성골프의류,니트/스웨터,,어뉴,150570,fashion
1134282206,[무료배송][DENNIS] 26FW신상 여성 레이어드 니트 스웨터 3종 택1,골프의류,여성골프의류,니트/스웨터,,데니스골프,37000,fashion
1131854758,닥스 골프 여성 25FW MD픽스테디셀러 블랙 체크안감 퀼팅 패딩자켓 WNJU5D700BK,골프의류,여성골프의류,다운/패딩,,닥스골프,308700,fashion
1133498779,[엠유스포츠]여성 스윙 경량 다운 블랙 MUW54DJ3BK,골프의류,여성골프의류,다운/패딩,,MU SPORTS,99000,fashion
1041351568,[PING] 여성 후드 변형 구스 다운 점퍼,골프의류,여성골프의류,다운/패딩,,PING,109650,fashion
1134461489,닥스 골프 여성 26FW ONLINE EXCLUSIVE 블랙 퀼팅 중기장 점퍼 DNJU6D903BK,골프의류,여성골프의류,다운/패딩,,닥스골프,352800,fashion
1040233958,[PING] 여성 사선 지퍼 패딩 점퍼,골프의류,여성골프의류,다운/패딩,,PING,67150,fashion
1110214515,[오프로드] 여성 라이트 플로우 셋업 3종택1,골프의류,여성골프의류,맨투맨/후드,,오프로드,52000,fashion
1133676685,바스키아 여성 맨투맨 2종 (B501W-2),골프의류,여성골프의류,맨투맨/후드,,바스키아,49880,fashion
1095357387,"(IN)[론칭가 179,000] 가이거골프 후드 트레이닝 셋업",골프의류,여성골프의류,맨투맨/후드,,가이거골프,77220,fashion
1096102270,"(IN)[론칭가 139,000] 가이거골프 여성 미니 후드 스웨터",골프의류,여성골프의류,맨투맨/후드,,가이거골프,39510,fashion
1095357375,"(IN)[론칭가 239,000] 가이거골프 여성 LUX 트레이닝 골프셋업",골프의류,여성골프의류,맨투맨/후드,,가이거골프,68310,fashion
1079667883,[김영주] 여성 골프웨어 냉감 쿨링 쿨터치 민소매니트,골프의류,여성골프의류,민소매티셔츠,,김영주,28000,fashion
1040101301,[팬텀] 여성 카라 넥변형 민소매 티셔츠,골프의류,여성골프의류,민소매티셔츠,,팬텀,41650,fashion
1110739753,[마스터바니] 여성 우븐 믹스 후드 슬리브리스 티셔츠,골프의류,여성골프의류,민소매티셔츠,,마스터바니,139110,fashion
1135171591,[가격인하] 여성 스트링 슬리브리스 티셔츠,골프의류,여성골프의류,민소매티셔츠,,파리게이츠,109670,fashion
1038928163,[팬텀] 여성 카라 넥변형 민소매 티셔츠,골프의류,여성골프의류,민소매티셔츠,,팬텀,41650,fashion
1080758515,푸마골프 레터링 후드 셋업(상의+하의) 여성 3컬러 택1,골프의류,여성골프의류,바람막이,,푸마골프,29900,fashion
1105096300,바스키아 여성 심실링 라이트 바람막이 재킷 1종,골프의류,여성골프의류,바람막이,,바스키아,62910,fashion
1105097498,바스키아 여성 뉴 더블지퍼 바람막이 재킷 1종,골프의류,여성골프의류,바람막이,,바스키아,53910,fashion
1114040417,[아다바트] 26SS 여름점퍼 1종 여성,골프의류,여성골프의류,바람막이,,아다바트,33880,fashion
1115663481,(블랙컬러)애시워스 여성용 간절기 리얼방수 바람막이,골프의류,여성골프의류,바람막이,,애시워스,39900,fashion
1053343409,"[출고가 60,000원] 밀레골프 베이직 필드 팬츠 여성 3컬러 택1",골프의류,여성골프의류,바지,,밀레골프,19900,fashion
1106203884,바스키아 여성 컬러웨이 오버다잉 데님팬츠 1종,골프의류,여성골프의류,바지,,바스키아,44910,fashion
1111693997,"[출고가 80,000원] 아다바트 밴딩 7부 팬츠 여성 3컬러 택1",골프의류,여성골프의류,바지,,아다바트,11000,fashion
1053337758,[김영주] 여성 골프웨어 스판 9부 배기 팬츠,골프의류,여성골프의류,바지,,김영주,23200,fashion
1135378134,[울시]26FW 신상 세미 와이드 카고 팬츠 1종 (여성),골프의류,여성골프의류,바지,,울시,59000,fashion
1130398203,드루 여성용 반팔 티셔츠 2종,골프의류,여성골프의류,반팔티셔츠,,드루,39000,fashion
1110377489,바스키아 여성 아트워크 라운드 반팔티셔츠 4종,골프의류,여성골프의류,반팔티셔츠,,바스키아,35910,fashion
1129410593,르까프 26년  여성 데일리 반팔카라티 5종,골프의류,여성골프의류,반팔티셔츠,,르까프,35910,fashion
1107790746,[2장세트] 팜스프링스 여성 드라이쿨 반팔 카라티셔츠,골프의류,여성골프의류,반팔티셔츠,,팜스프링스,11610,fashion
1106201961,헤지스 골프 여성 25SS 스테디셀러 블랙 체크 반팔폴로티셔츠 WWSW5A371BK,골프의류,여성골프의류,반팔티셔츠,,헤지스골프,78840,fashion
1061193544,[파리게이츠] (522D3PC981)여성 레터링 플리츠 큐롯 스커트 522D3PC981,골프의류,여성골프의류,스커트,,파리게이츠,114560,fashion
1059944322,[파리게이츠] (521D3PC203)여성 페이크 버튼 티어드 플레어 큐롯 스커트 P21D3PC203,골프의류,여성골프의류,스커트,,파리게이츠,63200,fashion
1130846933,[벤제프]여성 벨크로 벨트 플레어 큐롯 BO4MWCU612,골프의류,여성골프의류,스커트,,벤제프,34920,fashion
1093497531,[gs] 듀빅 여성 엠보 프린트 언발란스 플리츠 큐롯 DF3WCU471,골프의류,여성골프의류,스커트,,듀빅,84000,fashion
1037389169,[팬텀] 여성 변형 플리츠 큐롯 스커트,골프의류,여성골프의류,스커트,,팬텀,50150,fashion
1061379893,[마스터바니에디션] 여성 메쉬 레터링 후드 집업 원피스(421D3JO102) 421D3JO102,골프의류,여성골프의류,원피스,,마스타버니에디션(백),159030,fashion
1090647742,[와이드앵글]여성 CF 니트 믹스 플레어 원피스 WWM22W43Z1,골프의류,여성골프의류,원피스,,와이드앵글,49000,fashion
1111862127,[무료배송][GS단독][데니스골프] 26SS신상 여성 스윙핏 플레어 카라 원피스_NARMLOP384,골프의류,여성골프의류,원피스,,데니스골프,23400,fashion
1061621341,[김영주] 여성 골프웨어 올프린트 PK 원피스,골프의류,여성골프의류,원피스,,김영주,23200,fashion
1052771324,[김영주] 여성 골프웨어 리비카 라운드 스판 루즈핏 원피스,골프의류,여성골프의류,원피스,,김영주,39200,fashion
1110384551,바스키아 여성 브리즈 시어 홑겹 라이트 재킷 1종,골프의류,여성골프의류,자켓/코트,,바스키아,39920,fashion
1111693925,[밀레골프] 퍼펙트핏 트리코트 집업 남녀 6컬러 택1,골프의류,여성골프의류,자켓/코트,,밀레골프,27000,fashion
1092349078,밀레 고기능 웨더 자켓 여성 4컬러 택1,골프의류,여성골프의류,자켓/코트,,밀레골프,29000,fashion
1133303691,잭니클라우스 여성 간절기 경량 재킷 1종,골프의류,여성골프의류,자켓/코트,,잭니클라우스,69000,fashion
1091939491,[PXG공식] 여성 MA-1 자켓-PJFPW610421,골프의류,여성골프의류,자켓/코트,,피엑스지,259750,fashion
1049590128,[PING] 여성 카라 점퍼 베스트,골프의류,여성골프의류,조끼,,PING,24650,fashion
1134246383,[볼빅어패럴] 여성 골프 브이제 니트 베스트 VLKVN891_BK,골프의류,여성골프의류,조끼,,볼빅,50150,fashion
1107768733,[데니스골프]26SS신상 여성 에어플로우 아노락 베스트_NARMLVT262,골프의류,여성골프의류,조끼,,데니스골프,23830,fashion
1061893261,[PING] 여성 버튼 브이넥 니트 베스트,골프의류,여성골프의류,조끼,,PING,67150,fashion
1134199264,[JDX] 여성 다이아 베스트(X2WVV8161BK),골프의류,여성골프의류,조끼,,제이디엑스,39240,fashion
1080605936,[파라고나] 남여공용 소프트 카고 밴딩 팬츠 6컬러 3사이즈 U25CP101,등산/아웃도어,남성등산의류,바지,,PARAGONA,9900,fashion
1007531439,캠브리지 봄 가을 스판바지 등산바지,등산/아웃도어,남성등산의류,바지,,마켓킹,19900,fashion
1134476207,[K2] 남성 부스트 가을 마운틴 팬츠_KMU24399,등산/아웃도어,남성등산의류,바지,,K2,46500,fashion
1064886512,[파라고나] 남여공용 봄가을 텍스처 와이드 밴딩 팬츠 8컬러 3사이즈 B23P304,등산/아웃도어,남성등산의류,바지,,PARAGONA,14940,fashion
1043952273,노스페이스 NP6KP12ABC 남성 MA 트레이닝 팬츠 NP6KP12,등산/아웃도어,남성등산의류,바지,,노스페이스,39000,fashion
1135000990,[디스커버리] 남성 디하스 카라넥 튜브 다운 미드패딩 2종 택1 DMDJ8A056-SET,등산/아웃도어,남성등산의류,다운/패딩,,디스커버리,172260,fashion
1134335791,[스노우피크 어패럴] 랜드 경량 다운 자켓 (S24WMGDJ60) Cocoa (S24WMGDJ60),등산/아웃도어,남성등산의류,다운/패딩,,스노우피크,98100,fashion
1096334372,[역시즌특가]내셔널지오그래픽N254UDW941 레이만 하이넥 덕다운 점퍼 BLACK,등산/아웃도어,남성등산의류,다운/패딩,,내셔널지오그래픽,156980,fashion
1134965187,디스커버리 26FW 변우석착장 남성 올버트 후드 초경량 패딩 DMPD75066,등산/아웃도어,남성등산의류,다운/패딩,,디스커버리,194370,fashion
1136365224,컬럼비아 26FW 최신상 남성 옴니히트 가을 자켓 1종(바람막이),등산/아웃도어,남성등산의류,바람막이/아노락,,컬럼비아,109000,fashion
1106176629,컬럼비아 남성 옴니쉴드 자켓 바람막이 1종,등산/아웃도어,남성등산의류,바람막이/아노락,,컬럼비아,82770,fashion
1092021760,"K2[택가 249,000원]남성 KMU24 193 간절기 바람막이자켓  하이킹 2L 자켓 JS",등산/아웃도어,남성등산의류,바람막이/아노락,,K2,67500,fashion
1076070105,디스커버리 [봄 할인] 이월특가 남성 베르텍스 3L 방수자켓/기능성 방풍 발수 간절기 운동복 바람막이 DMWJ3G051 DONGTAN,등산/아웃도어,남성등산의류,바람막이/아노락,,디스커버리,93240,fashion
1110221073,내셔널지오그래픽 N262UJP910 월리스 후드 풀집업 바람막이 BLACK,등산/아웃도어,남성등산의류,바람막이/아노락,,내셔널지오그래픽,100390,fashion
1108786711,"디스커버리 25SS 이월/할인 세미오버핏 남성 니트 후드집업 자켓/조거팬츠 트레이닝 세트 DMTR29051,DMTP29051-GSAN",등산/아웃도어,남성등산의류,자켓/플리스,,디스커버리,92260,fashion
1092701980,[K2] 남성 부스트 시그널 자켓_KMU24181,등산/아웃도어,남성등산의류,자켓/플리스,,K2,60450,fashion
1081274780,디스커버리 25년 여름 이월/할인 남성 프레시벤트 경량 윌버 블루종 항공 점퍼/나일론/냉감기능/캐주얼/세미오버핏 DMWJ7G053-DXMIA,등산/아웃도어,남성등산의류,자켓/플리스,,디스커버리,76050,fashion
1134264722,"디스커버리 [택가159,000원] 남성 자가드 후드 플리스 자켓 DMSS33054",등산/아웃도어,남성등산의류,자켓/플리스,,디스커버리,81090,fashion
1104636899,[아이더 (행사)]디테쳐블 남성 여성 구스다운 경량 슬림패딩 (탈착시 조끼) DMP23543_DWP2354,등산/아웃도어,남성등산의류,조끼,,아이더,66750,fashion
1120453415,노스페이스 조끼 남성 오베드 베스트 NV5VR04C_SLA,등산/아웃도어,남성등산의류,조끼,,노스페이스,44100,fashion
1092618731,[역시즌특가][택가149000원] N254UDV920 헤론 U넥 경량 구스다운 베스트 4종택 1,등산/아웃도어,남성등산의류,조끼,,내셔널지오그래픽,89400,fashion
1050168857,[아이더] 남성 온더락 경량 베스트 조끼_DMM23601,등산/아웃도어,남성등산의류,조끼,,아이더,45570,fashion
1101059088,내셔널지오그래픽 N261UDV010 케루스 경량 구스다운 베스트 BLACK,등산/아웃도어,남성등산의류,조끼,,내셔널지오그래픽,74120,fashion
1106871888,[파라고나] 무지 오버핏 기본 후드티 맨투맨 택1,등산/아웃도어,남성등산의류,티셔츠,,PARAGONA,12870,fashion
1092892799,[케이투 (행사)]k2 남성 간절기 카라 가을 스트라이프 폴로 티셔츠 KMU24281-JS,등산/아웃도어,남성등산의류,티셔츠,,K2,35200,fashion
1080659810,블랙야크 폴로 긴팔티셔츠 등산 스포츠 카라 남성 클래식,등산/아웃도어,남성등산의류,티셔츠,,블랙야크,40800,fashion
1080233816,블랙야크 긴팔티셔츠 엣지 폴로티셔츠 등산 카라 남성,등산/아웃도어,남성등산의류,티셔츠,,블랙야크,45050,fashion
1129772751,트렉스타 남성용 에어 라이트 카라티 5종,등산/아웃도어,남성등산의류,티셔츠,,트렉스타,49900,fashion
1096093999,내셔널지오그래픽 N254UWT351 플러피 슬립온 V2 BLACK,등산/아웃도어,등산용품,기타등산용품,,내셔널지오그래픽,56960,fashion
1108146687,노스페이스 반다나 페이즐리 80S NA5BS01,등산/아웃도어,등산용품,기타등산용품,,노스페이스,11400,fashion
1108784696,노스페이스  (NA5TS01A) 티엔에프 훅 벨트,등산/아웃도어,등산용품,기타등산용품,,노스페이스,26100,fashion
1112820407,K2 케이투 남녀공용 반다나 멀티스카프 80수 순면 손수건 KUA25903,등산/아웃도어,등산용품,기타등산용품,,K2,8550,fashion
1106875891,[파라고나] 남성 냉감 토시 티셔츠 일체형 아웃도어 스포츠웨어 A26T212,등산/아웃도어,등산용품,기타등산용품,,PARAGONA,15930,fashion
1074406392,[노스페이스] 노스페이스 심플 로고 캡 NE3CQ71 YDH NE3CQ71,등산/아웃도어,등산용품,등산모자,,노스페이스,22500,fashion
1087495774,"[정상소매가 78,000원][코오롱스포츠]남녀공용 고어텍스 트레킹 돔햇 QERFX24132CRE",등산/아웃도어,등산용품,등산모자,,코오롱스포츠,35100,fashion
1031553236,블랙야크 메쉬모자 여름 등산 햇빛가리개모자 여성 남자,등산/아웃도어,등산용품,등산모자,,블랙야크,22530,fashion
1077584048,아이더 세이프티 안전모 모자 햇빛가리개 차양막 자외선차단 쿨링 썬가드,등산/아웃도어,등산용품,등산모자,,아이더,13260,fashion
1122578516,[디스커버리] 디스커버리 25년 신상품 모자 DXCP7025N 남여공용 캠프캡 데일리 패션모자 DXCP7025N,등산/아웃도어,등산용품,등산모자,,디스커버리,25200,fashion
1136052203,엔비 [2개세트] 남여공용 컴팩트 폴더블 백팩 남녀공용 초경량 생활방수 10L 등산 여행 가방,등산/아웃도어,등산용품,등산가방,,엔비,16900,fashion
1078696926,디스커버리 25SS이월할인 남여공용 배낭 데일리 라운드 백팩 DXBK3095N,등산/아웃도어,등산용품,등산가방,,디스커버리,49050,fashion
1078240204,"디스커버리 [택가 119,000원] 25년/할인 남여공용 신학기 컨사이즈 라운드 노트북 백팩 DXBK1145N-DXNW",등산/아웃도어,등산용품,등산가방,,디스커버리,46410,fashion
1103060769,[디스커버리] DXBK3094N 남여공용 데일리 라운드 백팩 경량백팩 여행가방 스포츠가방 DXBK3094N,등산/아웃도어,등산용품,등산가방,,디스커버리,39240,fashion
67704338,[버팔로]산들배낭-25L 등산 가방 BBA0009BK,등산/아웃도어,등산용품,등산가방,,버팔로,29500,fashion
1092957868,국산 10켤레 소프트 더블쿠션 사계절 데일리 양말 등산/스포츠/기능성/두꺼운 남성 여성,등산/아웃도어,등산용품,등산양말,,라이프폼,15750,fashion
1085593525,홈쇼핑 100만켤레 판매 돌파 브이존 기능성 레포츠 등산양말 12켤레 국내산,등산/아웃도어,등산용품,등산양말,,폴턴,29900,fashion
63732587,5켤레 제이케이 국산 남성 여성 등산양말 스포츠 작업 장목,등산/아웃도어,등산용품,등산양말,,기타,6900,fashion
1063324830,에버라스트 남성 여성 중목 장목 쿠션 등산양말 4팩 균일가 모음,등산/아웃도어,등산용품,등산양말,,에버라스트,11900,fashion
1128220770,디스커버리 할인 세일 이월 행사 남여공용 라인포인트 하이삭스/양말/등산/러닝/운동/일상/장목/스포츠/덧신 DXSO7054N-GSGN,등산/아웃도어,등산용품,등산양말,,디스커버리,3240,fashion
1107622410,"[택가65,000원] 네파 공용 시그마 고어텍스 윈드스토퍼 장갑 7JE8107",등산/아웃도어,등산용품,등산장갑,,네파,18720,fashion
1133582433,스노우피크 랜드 경량 패딩 장갑 Olive (S25WUTGL63),등산/아웃도어,등산용품,등산장갑,,스노우피크,37240,fashion
1066676266,[밀레 (행사)]여성 겨울 기모 등산장갑 오픈 PS 글러브_MXSWL903,등산/아웃도어,등산용품,등산장갑,,밀레,10270,fashion
1134646207,코오롱스포츠  남녀공용 스트레치 장갑 QEHFX24101LPI,등산/아웃도어,등산용품,등산장갑,,코오롱스포츠,25000,fashion
1116378678,노스페이스  (NJ3FS00B) 쿨 라이트 하프 글러브,등산/아웃도어,등산용품,등산장갑,,노스페이스,32400,fashion
1110593685,[노스페이스] 노스페이스 NS93S01B 남여공용 트레킹화 시에라 NS93S01,등산/아웃도어,등산화/트레킹화,경등산화,,노스페이스,81270,fashion
1112113554,[네파] (7L17665) 남성 컴포 트래블 경량 니트 슬립온 캐주얼화 7L17665,등산/아웃도어,등산화/트레킹화,경등산화,,네파,58800,fashion
1105783875,노스페이스 NS97S03 남성 벡티브 엔듀리스 4 NS97S03A,등산/아웃도어,등산화/트레킹화,경등산화,,노스페이스,132340,fashion
1056216498,[디스커버리] DXSH4124N 마운틴 GT (DXSH4124N) DXSH4124N,등산/아웃도어,등산화/트레킹화,경등산화,,디스커버리,69500,fashion
1117646766,"아이더[택가 269,000원]남여공용 하이킹화 (퀀텀에어로쿠쉬) DUS24G26",등산/아웃도어,등산화/트레킹화,경등산화,,아이더,88290,fashion
1106568590,K2(수지착용)(양말증정)고어텍스 하이킹화 플라이하이크 스카이 FUS26G10-(GS),등산/아웃도어,등산화/트레킹화,중등산화,,K2,186480,fashion
1048710426,[밀레 본사] 밀레 엘라스모 BOA_MXTSB908,등산/아웃도어,등산화/트레킹화,중등산화,,밀레,70500,fashion
1136047870,[레드페이스 본사] 공용 콘트라밸리미드등산화 RESGMCX22101,등산/아웃도어,등산화/트레킹화,중등산화,,레드페이스,40000,fashion
1114487076,[케이투] 양말증정 클라임노바 등산 행사 사계절 공용 고어텍스 다이얼 발목 등산화  N4,등산/아웃도어,등산화/트레킹화,중등산화,,K2,141950,fashion
1048710412,[밀레 본사] 썬더라이트 하이크_MXTSB924,등산/아웃도어,등산화/트레킹화,중등산화,,밀레,70500,fashion
1121037047,[네파이젠벅][26SS 최신상]  에어홀 다이얼 워킹화 남성용,등산/아웃도어,등산화/트레킹화,트레킹샌들,,네파이젠벅,55200,fashion
1053885973,디스커버리 26년 신상 남성/여성/공용 웨이브샌디 퀵레이스 경량트레킹샌들/여름용아웃도어신발 DXMIA DXSH7244N,등산/아웃도어,등산화/트레킹화,트레킹샌들,,디스커버리,70960,fashion
1111693998,[밀레] 메쉬 샌들 남녀 5컬러 택1,등산/아웃도어,등산화/트레킹화,트레킹샌들,,밀레,36000,fashion
1083416659,디스커버리 남여공용 웨이브 샌디 여름 샌들 DXSH7244N-ICSH,등산/아웃도어,등산화/트레킹화,트레킹샌들,,디스커버리,70960,fashion
1089107323,[콜핑] 여성 워터슈즈 에어로빅 요가 스판 실내화 남자 아쿠아슈즈 KSC138FM5U,등산/아웃도어,등산화/트레킹화,트레킹샌들,,콜핑,3240,fashion
1074992374,[GS단독]FILA 하이크온 데일리 운동화 겸 트레킹화 여성용,등산/아웃도어,등산화/트레킹화,트레킹화,,FILA,49900,fashion
1107382552,FILA 26년  테렉스 여성용 데일리 운동화 겸 트레킹화,등산/아웃도어,등산화/트레킹화,트레킹화,,FILA,59900,fashion
1107381957,FILA 26년  테렉스 남성용 데일리 운동화 겸 트레킹화,등산/아웃도어,등산화/트레킹화,트레킹화,,FILA,59900,fashion
1055408629,"[택가259,000원] 네파 여성 트립퍼 고어텍스 보아 7K27622",등산/아웃도어,등산화/트레킹화,트레킹화,,네파,54600,fashion
1071665414,FILA 테렉스 데일리 운동화 겸 트레킹화 여성용,등산/아웃도어,등산화/트레킹화,트레킹화,,FILA,59900,fashion
1045764678,노스페이스 NP6KP32ABC 여성 MA 트레이닝 팬츠 NP6KP32,등산/아웃도어,여성등산의류,바지/스커트,,노스페이스,39000,fashion
1077712526,디스커버리 25SS 이월/할인/여성/데일리/캐주얼/와이드팬츠/냉감소재 프레시벤트 파라슈트 팬츠 DWPT7D053,등산/아웃도어,여성등산의류,바지/스커트,,디스커버리,49050,fashion
1135004727,[디스커버리] 여성 내추럴 우븐 트레이닝 스트링 팬츠 3종 택1 DWTP43054-SET,등산/아웃도어,여성등산의류,바지/스커트,,디스커버리,74970,fashion
1079237663,디스커버리 25SS 이월/할인/여성/베스트상품/냉감소재/프레시벤트 테이퍼드 카고조거팬츠 DWPT74053,등산/아웃도어,여성등산의류,바지/스커트,,디스커버리,50040,fashion
1123219838,[아이더 (행사)]여성 여름 기능성 퀀텀 아이스 팬츠 DWM22331,등산/아웃도어,여성등산의류,바지/스커트,,아이더,16910,fashion
1134258611,컬럼비아 26FW 최신상 여성 옴니히트 자켓 1종,등산/아웃도어,여성등산의류,다운/패딩,,컬럼비아,109000,fashion
1067694203,"[택가489,000원] 네파 여성 벤투스 퍼텍스 퀀텀 사파리 다운자켓 7K82070",등산/아웃도어,여성등산의류,다운/패딩,,네파,142500,fashion
1135002036,[디스커버리] 여성 멜로즈 튜브 다운 롱패딩 3종 택1 DWDJ9I056-SET,등산/아웃도어,여성등산의류,다운/패딩,,디스커버리,213570,fashion
1092618858,[무료교환반품][택가169000원] N254WDW920 여성 헤론 U넥 경량 구스다운 점퍼 종택,등산/아웃도어,여성등산의류,다운/패딩,,내셔널지오그래픽,101400,fashion
1133751625,K2 여성 겨울 실크스타 거위털 경량 다운 패딩 자켓 KWU24544YDP,등산/아웃도어,여성등산의류,다운/패딩,,K2,100800,fashion
1050736567,캔디팝 여성 경량 바람막이 후드 롱 자켓(AB42JK015W),등산/아웃도어,여성등산의류,바람막이/아노락,,이지바이,29830,fashion
1060166686,"[택가209,000원] 네파 여성 마운틴 방풍자켓 7K60601",등산/아웃도어,여성등산의류,바람막이/아노락,,네파,61620,fashion
1078134455,디스커버리 25SS 이월/할인/여성/바람막이/베르텍스 지퍼포인트 자켓 DWWJ43051,등산/아웃도어,여성등산의류,바람막이/아노락,,디스커버리,68040,fashion
1078481172,디스커버리 25SS 여름 이월/할인 여성 프레시벤트 패커블 경량 바람막이/냉감기능/아웃도어자켓 DXMIA DWWJ74053,등산/아웃도어,여성등산의류,바람막이/아노락,,디스커버리,85860,fashion
1065037665,간절기 아웃도어 여성 바람막이 후드점퍼 가을 자켓,등산/아웃도어,여성등산의류,바람막이/아노락,,SELLERHUBSHOP,29700,fashion
97246586,[GS단독] 블루밍 여성 보아 플리스 집업 자켓(ST23JK021W),등산/아웃도어,여성등산의류,자켓/플리스,,이지바이,11970,fashion
1067694183,"[택가79,000원] 네파 여성 팔라스 스탠넥 플리스자켓 7K86181",등산/아웃도어,여성등산의류,자켓/플리스,,네파,20000,fashion
1133489266,[GS단독] 노스페이스 26FW최신상 스너그 플리스재킷 1종 (남녀공용),등산/아웃도어,여성등산의류,자켓/플리스,,노스페이스,125100,fashion
1134700177,여성 내추럴 우븐 트레이닝 자켓 (BLACK),등산/아웃도어,여성등산의류,자켓/플리스,,디스커버리,87570,fashion
1135004467,[디스커버리] 여성 내추럴 우븐 트레이닝 자켓 3종 택1 DWTR43054-SET,등산/아웃도어,여성등산의류,자켓/플리스,,디스커버리,87570,fashion
1069134881,[역시즌특가][택가149000원]내셔널지오그래픽 N244WDV920 여성 헤론 U넥 경량 구스 다운 베스트 택1,등산/아웃도어,여성등산의류,조끼,,내셔널지오그래픽,67050,fashion
1134303062,[스노우피크 어패럴] 랜드 여성 경량 다운 베스트 (S24WWGDV61) Olive (S24WWGDV61),등산/아웃도어,여성등산의류,조끼,,스노우피크,80100,fashion
1134043885,[케이투] KWU24662 [택가149000] 여성 심플 캐주얼 시그니처 경량 헝가리 구스 다운 베스트 조끼 C7,등산/아웃도어,여성등산의류,조끼,,K2,51600,fashion
1121498987,[K2] 여성 부스트 패딩 베스트 조끼_KWP25682,등산/아웃도어,여성등산의류,조끼,,K2,44640,fashion
1133445933,노스페이스 패딩조끼 공용 눕시 온볼 베스트 NV3NQ53A B C,등산/아웃도어,여성등산의류,조끼,,노스페이스,134100,fashion
1085532155,디스커버리 25SS 여름 이월/할인 남녀공용 프레시벤트 세미오버핏 크랙 박스그래픽 면 반팔티셔츠/변우석착용/냉감기능성 DXMIA DXRS8R053,등산/아웃도어,여성등산의류,티셔츠,,디스커버리,31050,fashion
1092856012,내셔널지오그래픽 여성 크롭 후드 티셔츠 N233WHD010,등산/아웃도어,여성등산의류,티셔츠,,내셔널지오그래픽,32130,fashion
1115952358,디스커버리 25SS 여름 이월(할인) 남여공용 프레시벤트 스몰로고 세미오버핏 반팔티셔츠/캐주얼/면소재/커플/냉감기능성 DXRS7Q053,등산/아웃도어,여성등산의류,티셔츠,,디스커버리,28350,fashion
1082029106,디스커버리 25년 여름 이월/할인 여성 프레시벤트/냉감 스몰로고 그래픽 반팔티셔츠/기능성캐주얼의류 DWRS94053-DXMIA,등산/아웃도어,여성등산의류,티셔츠,,디스커버리,26460,fashion
1134628806,[택가109000원]내셔널지오그래픽 N243UHD930 폴하스 스몰로고 후디 M GREY,등산/아웃도어,여성등산의류,티셔츠,,내셔널지오그래픽,49050,fashion
1076804818,에센스 레귤러핏 집업 래쉬가드 세트 A5BM1PC05BLK,수영/물놀이,남성수영복,래쉬가드,,아레나수영복(백화점),81180,fashion
1033391277,밀레 레귤러핏 래쉬가드 3종세트 남성/여성 (자켓+상의+반바지),수영/물놀이,남성수영복,래쉬가드,,밀레,41000,fashion
1125819526,디스커버리 25년 여름 이월/할인 남성 핫썸머 그래픽 슬리브리스 나시 워터티셔츠/래쉬가드/자외선차단기능/민소매수영복 DMSW77053-DXMIA,수영/물놀이,남성수영복,래쉬가드,,디스커버리,31050,fashion
1034481517,에어워크서프 남성래쉬가드 보드숏 eLAWe0912,수영/물놀이,남성수영복,래쉬가드,,에어워크,29000,fashion
36947515,[헤링본] 남자 래쉬가드세트 빅사이즈 비치웨어 RC104 AC902,수영/물놀이,남성수영복,래쉬가드,,헤링본,39900,fashion
1130335546,[나이키스윔] 남아 폴리 블렌드 솔리드 재머 NESS9743 실내수영 NESS9743,수영/물놀이,남성수영복,비치웨어,,나이키스윔,50150,fashion
1112504408,[나이키스윔] 나이키스윔 남성 오리진스 포맨 오버랩 스퀘어 레그 브리프(숏사각) NESSG032-371 G032371,수영/물놀이,남성수영복,비치웨어,,나이키스윔,63200,fashion
35399280,헤링본 남성 워터레깅스 중년 스윔팬츠 래쉬가드 비치 반바지 수영복 빅사이즈 보드숏 AC902M,수영/물놀이,남성수영복,비치웨어,,헤링본,32900,fashion
1059294908,베이직엘르 남성 후드집업 래쉬가드 비치반바지 세트 BEM-W901N,수영/물놀이,남성수영복,비치웨어,,베이직엘르,52900,fashion
1054858113,나이키 스윔 하이드라스트롱 재머 남자 탄탄이 5부 실내 수영복 NESSA006-001,수영/물놀이,남성수영복,사각수영복,,나이키,55930,fashion
1134812342,[배럴] 코리아 에디션 숏사각 수영복 코리아 (B6FMSMS602KOR),수영/물놀이,남성수영복,사각수영복,,BARREL,69000,fashion
1075164993,[배럴] 맨 마블 3부 재머 수영복 그린 (B5SMSMS116GRE),수영/물놀이,남성수영복,사각수영복,,BARREL,37200,fashion
1017494322,[티막]남자 실내수영복 UKP0454,수영/물놀이,남성수영복,사각수영복,,티막,13500,fashion
1135528631,[티막]플레이어스 남자 숏사각 QXP0464_NG,수영/물놀이,남성수영복,사각수영복,,티막,9350,fashion
1127387933,[나이키] 스윔 브레이커 에센셜 5인치 쇼츠 스윔팬츠 수영복 반,수영/물놀이,남성수영복,삼각수영복,,나이키,55500,fashion
1082568107,[배럴] 스윔슈트 이너 브라캡 베이지 (B5SWAAC001BEG),수영/물놀이,수영용품,기타수영용품,,BARREL,6090,fashion
1060425290,아레나 볼륨 실리콘 브라캡 AP06,수영/물놀이,수영용품,기타수영용품,,아레나,10800,fashion
1126240577,아레나 셔레이드쇼 판초 타월 A6SM1OG01-WHT,수영/물놀이,수영용품,기타수영용품,,아레나수영복(백화점),64780,fashion
1053368658,[아레나]굿데이 이지핏 코팅수모 A4AC1AQ02WHT-IDG,수영/물놀이,수영용품,기타수영용품,,아레나수영복(백화점),17000,fashion
1057959881,[티막]여성 가디건 커버업 GKM5202,수영/물놀이,수영용품,비치타월,,티막,24650,fashion
1106014415,[아레나공식] 습식타올(대) A6AC1AX05PPL,수영/물놀이,수영용품,비치타월,,아레나,31500,fashion
1019422372,[티막]여성 비치 래쉬가드 3피스 UKM0209NV,수영/물놀이,수영용품,비치타월,,티막,29700,fashion
1101983710,(별별창고) 비치타올 비치타월 목욕 특대형 타올,수영/물놀이,수영용품,비치타월,,SELLERHUBSHOP,4600,fashion
1090186404,아트박스/이룸 대형 비치타올 극세사 타월,수영/물놀이,수영용품,비치타월,,이룸,6180,fashion
1075180025,[배럴] 스위머즈 바스켓 토트백 11L 네이비 (B5SUABG006NAV),수영/물놀이,수영용품,수영가방,,BARREL,31810,fashion
1080662107,[배럴] 메쉬 토트백 16L 핑크 (B5SUABG018PNK),수영/물놀이,수영용품,수영가방,,BARREL,15640,fashion
1133195137,[에이티와이스윔]히지 방수 실리콘 수영가방 L F85899 수영가방,수영/물놀이,수영용품,수영가방,,기타브랜드,31730,fashion
1123506646,아레나 수영손가방 A5AC1AB15BLK,수영/물놀이,수영용품,수영가방,,아레나수영복(백화점),44280,fashion
1010407777,루페 드라이백 캠핑 수영 물놀이 생활 방수 가방 10L,수영/물놀이,수영용품,수영가방,,Roope,11900,fashion
1109311306,아레나 수영 2종세트(썸머덕 실리콘 수모)(비크 와일드 수경),수영/물놀이,수영용품,수영모자,,아레나,45800,fashion
1126696679,긴머리 여성 아쿠아로빅 수영모 실내 수영용 모자 수영모자,수영/물놀이,수영용품,수영모자,,조폭병아리,11000,fashion
1119254283,(아레나)A6AC1AC17-JD 프레쉬 가든 실리콘수모,수영/물놀이,수영용품,수영모자,,아레나수영복(백화점),20700,fashion
1104287229,(아레나)A6AC1AC13-JD 지오볼트 실리콘수모,수영/물놀이,수영용품,수영모자,,아레나수영복(백화점),22500,fashion
1060424810,아쿠스 실리콘 수모 오리크루 AC83A22,수영/물놀이,수영용품,수영모자,,아쿠스,9900,fashion
1086882109,[헤링본] 여자 래쉬가드세트 루즈핏 긴팔 집업 수영복 워터레깅스 투인원 반바지 RI382 AI329,수영/물놀이,여성수영복,래쉬가드,,헤링본,63900,fashion
1081969433,[헤링본] 여자 래쉬가드세트 루즈핏 수영복 크롭 후드 긴팔 반바지 스윔팬츠 RI389 AE306,수영/물놀이,여성수영복,래쉬가드,,헤링본,60800,fashion
1085428350,A5BL1LH03_IYDP 마린 플레이어4부 지퍼반신수영복,수영/물놀이,여성수영복,래쉬가드,,아레나수영복(백화점),72980,fashion
1013365871,헤링본 여자 래쉬가드 집업 긴팔 상의 레귤러핏 수영복 빅사이즈 비치웨어 바캉스 스윔 RF338W,수영/물놀이,여성수영복,래쉬가드,,헤링본,29900,fashion
90336646,블랙  M~3XL 여성래쉬가드세트 여자레쉬가드 빅사이즈수영복,수영/물놀이,여성수영복,래쉬가드,,후르츠라이,39900,fashion
1130928657,[아레나공식](온라인전용) 솔티선샤인 3부 반신 수퍼플라이백 A5SL1PL53GRN,수영/물놀이,여성수영복,반신수영복,,아레나,50400,fashion
1085436708,제테스 여성 와이드스트랩 크로스백 2부 실내수영복 BLACK PEARL L9A5025,수영/물놀이,여성수영복,반신수영복,,제테스,45800,fashion
1118478685,[아레나] 팝러쉬 3부 반신 A6BL1PL53 NVY (주머니백 증정) 여성일반  U백 실내수영복 A6BL1PL53,수영/물놀이,여성수영복,반신수영복,,아레나수영복(백화점),80100,fashion
1062249712,여성 트윙클 U-BACK 2부 반신 수영복 LF2E061_PP,수영/물놀이,여성수영복,반신수영복,,레노마수영복,72980,fashion
1107962536,[아레나] 아레나 선웨이브  A6SL1LH09 BLK (주머니백 증정) 여성일반 수퍼플라이백 3부반신 실내수영복 A6SL1LH09,수영/물놀이,여성수영복,반신수영복,,아레나수영복(백화점),125100,fashion
1112660211,[나이키스윔] 나이키스윔 여성수영복 앤서 솔리드 패스트백 자수 앤 로우컷   NESSA040,수영/물놀이,여성수영복,비치웨어,,나이키스윔,79200,fashion
1112663089,[나이키스윔] 나이키스윔 여성수영복 앤서 솔리드 레이서백 자수 앤 미들하이컷   NESSA017,수영/물놀이,여성수영복,비치웨어,,나이키스윔,79200,fashion
1112667756,[나이키스윔] 여자수영복 앤서 솔리드 패스트백 NESSA040-536 NESSA040-536,수영/물놀이,여성수영복,비치웨어,,나이키스윔,79200,fashion
1112545485,[나이키스윔] 나이키 스윔 여성 수영복 앤서 솔리드 패스트백 자수 앤 로우컷 NESSA040-536 A040536A,수영/물놀이,여성수영복,비치웨어,,나이키스윔,79200,fashion
1117948512,[나이키스윔] 나이키 여성 앤서 솔리드 레이서백(자수로고) 게임로얄 NESSA017-494 A017494A,수영/물놀이,여성수영복,비치웨어,,나이키스윔,79200,fashion
1107823217,여성 비치 크로셰 커버업 플레어 모노키니 택1 LS2G913_MA,수영/물놀이,여성수영복,비키니/모노키니,,레노마수영복,61500,fashion
1079610483,LND 여성 모노키니 일체형 원피스 수영복 여자 체형커버 휴양지,수영/물놀이,여성수영복,비키니/모노키니,,라라데이빗,21900,fashion
1078653939,[배럴] 우먼 노티컬 레터링 원피스 로얄블루 (B5SWWWS023RBL),수영/물놀이,여성수영복,비키니/모노키니,,BARREL,47980,fashion
1077288269,[배럴] 우먼 노티컬 긴팔 원피스 아이보리 (B5SWWWS021IVR),수영/물놀이,여성수영복,비키니/모노키니,,BARREL,58760,fashion
1104505854,[레노마] 여성 실내수영복 탈부착 브라캡 RP2D006,수영/물놀이,여성수영복,비키니/모노키니,,레노마수영복,4100,fashion
1130928605,[아레나공식](온라인전용) 솔티선샤인 원피스 수퍼플라이백 A5SL1PL43NVY,수영/물놀이,여성수영복,원피스수영복,,아레나,58500,fashion
1117636522,[아레나공식](온라인전용) 플라워퍼즐 크로스 스트랩백 A5FL1PL44NVY,수영/물놀이,여성수영복,원피스수영복,,아레나,53100,fashion
1118482044,[아레나] 오션플로우 원피스 A6BL1PL50 MNT (주머니백 증정) 여성 일반 U백 실내수영복 A6BL1PL50,수영/물놀이,여성수영복,원피스수영복,,아레나수영복(백화점),62100,fashion
1080018438,여성 믹스 X백 로우컷 원피스 수영복 LS2F806,수영/물놀이,여성수영복,원피스수영복,,레노마수영복,26240,fashion
1117727724,오션플로우  여성 원피스U백A6BL1PL50MNT,수영/물놀이,여성수영복,원피스수영복,,아레나수영복(백화점),56580,fashion
1054861076,나이키 스윔 앤서 워터 폴로 하이넥  수영복 NESSE001-001,수영/물놀이,여성수영복,전신수영복,,나이키,59930,fashion
1055658743,나이키 스윔 앤서 솔리드 패스트백 하이컷 수영복 2종택일,수영/물놀이,여성수영복,전신수영복,,나이키,47520,fashion
1117780927,[오아이오아이컬렉션]LAYERED LOGO SWIMSUIT [WHITE],수영/물놀이,여성수영복,전신수영복,,오아이오아이,13900,fashion
1135000531,[디스커버리] 남성 사파리 다운 숏패딩 2종 택1 DMDJ59056-SET,스포츠의류,남성스포츠의류,다운/패딩,,디스커버리,219870,fashion
1135000640,[디스커버리] 남성 베르겐 고어 윈드스토퍼 구스다운 경량패딩 2종 택1 DMDJ7A056-SET,스포츠의류,남성스포츠의류,다운/패딩,,디스커버리,251370,fashion
1106588667,아디다스 유틸리티 후드 패딩점퍼 파카 올리브 GT1700,스포츠의류,남성스포츠의류,다운/패딩,,아디다스,34900,fashion
1135000330,[디스커버리] 남성 고쉬 구스다운 롱패딩 2종 택1 DMDJ7E056-SET,스포츠의류,남성스포츠의류,다운/패딩,,디스커버리,390600,fashion
1097928652,[나이키] 스포츠웨어 클럽 남성 써마 핏 패딩 재킷 IB2976-068,스포츠의류,남성스포츠의류,다운/패딩,,나이키,269000,fashion
1108463431,[나이키] 후드집업 프렌치테리 기본 스우시 로고 후드티,스포츠의류,남성스포츠의류,맨투맨,,나이키,39970,fashion
1096250547,[나이키] 클럽 남성 플리스 크루 FN3887-010,스포츠의류,남성스포츠의류,맨투맨,,나이키,42000,fashion
1062724609,[르꼬끄공식] [60% OFF] 풋볼 유니 리벳 맨투맨 (QP423FFSO1),스포츠의류,남성스포츠의류,맨투맨,,르꼬끄,24360,fashion
1093841064,나이키 NSW 프렌치테리 맨투맨 BV2666,스포츠의류,남성스포츠의류,맨투맨,,나이키,29900,fashion
1093187124,[뉴발란스]UNIESS클래식기모맨투맨_NBNCE41113,스포츠의류,남성스포츠의류,맨투맨,,뉴발란스,39900,fashion
1105936374,엄브로 액티브 올라운드 에어홀 스탠넥 바람막이 자켓 UQ123SJK22,스포츠의류,남성스포츠의류,바람막이/아노락,,엄브로,82900,fashion
1102281110,[나이키] 윈드러너 남성 라인드 재킷 HV8370-010,스포츠의류,남성스포츠의류,바람막이/아노락,,나이키,98600,fashion
1129917769,뉴발란스 스포츠 바람막이 자켓 점퍼 블랙 MJ51900-BK,스포츠의류,남성스포츠의류,바람막이/아노락,,뉴발란스,79960,fashion
1049841716,"[커버낫] [TAG가 159,000] 컴피 나일론 윈드브레이커 점퍼 블랙",스포츠의류,남성스포츠의류,바람막이/아노락,,커버낫,69960,fashion
1086882021,언더아머 남성 바람막이 UA 라이벌 우븐 윈드브레이커 블랙 1390149-001,스포츠의류,남성스포츠의류,바람막이/아노락,,언더아머,66930,fashion
1087417786,푸마 레귤러핏 밴딩 팬츠 남성 3컬러 택1,스포츠의류,남성스포츠의류,긴바지,,푸마,12900,fashion
1086157472,푸마 트리코트 조거팬츠 남성 3컬러 택1,스포츠의류,남성스포츠의류,긴바지,,푸마,12900,fashion
1062724592,[르꼬끄공식] [60% OFF] 듀스 기모 안감 팬츠 (QP323TPT91),스포츠의류,남성스포츠의류,긴바지,,르꼬끄,34200,fashion
1128098911,[나이키] 클럽 남성 프렌치 테리 오픈 헴 팬츠 HQ4423-064,스포츠의류,남성스포츠의류,긴바지,,나이키,44240,fashion
1034794077,[나이키] 드라이 핏 폼 남성 팬츠 FB7491-010,스포츠의류,남성스포츠의류,긴바지,,나이키,41400,fashion
1116561480,[나이키] 스포츠웨어 클럽 남성 오버사이즈 프렌치 테리 쇼츠 II5713-010,스포츠의류,남성스포츠의류,반바지,,나이키,47600,fashion
1029718696,[나이키] 7인치 언라인드버서타일쇼츠DV9858-010,스포츠의류,남성스포츠의류,반바지,,나이키,33040,fashion
1121086685,네파이젠벅 썸머 반바지 남녀공용 2컬러 택1,스포츠의류,남성스포츠의류,반바지,,네파이젠벅,9900,fashion
55656403,[정품] 나이키 드라이 핏 파크 3 니트 쇼츠 반바지 (BV6855-010),스포츠의류,남성스포츠의류,반바지,,나이키,16630,fashion
1051500103,[언더아머] 남성용 론치 5인치 2 IN 1 쇼츠 1382640-001,스포츠의류,남성스포츠의류,반바지,,언더아머,38610,fashion
1062679471,[GS단독특가][르꼬끄공식] [40% OFF] [온라인단독] 유니 네오 선데이 듀스 오버 자켓 (QP323TJK91),스포츠의류,남성스포츠의류,자켓/코트,,르꼬끄,63680,fashion
1017360343,아디다스 컴뱃스포츠 트레드 범버 자켓 져지 남여공용 BXWJK01(블랙),스포츠의류,남성스포츠의류,자켓/코트,,아디다스,28350,fashion
1073398058,"[TAG가 155,000원] [나이키] 스트라이드 남성 리펠 UV 러닝 재킷 HV4549-010",스포츠의류,남성스포츠의류,자켓/코트,,나이키,86800,fashion
1075049687,[나이키] 클럽 남성 후드 재킷 HJ2013-010,스포츠의류,남성스포츠의류,자켓/코트,,나이키,79990,fashion
1036014136,[나이키] 폼 남성 드라이 핏 후드 다용도 재킷 FB7483-010,스포츠의류,남성스포츠의류,자켓/코트,,나이키,51630,fashion
1064160836,[르꼬끄공식] [60% OFF] 듀스 리버시블 베스트 (QP423TPDO1),스포츠의류,남성스포츠의류,조끼,,르꼬끄,44040,fashion
1076247953,[코몽트] 남성 메쉬 포켓 집업 베스트 블랙,스포츠의류,남성스포츠의류,조끼,,코몽트,5900,fashion
1095527501,LJS  다이나핏  남녀공용 유넥 튜브 슬림 다운 베스트 (YUW23550),스포츠의류,남성스포츠의류,조끼,,다이나핏,60000,fashion
1133660145,[스노우피크] 랜드 경량 다운 베스트 Cocoa (S24WMGDV60)_SP S24WMG-DV60 CA,스포츠의류,남성스포츠의류,조끼,,스노우피크,89000,fashion
1098310955,LJS  다이나핏  남녀공용 (그라운드 20) 미들 다운 베스트 (YUW23553),스포츠의류,남성스포츠의류,조끼,,다이나핏,75000,fashion
1135298089,남녀 간절기 트레이닝복세트 긴팔티+바지세트 균일가,스포츠의류,남성스포츠의류,트레이닝복/세트,,TENZERO,8900,fashion
1133401028,아디다스 남성 하이드로 5.0 퍼포먼스 수트 4종,스포츠의류,남성스포츠의류,트레이닝복/세트,,아디다스,149000,fashion
1073255741,[나이키](SET) NSW 클럽 프렌치테리 맨투맨 + 조거팬츠,스포츠의류,남성스포츠의류,트레이닝복/세트,,나이키,48410,fashion
1094135226,아디다스 클라이마-웜 테크 웜웨어 남성 3세트,스포츠의류,남성스포츠의류,트레이닝복/세트,,아디다스,69300,fashion
1075692622,[정품] 아디다스 3S 트리콧 트랙 수트 트레이닝복 세트 (JI8858),스포츠의류,남성스포츠의류,트레이닝복/세트,,아디다스,55930,fashion
1107910411,[푸마] 남성 소로나 긴팔 티셔츠 4종,스포츠의류,남성스포츠의류,티셔츠,,푸마,52430,fashion
1135828574,[울시]26FW 신상 후드 집업 니트 2종 (베스트 + 후드),스포츠의류,남성스포츠의류,티셔츠,,울시,84650,fashion
1111946338,[나이키] 남성 드라이 핏 트레이닝 티셔츠 IO1426-100,스포츠의류,남성스포츠의류,티셔츠,,나이키,19600,fashion
1135790984,"[르까프][초특가] 데일리 집업 티셔츠 4종, 남성_26609646_64299",스포츠의류,남성스포츠의류,티셔츠,,르까프,30730,fashion
1136422225,[나이키] 스트라이드 남성 드라이 핏 러닝 와플 크루 HV2706-010,스포츠의류,남성스포츠의류,티셔츠,,나이키,58390,fashion
1120700954,[디스커버리] 여성 올리아 글로우 다운 숏패딩 (BLACK) DWDJ94056-BKS,스포츠의류,여성스포츠의류,다운/패딩,,디스커버리,161460,fashion
1101161674,"[출고가 219,000원] 네파이젠벅 스트레치 인퀼팅 패딩 여성 3컬러 택1",스포츠의류,여성스포츠의류,다운/패딩,,네파이젠벅,39900,fashion
1071740159,펠틱스 여성 패딩 기모 셋업 2종 (F14W-2),스포츠의류,여성스포츠의류,다운/패딩,,엔엔에프,29900,fashion
1097060458,여성 레스터G 구스다운 롱패딩 (BLACK),스포츠의류,여성스포츠의류,다운/패딩,,디스커버리,307300,fashion
1120700721,[디스커버리] 여성 올리아 글로우 다운 숏패딩 7종 택1 DWDJ94056-SET,스포츠의류,여성스포츠의류,다운/패딩,,디스커버리,179400,fashion
1115738687,[캘빈클라인] 간절기 맨투맨 여성 3컬러 택1,스포츠의류,여성스포츠의류,맨투맨,,캘빈클라인,28900,fashion
1092176886,[르꼬끄공식] [30% OFF] 여성 브이넥 루즈핏 맨투맨 QQ322LFS91,스포츠의류,여성스포츠의류,맨투맨,,르꼬끄,45350,fashion
1133197215,[르꼬끄] 여성 더블텐션 루즈핏 크롭 맨투맨 티셔츠 QP322OFS71 PINK QP322OFS71PNK,스포츠의류,여성스포츠의류,맨투맨,,르꼬끄,24030,fashion
1136133926,반스 더블 스탠다드 풀오버 후디 VN00105KY28 블랙,스포츠의류,여성스포츠의류,맨투맨,,반스,74250,fashion
1063658923,[르꼬끄공식] [60% OFF] 여성 멜로우 반집업 맨투맨 (QP422OFSO3),스포츠의류,여성스포츠의류,맨투맨,,르꼬끄,29280,fashion
1135214217,디스커버리 26FW 여성 웰니스10데니아 초경량 크롭 패딩 DWPD48066,스포츠의류,여성스포츠의류,바람막이/아노락,,디스커버리,185070,fashion
1094234907,"아이더 [택가 229,000원] 여성 기능성(보온성.경량) 패딩안감 방풍자켓 닥터가디건 (DWU22106)",스포츠의류,여성스포츠의류,바람막이/아노락,,아이더,45000,fashion
1128923943,노스페이스  (NJ3LS06D) 데이캠프 자켓,스포츠의류,여성스포츠의류,바람막이/아노락,,노스페이스,107460,fashion
1073398186,[나이키] 스위프트 여성 리펠 패커블 러닝 재킷 HQ0651-010,스포츠의류,여성스포츠의류,바람막이/아노락,,나이키,86800,fashion
1086157478,푸마 트리코트 조거팬츠 여성 3컬러 택1,스포츠의류,여성스포츠의류,긴바지,,푸마,12900,fashion
1126815568,르까프 26년  여성  이지 조거팬츠 4종,스포츠의류,여성스포츠의류,긴바지,,르까프,39900,fashion
1102772465,[나이키] 원 여성 드라이 핏 우븐 와이드 레그 팬츠 IQ0343-010,스포츠의류,여성스포츠의류,긴바지,,나이키,61390,fashion
1028699616,[GS특가] 테슬라 원마일 캐주얼 조거팬츠 TM-FBP77,스포츠의류,여성스포츠의류,긴바지,,테슬라,16800,fashion
1058579267,[르꼬끄공식] [60% OFF] 여성 더블텐션 스트레이트 팬츠 (QP322OFP71),스포츠의류,여성스포츠의류,긴바지,,르꼬끄,26820,fashion
1082221734,스프리스 여성 밴딩 코지 팬츠 핑크,스포츠의류,여성스포츠의류,반바지,,스프리스,7900,fashion
1122446578,[푸마]26신상 썸머 5부 팬츠 4종 남여공용,스포츠의류,여성스포츠의류,반바지,,푸마,44930,fashion
1102312732,[나이키] 드라이 핏 원 여성 미드라이즈 3인치 투인원 쇼츠 DX6013-013,스포츠의류,여성스포츠의류,반바지,,나이키,33040,fashion
92509859,[나이키] W 프로 365 5인치 쇼츠 CZ9832-010,스포츠의류,여성스포츠의류,반바지,,나이키,25200,fashion
1081451060,디스커버리 25년 여름 이월/할인 여성 프레시벤트/냉감 폴튼 경량 트레이닝 나일론 카고 쇼츠/기능성캐주얼반바지 DWTB9B053-DXMIA,스포츠의류,여성스포츠의류,반바지,,디스커버리,35550,fashion
1128198823,아디다스 여성 70s 롱 스커트 치마 JN8308,스포츠의류,여성스포츠의류,스커트,,아디다스,36340,fashion
1128198781,아디다스 여성 70s 롱 스커트 치마 JN8309,스포츠의류,여성스포츠의류,스커트,,아디다스,36340,fashion
1134340878,[모조에스핀] 케이프형 슬림핏 원피스_J263XSE005 J263XSE005,스포츠의류,여성스포츠의류,스커트,,모조에스핀,373150,fashion
1135149353,[캘러웨이] (CWPC25F404)A.I. 여성 플레어 큐롯 CWPC25F404,스포츠의류,여성스포츠의류,스커트,,캘러웨이골프(백화점),222880,fashion
1100629925,[라코스테공식] 여성 핏앤플레어 벨티드 폴로 드레스 EF5299-55N CAT,스포츠의류,여성스포츠의류,원피스,,라코스테,161460,fashion
1055245119,"[택가159,000원] 네파 여성 에코 브리즈 틴트 원피스 7K20660",스포츠의류,여성스포츠의류,원피스,,네파,37440,fashion
1101700134,캘빈클라인 스포츠 캐주얼 우븐 원피스 여성 4컬러 택1,스포츠의류,여성스포츠의류,원피스,,캘빈클라인,69000,fashion
1130401891,타미힐피거 여성 코튼 콘트라스트 웹 루즈 원피스 WW28223-DWS,스포츠의류,여성스포츠의류,원피스,,타미힐피거,59900,fashion
1059596320,[르꼬끄공식] [60% OFF] 여성 더블텐션 루즈핏 원피스 (QP322OOP71),스포츠의류,여성스포츠의류,원피스,,르꼬끄,31740,fashion
1128098953,[나이키] 스포츠웨어 여성 UV 루즈 핏 후드 재킷 IM8162-010,스포츠의류,여성스포츠의류,자켓/코트,,나이키,47400,fashion
1128098931,[나이키] 스포츠웨어 여성 UV 루즈 핏 후드 재킷 IM8162-133,스포츠의류,여성스포츠의류,자켓/코트,,나이키,45830,fashion
1134249342,캘빈클라인스포츠 26FW 최신상 여성 리버서블 자켓 1종,스포츠의류,여성스포츠의류,자켓/코트,,캘빈클라인스포츠,89000,fashion
1116561350,[나이키] 템포 여성 UV 차단 경량 러닝 재킷 IH7974-010,스포츠의류,여성스포츠의류,자켓/코트,,나이키,61040,fashion
1102772507,[나이키] 원 여성 드라이 핏 우븐 재킷 IB8984-010,스포츠의류,여성스포츠의류,자켓/코트,,나이키,47600,fashion
1104638638,[GS단독]1+ 1 [캘빈클라인]  소프트 플리스 베스트 여성세트,스포츠의류,여성스포츠의류,조끼,,캘빈클라인,36950,fashion
1104277627,"[출고가 79,000원] 캘빈클라인 스포츠 소프트 플리스 베스트 남녀 택1",스포츠의류,여성스포츠의류,조끼,,캘빈클라인,19900,fashion
1068713211,"[출고가 159,000원] 캘빈클라인 퍼포먼스 윈터 패딩 베스트 여성 3컬러 택 1",스포츠의류,여성스포츠의류,조끼,,캘빈클라인퍼포먼스,39900,fashion
1104277631,캘빈클라인 스포츠 여성 소프트 플리스 베스트 (베이지),스포츠의류,여성스포츠의류,조끼,,캘빈클라인,19900,fashion
1135988832,[르꼬끄] 여성 뤼미에르 크롭 다운 베스트 QP422ODVN1 WHITE BEIGE QP422ODVN1WBG,스포츠의류,여성스포츠의류,조끼,,르꼬끄,66050,fashion
1098250628,버커루 후드+조거팬츠 2종세트 여성 3컬러 택1,스포츠의류,여성스포츠의류,트레이닝복/세트,,버커루,29000,fashion
1115738425,[캘빈클라인] 간절기 트레이닝 팬츠 여성 3컬러 택1,스포츠의류,여성스포츠의류,트레이닝복/세트,,캘빈클라인,27900,fashion
1133401064,아디다스 여성 하이드로 5.0 퍼포먼스 수트 4종,스포츠의류,여성스포츠의류,트레이닝복/세트,,아디다스,149000,fashion
1134972012,아디다스 여성 하이드로 5.0 퍼포먼스 자켓,스포츠의류,여성스포츠의류,트레이닝복/세트,,아디다스,129000,fashion
1080705413,[미시간] 25SS 여성 스웻 셋업 트레이닝 세트,스포츠의류,여성스포츠의류,트레이닝복/세트,,미시간,22900,fashion
1102281903,[나이키] 원 클래식 여성 드라이 핏 긴팔 탑 FN2802-013,스포츠의류,여성스포츠의류,티셔츠,,나이키,36080,fashion
1102281762,[나이키] 원 클래식 여성 드라이 핏 반팔 탑 FN2799-013,스포츠의류,여성스포츠의류,티셔츠,,나이키,27440,fashion
1129004381,[나이키] NSW 여성 티셔츠 IW1198-060,스포츠의류,여성스포츠의류,티셔츠,,나이키,27440,fashion
1134252135,캘빈클라인스포츠 26FW 최신상 여성 데일리 모크넥 4종,스포츠의류,여성스포츠의류,티셔츠,,캘빈클라인스포츠,69000,fashion
1059295660,푸마 드라이셀 이지 티셔츠 여성 2컬러 택1,스포츠의류,여성스포츠의류,티셔츠,,푸마,10000,fashion
1093277432,아메리칸투어리스터 데일리 백팩,가방/지갑,남성가방,백팩,,American Tourister,99000,fashion
1093288092,아메리칸투어리스터 유틸리티 토트백,가방/지갑,남성가방,백팩,,American Tourister,79000,fashion
1100494976,[에스콰이아]뉴밸류 소가죽 백팩,가방/지갑,남성가방,백팩,,에스콰이아,48450,fashion
1091393474,[헤지스]블랙 단색 나일론 백팩 HJBA5F703BK,가방/지갑,남성가방,백팩,,헤지스 핸드백(백화점),185960,fashion
1076719898,롱샴 르 플리아쥬 오리지널 M 백팩  10284 089 001 (남여공용),가방/지갑,남성가방,백팩,,롱샴,334080,fashion
1103740820,[헤지스ACC] [남여공용] 블랙 나일론 서류가방 HJBA6E735BK,가방/지갑,남성가방,토트백/서류가방,,헤지스 핸드백(백화점),114240,fashion
1125190325,[헤지스] HJBA6F850BK_남성 블랙 참장식 서류형 크로스 겸용 토트백,가방/지갑,남성가방,토트백/서류가방,,헤지스 핸드백(백화점),144710,fashion
1097827758,헤지스 액세서리 남성 25SS 스테디셀러 블랙 로고프린트 가죽 서류가방 WUBA5E356BK,가방/지갑,남성가방,토트백/서류가방,,헤지스골프,96750,fashion
1121274460,[헤지스] HJBA6F851W3_남성용 브라운 로고배색 가죽 서류가방,가방/지갑,남성가방,토트백/서류가방,,헤지스 핸드백(백화점),144710,fashion
1106488334,[헤지스]HJBA6E601BK_남성 블랙 단색 소가죽 서류가방,가방/지갑,남성가방,토트백/서류가방,,헤지스 핸드백(백화점),270420,fashion
1120393893,[재입고] 헤지스 액세서리 26FW 선물추천 체크 니트 플랫백 HJBA6F011I3,가방/지갑,남성가방,숄더백,,헤지스맨 룰429,50550,fashion
1098803293,헤지스 액세서리 26SS 인기급상승SAVER 블랙 나일론 퍼피로고 탑지퍼 나일론 쇼퍼백 L HIBA6EE88BK,가방/지갑,남성가방,숄더백,,헤지스맨 룰429,95990,fashion
1131174900,헤지스 액세서리 26FW 남녀공용생활방수완판재입고 아이코닉 블랙 나일론 미니토트백 HJBA6FE20BK,가방/지갑,남성가방,숄더백,,헤지스맨 룰429,99360,fashion
1121429534,헤지스 액세서리 26FW 생활방수완판재입고 아이코닉 블랙 나일론 토트백 HJBA6FE21BK,가방/지갑,남성가방,숄더백,,헤지스맨 룰429,106650,fashion
1087744345,[헤지스] H패치 블랙 레더 퀼팅 체인 호보 숄더백S HIBA5F553BK,가방/지갑,남성가방,숄더백,,헤지스 핸드백(백화점),204680,fashion
1093290607,아메리칸투어리스터 스퀘어 크로스백,가방/지갑,남성가방,크로스백,,American Tourister,59000,fashion
1097313306,베라왕 포츈 2way 크로스바디백,가방/지갑,남성가방,크로스백,,Vera Wang,141750,fashion
32373947,[아메리칸 투어리스터] VOLTA 크로스백 BLACK GC909002,가방/지갑,남성가방,크로스백,,American Tourister,66880,fashion
1113514034,버버리 하우스체크 카메라백 크로스백 블랙 81140741,가방/지갑,남성가방,크로스백,,버버리,620760,fashion
1134222656,[버버리] SS26 남성 로고 나일론 크로스백 8049094 ML PADDY PN9 A1189,가방/지갑,남성가방,크로스백,,버버리,1053780,fashion
1107609131,[닥스ACC]블랙 로고장식 소가죽 클러치백 DBBA6E031,가방/지갑,남성가방,클러치백,,닥스(백화점),136040,fashion
1015553921,[발렌티노] 21SS남성클러치백 (VY2B0457_DZK_JBM_21S),가방/지갑,남성가방,클러치백,,발렌티노,610850,fashion
63124909,WilliamPOLO(윌리엄폴로) 남자 클러치백 손가방 맨스백 192125,가방/지갑,남성가방,클러치백,,WilliamPOLO,89000,fashion
1128082468,페라가모 팔라듐 스트랩 클러치백 24 1353 0763751,가방/지갑,남성가방,클러치백,,페라가모,423000,fashion
1106604059,[헤지스]HJHO6E530BK_남성 로고 프린트 가죽 클러치백,가방/지갑,남성가방,클러치백,,헤지스 핸드백(백화점),177640,fashion
1106329925,[키플링] 데일리백 (건),가방/지갑,남성가방,힙색/벨트백/슬링백,,키플링,80190,fashion
1085802196,내셔널지오그래픽 내셔널지오그래픽 N255ACR630 데일리 슬링백 2종택1,가방/지갑,남성가방,힙색/벨트백/슬링백,,내셔널지오그래픽,39200,fashion
1085126305,"[택가 59,000원] 내셔널지오그래픽 N265ACR900 베이직 슬링백 BLACK",가방/지갑,남성가방,힙색/벨트백/슬링백,,내셔널지오그래픽,40670,fashion
67847580,[쌤소나이트레드] LYMANE 슬링백 Black HS909002,가방/지갑,남성가방,힙색/벨트백/슬링백,,쌤소나이트레드,64680,fashion
67847584,[쌤소나이트레드] LYMANE 슬링백 Navy HS941002,가방/지갑,남성가방,힙색/벨트백/슬링백,,쌤소나이트레드,64680,fashion
1048752764,엔화 코인 케이스 (클리어),가방/지갑,남성지갑,동전/열쇠지갑,,SELLERHUBSHOP,1400,fashion
1118395134,엘제이엘 일본여행 엔화동전지갑 홀더케이스 파우치,가방/지갑,남성지갑,동전/열쇠지갑,,BFMALL,16400,fashion
1041485946,[닥스(셔츠)][26FW신상품]남성 카드 명함 지갑 BMF1ACP5201K1 9 (사은품/선물포장),가방/지갑,남성지갑,머니클립,,닥스셔츠,68020,fashion
1121506666,버버리 지퍼 카드지갑 81072621 80846071 80841321 80846081,가방/지갑,남성지갑,머니클립,,버버리,322000,fashion
1120995993,헤지스 액세서리 남성 25FW 스테디셀러 블랙 단색 소가죽 명함지갑 WUHO5F310BK,가방/지갑,남성지갑,명함/카드지갑,,헤지스골프,58410,fashion
1084927732,모나코올리브 풀아웃 촤르륵 휴대용 카드지갑,가방/지갑,남성지갑,명함/카드지갑,,모나코올리브,4900,fashion
1102699302,닥스 액세서리 남성 25SS 스테디셀러 블랙 체크 가죽 명함지갑 WBHO5E300BK,가방/지갑,남성지갑,명함/카드지갑,,닥스,67200,fashion
1118585789,[헤지스ACC][선물추천]HJHO6F602N3_남성용 네이비 가죽 라인배색 카드지갑,가방/지갑,남성지갑,명함/카드지갑,,헤지스ACC,67360,fashion
1121948184,헤지스 액세서리 남성 25FW 스테디셀러 블랙 로고장식 소가죽 카드지갑 WUHO5F305BK,가방/지갑,남성지갑,명함/카드지갑,,헤지스골프,35910,fashion
1024323255,[닥스(셔츠)][26FW신상품]베노베로 남성 반지갑BMF1ACP2201K1-25(사은품/선물포장),가방/지갑,남성지갑,반지갑,,닥스셔츠,111700,fashion
1102646137,[닥스][선물포장/쇼핑백동봉] 블랙 단색 소가죽 반지갑 DBWA6E915J,가방/지갑,남성지갑,반지갑,,닥스(백화점),98600,fashion
1008623524,몽블랑 사토리얼 6cc 남성 반지갑 쇼핑백증정 113215 130315,가방/지갑,남성지갑,반지갑,,몽블랑,380700,fashion
1124917594,닥스 액세서리 26FW LIVE특가누적1위반지갑CLASSIC CHECK 블랙 사피아노 하우스체크 DBWA6F971BK,가방/지갑,남성지갑,반지갑,,닥스,108140,fashion
1067143246,구찌 시그니처 시마 반지갑 779836 3종,가방/지갑,남성지갑,반지갑,,구찌,522500,fashion
1125570488,[DUANI] 엠보 반지갑_MEMWCYY1152,가방/지갑,남성지갑,장지갑,,두아니,16000,fashion
1063954470,[닥스(셔츠)][선물포장+사은품]25년 베노베로 백화점 신상 소가죽 장지갑 BLG1ACP3201K-EL,가방/지갑,남성지갑,장지갑,,닥스셔츠,110050,fashion
1068049886,국산 플럼도트 천연소가죽 라운딩지갑 골프지갑,가방/지갑,남성지갑,장지갑,,턴트,12700,fashion
54559563,WilliamPOLO(윌리엄폴로) 명품 남자지갑 장지갑  191423(장지갑),가방/지갑,남성지갑,장지갑,,WilliamPOLO,52000,fashion
1125571289,[DUANI] 사선 엠보 중지갑_MEMWBYY1131,가방/지갑,남성지갑,중지갑,,두아니,16000,fashion
1091622857,[닥스ACC][선물포장/쇼핑백동봉] 다크브라운 가죽 골드로고 중지갑 DBWA5F913,가방/지갑,남성지갑,중지갑,,닥스(백화점),111080,fashion
1002022946,"[최초출시 168,000원] 루이까또즈 남성중지갑 SO1PM02BR",가방/지갑,남성지갑,중지갑,,루이까또즈,94080,fashion
1068549330,국산 플럼도트MA9 천연소가죽 중지갑 반지갑 남성지갑,가방/지갑,남성지갑,중지갑,,턴트,29500,fashion
1093292606,아메리칸투어리스터 여성 데일리 백팩,가방/지갑,여성가방,백팩,,American Tourister,139000,fashion
1096609708,260g 초경량 바스락 캔버스 방수 백팩 3color,가방/지갑,여성가방,백팩,,SELLERHUBSHOP,9000,fashion
1041221132,[엘르] 나일론 여성 경량 백팩 센스,가방/지갑,여성가방,백팩,,엘르,48800,fashion
1100715538,[엘르] 여성 캐주얼 여행용 나일론 백팩 다아,가방/지갑,여성가방,백팩,,엘르,38400,fashion
1106237191,[키플링] 라지백팩(SEOUL),가방/지갑,여성가방,백팩,,키플링,139000,fashion
1134446317,클루에 레오파드 빅 보부상 숄더백 여성 호피 에코백 대용량 쇼퍼백 M206,가방/지갑,여성가방,숄더백,,루즈루나,9900,fashion
1092853337,[이너파우치set] 어바웃 스웨이드 보부상 빅백 스퀘어 숄더백(4color),가방/지갑,여성가방,숄더백,,바닐라슈,18800,fashion
1135908656,모나벨 [파우치증정] 스웨이드 숄더백 여성 미니 데일리백 안경 홀더 토트백,가방/지갑,여성가방,숄더백,,모나벨,17900,fashion
1090978812,"쏘울 키링 빅 숄더백[런칭 가격109,900원]",가방/지갑,여성가방,숄더백,,쏘울,29900,fashion
1133257538,"[지센] [택가 139,800원](2컬러) 레오파드 복조리 숄더백 LAABP910",가방/지갑,여성가방,숄더백,,지센,19900,fashion
1053986419,패딩 더블 지퍼 가방 이너백 백인백 정리백 이너백,가방/지갑,여성가방,이너백,,기타브랜드,7700,fashion
1098812697,쏙쏙정리 대용량 가방 이너백 파우치 미니 백인백 속가방 S,가방/지갑,여성가방,이너백,,기타브랜드,7600,fashion
1111933328,"백인백NEW 가방파우치,케이스,화장품,보조백,이너백,생리대파우치,정리,속가방,캐리어,내부가방,복조리",가방/지갑,여성가방,이너백,,맥스,1000,fashion
1132820602,"[지센] [택가 139,800원] 여성 나일론 패턴 토트 크로스백 LAABO905_NA",가방/지갑,여성가방,크로스백,,지센,16900,fashion
1091465071,여성 크로스백 반달 나일론 여행 보조 슬링백 가방,가방/지갑,여성가방,크로스백,,홀리지,9900,fashion
1101046582,모나벨 가방 버킷 크로스백 여성 클래식 퀼팅백 가벼운 (노블위빙),가방/지갑,여성가방,크로스백,,모나벨,17900,fashion
1121390300,[닥스] 블랙 DD로고 나일론 크로스백 DCBA6F057BKJ,가방/지갑,여성가방,크로스백,,닥스(백화점),199430,fashion
1096795804,엘르 여성 나일론 미니 사각 크로스백 카라,가방/지갑,여성가방,크로스백,,엘르,39200,fashion
1079075499,GUCCI 마이크로시마 클러치 크로스백 블랙 607723  GUC20,가방/지갑,여성가방,클러치백,,구찌,950000,fashion
1093657621,[지센] 여성 [피어로즈] 모노그램 패턴 클러치백 LAABO902_BK,가방/지갑,여성가방,클러치백,,지센,19200,fashion
1106061837,[닥스핸드백] 블랙 로고장식 소가죽 미니클러치백 DBHO6E764,가방/지갑,여성가방,클러치백,,닥스(백화점),107440,fashion
1041728771,페라가모 클러치 22E037 0733595 NERO / 여성 클러치백,가방/지갑,여성가방,클러치백,,페라가모,489000,fashion
1089271682,데일리 데님클러치백,가방/지갑,여성가방,클러치백,,SELLERHUBSHOP,7500,fashion
1075081935,[GS단독가]오야니 브리짓 토트 OCSBTT18,가방/지갑,여성가방,토트백,,오야니,153280,fashion
1131438030,코어 어센틱 26FW 천연소가죽 노마 스퀘어백,가방/지갑,여성가방,토트백,,코어 어센틱,129000,fashion
1046309158,[메트로시티][히든특가] 토트겸 크로스 버킷백 M213MQ2020Z,가방/지갑,여성가방,토트백,,메트로시티,163230,fashion
1120707132,나인라벨 르에르 위빙 짜임 토트백 여성 숄더 가방 & 이너파우치,가방/지갑,여성가방,토트백,,나인라벨,15900,fashion
1119938634,[헤지스]HIBA6F351W1_[H-Arco] 여성 아르코 브라운 소프트 레더 토트백 M,가방/지갑,여성가방,토트백,,헤지스 핸드백(백화점),281950,fashion
1060610708,[오늘발송] 롱샴 파우치 리폼백 르 플리아쥬 탑핸들 미니 인기컬러 34175 택1,가방/지갑,여성가방,파우치,,롱샴,305000,fashion
1079068451,모나코올리브 휴대용 메쉬 화장품 파우치,가방/지갑,여성가방,파우치,,모나코올리브,6900,fashion
33106796,[오늘발송] 프라다 파우치 포코노 리폼 버킷백 블랙 1NA369 2BQP F0002 (이너백+스트랩증정),가방/지갑,여성가방,파우치,,프라다,985000,fashion
1096287958,글램팜 블랙 파우치,가방/지갑,여성가방,파우치,,글램팜,30000,fashion
1106862442,마리떼 클래식 로고 데님 파우치 MFG46SAC206 BLU LBL,가방/지갑,여성가방,파우치,,마리떼 프랑소와 저버,37000,fashion
1058885827,[본사공식]키플링 미니지갑 카드지갑 캐시버디 KOCBL02 SIEB,가방/지갑,여성지갑,동전/열쇠지갑,,리노스키플링,44250,fashion
1040914382,양가죽 아코디언 여자 카드지갑 명함지갑 지퍼형 카드홀더,가방/지갑,여성지갑,동전/열쇠지갑,,랄라닷,16900,fashion
6397678,[박씨상방] 깜찍이 누비자수 동전지갑,가방/지갑,여성지갑,동전/열쇠지갑,,박씨상방,2800,fashion
1103816922,양가죽카드지갑 여성 양가죽 카드 동전 수납 고급 지갑 파우치,가방/지갑,여성지갑,동전/열쇠지갑,,기타브랜드,15400,fashion
1048078855,휴대용 미니 가죽 동전 지갑 코인 파우치 클러치 한복 복주머니,가방/지갑,여성지갑,동전/열쇠지갑,,피오리,5900,fashion
1047668453,[헤지스/선물포장] 가죽 카드지갑HIHO4E886W2,가방/지갑,여성지갑,머니클립,,헤지스 핸드백(백화점),79560,fashion
1128568322,닥스 액세서리 여성 25FW 스테디셀러 브라운 체크배색 소가죽 카드지갑 WCWA5F788W2,가방/지갑,여성지갑,명함/카드지갑,,닥스,60480,fashion
1000206364,"[최초출시 98,000원] 루이까또즈 여성 카드지갑 SO1PM09BL",가방/지갑,여성지갑,명함/카드지갑,,루이까또즈,50960,fashion
1051438234,"[최초출시 128,000원] 루이까또즈 L-QUILTING(엘퀼팅) 여성카드지갑 SR1QT04BL",가방/지갑,여성지갑,명함/카드지갑,,루이까또즈,66560,fashion
1132038901,[메트로시티][히든특가] 카드지갑 M193WF1003Z,가방/지갑,여성지갑,명함/카드지갑,,메트로시티,48910,fashion
1125022433,헤지스 액세서리 26FW 브라운 로고프린트 소가죽 카드지갑 HIHO6F035W2,가방/지갑,여성지갑,명함/카드지갑,,헤지스맨 룰429,38280,fashion
1051434243,"[최초출시 208,000원] 루이까또즈 L-QUILTING(엘퀼팅) 여성반지갑 SR1QT03BL",가방/지갑,여성지갑,반지갑,,루이까또즈,108160,fashion
1000335543,"[최초출시 163,000원] 루이까또즈 여성반지갑 SN1SD73BL",가방/지갑,여성지갑,반지갑,,루이까또즈,84760,fashion
1126042904,[닥스][선물포장/쇼핑백동봉] 브라운 버클장식 소가죽 반지갑 DCWA6F551W2J,가방/지갑,여성지갑,반지갑,,닥스(백화점),132550,fashion
1111492287,닥스 액세서리 여성 25SS 스테디셀러 그린 DD로고 소가죽 반지갑 WCWA5E898E2,가방/지갑,여성지갑,반지갑,,닥스,81750,fashion
1101008234,[닥스][선물포장/쇼핑백동봉] 칼라일플라워 블랙 소가죽 반지갑 DCWA6E765J,가방/지갑,여성지갑,반지갑,,닥스(백화점),144710,fashion
1101665645,닥스 액세서리 여성 25SS 스테디셀러 블랙 DD로고 소가죽 장지갑 WCWA5E451BK,가방/지갑,여성지갑,장지갑,,닥스,66830,fashion
1100944914,[닥스][선물포장/쇼핑백동봉] 레드 소가죽 지퍼돌이 지갑 겸 핸드폰케이스 DCHO6E539J,가방/지갑,여성지갑,장지갑,,닥스(백화점),161000,fashion
1105397701,닥스 액세서리 여성 25SS 스테디셀러 레드 체크 가죽 장지갑 WCWA5E700R2,가방/지갑,여성지갑,장지갑,,닥스,74250,fashion
1133164700,[올리비아로렌] 소가죽 핸드폰지갑_VYCWAYF7111,가방/지갑,여성지갑,장지갑,,올리비아로렌,17710,fashion
1108209486,닥스 액세서리 여성 25SS 스테디셀러 블랙 DD로고 소가죽 장지갑 WCWA5E521BK,가방/지갑,여성지갑,장지갑,,닥스,89250,fashion
1118821867,루이까또즈 여성중지갑 ST3FM17BL,가방/지갑,여성지갑,중지갑,,루이까또즈,178560,fashion
1126145951,[올리비아로렌]중지갑_MEWWB4YA261,가방/지갑,여성지갑,중지갑,,올리비아로렌,22950,fashion
1117606331,디올 Lady Dior Gardenia 미니 지갑S0178OVRBM323,가방/지갑,여성지갑,중지갑,,디올,1125180,fashion
1112213269,[헤지스ACC][쇼핑백동봉] 브라운 시그니처패턴 가죽 중지갑 HIWA6F884W2,가방/지갑,여성지갑,중지갑,,헤지스ACC,103490,fashion
1047324141,[닥스] 블랙칼라일골드DD중지갑 DCWA4E270,가방/지갑,여성지갑,중지갑,,닥스(백화점),148240,fashion
61662201,탠디 판매 BEST 남성 데일리 정장 구두 남자 로퍼 6종 모음,신발,남성신발,구두,,탠디,113400,fashion
1132495377,"[론칭가 188,000원][비밀특가]금강제화 리차드 남성 소가죽 정장화 RICOXC3737MF1",신발,남성신발,구두,,금강제화,70200,fashion
1126034587,"[1만족 판매][론칭가 178,000원][비밀특가]금강제화 프리웨이 남성 소가죽 캐주얼화 RICOXS3746MFREF 2종 택1",신발,남성신발,구두,,금강제화,74100,fashion
1085239678,"[론칭가 178,000원][비밀특가]금강제화 프리웨이 남성 소가죽 캐주얼화 2종 택1 RICOXC4459MFREF",신발,남성신발,구두,,금강제화,69420,fashion
1032635711,엘칸토 마쯔 남성 캐주얼 더비 슈즈 2.4cm LCMC21M326,신발,남성신발,구두,,엘칸토,34900,fashion
1075636885,ROYAL SALAMAN 워킹 운동화 방수 등산화 트래킹화 97104,신발,남성신발,기능성신발,,개그,124160,fashion
1122536753,[체험특가]낫소 바로인 미끄럼방지 레인부츠 주방화 다용도화 3종,신발,남성신발,기능성신발,,낫소,6940,fashion
1132350970,[스케쳐스USA]남성 아치핏 가르자 슬립인스 SC0MFCGY061_G,신발,남성신발,기능성신발,,스케쳐스USA(백화점),169000,fashion
1128323252,[스케쳐스USA]남성 코트 브레이크 와이드 슬립인스 SC0MFCGY122_G,신발,남성신발,기능성신발,,스케쳐스USA(백화점),139000,fashion
96411202,AS98 코스테 스니커즈,신발,남성신발,기능성신발,,에이에스98,59000,fashion
1133070686,브루마스 26FW 천연소가죽 데일리 로퍼,신발,남성신발,로퍼/단화,,브루마스,69800,fashion
1102978572,"[GS단독 클리어런스 특가] 남성 소가죽 방한로퍼/퍼로퍼 정통 클래식 페니로퍼 디자인, 안쪽은 부츠 처럼 따뜻하게  전체 퍼안감",신발,남성신발,로퍼/단화,,비버리힐스 폴로클럽,9900,fashion
1054919424,"[엘칸토by인텐스 마쯔 /론칭가129,000] 남화 컴포트/로퍼/정장화 10종",신발,남성신발,로퍼/단화,,엘칸토,36900,fashion
1067229402,"[론칭가 178,000원][비밀특가]금강제화 프리웨이 남성 캐주얼화 2종 택1 RICOXC4951MFREF",신발,남성신발,로퍼/단화,,금강제화,64740,fashion
1105707490,"[TAG가 69,900원]크록스 성인 바야 클로그 8종 택1 (26SUCL10126)",신발,남성신발,뮬/샌들,,크록스,42600,fashion
1119106741,브루마스 소가죽 모던 크로스 뮬,신발,남성신발,뮬/샌들,,브루마스,39800,fashion
1116804812,브루마스 26SS 천연소가죽 버켄샌들,신발,남성신발,뮬/샌들,,브루마스,39800,fashion
1116877762,브루마스 내추럴 웨지샌들,신발,남성신발,뮬/샌들,,브루마스,39800,fashion
1121813085,[비밀특가] [FITFLOP] 남성 F-모드 GO 조절 가능 백-스트랩 샌들 - 블랙 (FT61K1S015),신발,남성신발,뮬/샌들,,fitflop,89240,fashion
1106163570,셀링온 실내슬리퍼,신발,남성신발,실내화/슬리퍼,,SELLERHUBSHOP,3800,fashion
1078392263,우포스 1100 우아 슬라이드 슬리퍼 (BLACK),신발,남성신발,실내화/슬리퍼,,우포스,60450,fashion
1052596029,내셔널지오그래픽 내셔널지오그래픽 N242USD323 리플 슬라이드 3종택1,신발,남성신발,실내화/슬리퍼,,내셔널지오그래픽,23200,fashion
1127287074,[무료배송] 3중쿠션 면 실내화 층간소음 푹신한 실내 슬리퍼,신발,남성신발,실내화/슬리퍼,,기타브랜드,12460,fashion
1133194033,브루마스 메리노울 운동화 남성 (울98%),신발,남성신발,운동화/스니커즈,,브루마스,49800,fashion
1107393006,헉슬리 데일리 남성 스니커즈,신발,남성신발,운동화/스니커즈,,헉슬리,29900,fashion
1134864599,에스카다스포츠 26FW 최신상 남성용 어반 루체 스니커즈,신발,남성신발,운동화/스니커즈,,에스까다스포츠,269000,fashion
1000350810,[스프리스] 남성 윈터로우퍼스니커즈_2종 택1,신발,남성신발,운동화/스니커즈,,스프리스,8910,fashion
64253065,[스프리스] 남성 톤온스니커즈_2종 택1 OMSN0F18PU,신발,남성신발,운동화/스니커즈,,스프리스,8910,fashion
1098325589,브루마스 소가죽 모카부츠,신발,남성신발,워커/부츠,,브루마스,37350,fashion
1098258073,브루마스 소가죽 웜업부츠,신발,남성신발,워커/부츠,,브루마스,48860,fashion
1092370935,[락포트 공식]키니 첼시 KEENEY CHELSEA (RM0121),신발,남성신발,워커/부츠,,락포트,226100,fashion
1069354407,전시상품/톰브라운 레더 4바 힐 첼시 부츠 FFB161A 00216 001,신발,남성신발,워커/부츠,,톰브라운,510400,fashion
1129958698,아디다스 JS0703 부츠 미들 슈퍼스타 - 샌드브라운 5622113,신발,남성신발,워커/부츠,,아디다스,156200,fashion
1076834680,[비밀특가][타린로즈] 여성 하이 밸런스힐 스니커즈_8종 택1,신발,여성신발,기능성신발,,타린로즈,152100,fashion
1135047490,[엘르]26FW 글리세 스니커즈,신발,여성신발,기능성신발,,엘르,75240,fashion
1109343235,BOB 아이코닉 메쉬 스니커즈 여성용,신발,여성신발,기능성신발,,비오비,79000,fashion
1099635985,"[론칭가49,000원/슈리오] 슈리오 소보로 컴포트 스니커즈",신발,여성신발,기능성신발,,슈리오,33160,fashion
1107361704,"[론칭가59,800원/슈리오] 노바 컴포트 스니커즈",신발,여성신발,기능성신발,,슈리오,33160,fashion
1118428482,"[런칭 69,800원]코어 어센틱 소가죽 스퀘어 뮬 샌들",신발,여성신발,뮬/샌들,,코어 어센틱,25870,fashion
1121008739,"[런칭 69,800원]코어 어센틱 천연소가죽 스트랩 샌들",신발,여성신발,뮬/샌들,,코어 어센틱,25870,fashion
1105707595,"[TAG가 74,900원]크록스 성인 바야밴드 클로그 8종 택1 (26SUCL205089)",신발,여성신발,뮬/샌들,,크록스,45600,fashion
1105707738,"[TAG가 79,900원]크록스 여성 바야 플랫폼 클로그 5종 택1 (26SWCL208186)",신발,여성신발,뮬/샌들,,크록스,48700,fashion
1081880752,브루마스 소가죽 아치 커브드샌들,신발,여성신발,뮬/샌들,,브루마스,41790,fashion
1076671788,[체험특가] GAP 키예 푹신한 슬리퍼(4cm 키높이),신발,여성신발,실내화/슬리퍼,,기타브랜드,6960,fashion
1132551884,[특가할인] GAP 슬리퍼 18종 균일가 모음,신발,여성신발,실내화/슬리퍼,,기타브랜드,9410,fashion
1055712693,[주문폭주/GS단독특가]오슬로N59 스프렛 슬리퍼 사무실 여성 여름 아치 쿠션 발편한 키높이 기능성 리커버리 족저근막슬리퍼,신발,여성신발,실내화/슬리퍼,,알파슈,31510,fashion
1071292119,[국내배송]호주 드림메리노어그 여성 양털 매켄지 통굽 키높이 슬리퍼,신발,여성신발,실내화/슬리퍼,,드림메리노,52100,fashion
1116200949,"[TAG가 49,900원]크록스 성인 바야밴드 슬라이드 4종 택1 (26SUSL205392)",신발,여성신발,실내화/슬리퍼,,크록스,30400,fashion
1095560019,[공식수입원 정품] 사토리산 차크로나 스니커즈,신발,여성신발,운동화/스니커즈,,사토리산,249000,fashion
1133072227,브루마스 26FW 울 워킹화 여성 (울98%),신발,여성신발,운동화/스니커즈,,브루마스,38870,fashion
1103489994,코어 어센틱 오리진 소가죽 스니커즈,신발,여성신발,운동화/스니커즈,,코어 어센틱,32370,fashion
1107390178,헉슬리 데일리 여성 스니커즈,신발,여성신발,운동화/스니커즈,,헉슬리,29900,fashion
1133193713,브루마스 메리노울 운동화 여성 (울98%),신발,여성신발,운동화/스니커즈,,브루마스,49800,fashion
1122157122,"[론칭가 89,000원] 베어파우 DAISY 소가죽 부츠 5종 택1",신발,여성신발,워커/부츠,,베어파우,37000,fashion
1052900195,라스트수량 특가 [UGG 어그공식]*250사이즈* 24FW Classic Ultra Mini Platform 1135092,신발,여성신발,워커/부츠,,UGG,214400,fashion
1096294196,[MD PICK]슈디 컴포트 앵클부츠,신발,여성신발,워커/부츠,,슈디,51750,fashion
1073253788,[UGG 어그공식]25FW Cl Ultra Mini Weather Hybrid,신발,여성신발,워커/부츠,,UGG,254400,fashion
1041518286,[엘르] 여성 스판롱부츠_3종 택1 HWEB3F04PU,신발,여성신발,워커/부츠,,엘르,17910,fashion
1103480766,[FW 컬러 추가] 슈디 양가죽 셔링 펌프스,신발,여성신발,펌프스/힐,,슈디,69000,fashion
1134621427,피카딜리 키튼힐 4cm,신발,여성신발,펌프스/힐,,피카딜리,95900,fashion
1132351607,피카딜리  700056_펌프스 블랙 누드 2컬러 (6.5cm),신발,여성신발,펌프스/힐,,피카딜리,81520,fashion
1126521548,피카딜리  739026-12 승무원구두 블랙 4.5cm,신발,여성신발,펌프스/힐,,피카딜리,81520,fashion
1135919176,"엘리자베스스튜어트[론칭가159,000]미뇽 발레 펌프스 EBAL165513",신발,여성신발,펌프스/힐,,엘리자베스스튜어트,69900,fashion
1133579573,베라왕 마고 천연소가죽 셔링 로퍼,신발,여성신발,플랫/로퍼,,Vera Wang,129000,fashion
1102978559,"[GS단독 클리어런스 특가] 여성 소가죽 겨울 방한로퍼/퍼로퍼 심플한 오플 디자인, 안쪽은 전체 퍼안감으로 완전 따뜻한 방한 효과",신발,여성신발,플랫/로퍼,,비버리힐스 폴로클럽,9900,fashion
1133069458,브루마스 26FW 천연양가죽 컴포트 구두,신발,여성신발,플랫/로퍼,,브루마스,69800,fashion
1116398421,"[론칭가69,800원/슈리오] 양가죽 소프트 셔링 메리제인",신발,여성신발,플랫/로퍼,,슈리오,33160,fashion
1102955039,코어 어센틱 양가죽 페니 로퍼,신발,여성신발,플랫/로퍼,,코어 어센틱,69000,fashion
1131677939,[확장가능] AT아메리칸투어리스터 오리진라이트 시즌2 기내용 캐리어 (20인치),여행가방/소품,여행가방,기내용캐리어,,American Tourister,129000,fashion
1126619290,[엘르] 기내용 여행 미니 소형 캐리어 18인치 세노,여행가방/소품,여행가방,기내용캐리어,,엘르,46400,fashion
1126851872,프레 18인치 기내용 풀 알루미늄 파일럿 캐리어,여행가방/소품,여행가방,기내용캐리어,,올림피아,161190,fashion
1018657398,내셔널지오그래픽 트레비아캐리어(24+20+백팩+백인백+여권지갑+커버),여행가방/소품,여행가방,기내용캐리어,,내셔널지오그래픽,261800,fashion
1023639953,[아메리칸투어리스터] 기내용20인치 SKY PARK SPINNER 55/20 TSA DW BLACK HC009012,여행가방/소품,여행가방,기내용캐리어,,American Tourister,78780,fashion
1093279041,아메리칸투어리스터 캐리어 백팩,여행가방/소품,여행가방,기타여행가방,,American Tourister,129000,fashion
1096819265,[브라이튼] 디즈니 세노M 여행용가방 RFID차단 데일리백 (2color),여행가방/소품,여행가방,기타여행가방,,브라이튼,129010,fashion
1119506888,[에이치플러스몰]확장형 캐리 바퀴가방 대용량 트래블 멀티백,여행가방/소품,여행가방,기타여행가방,,에이치플러스몰,21460,fashion
1066323777,[휴드]블랙 야옹이 캐리어 여행용 가방,여행가방/소품,여행가방,기타여행가방,,HUD,25460,fashion
1111950724,아트박스 한국의건축물 마켓백,여행가방/소품,여행가방,기타여행가방,,아트박스,4900,fashion
1095687721,트래블기어 도난방지가방 안나백,여행가방/소품,여행가방,보스턴가방,,트래블기어,65000,fashion
1076486406,나인라벨 [1 + 1] 2단 확장 여행가방 폴딩 캐리어백 보스턴백 (총2개),여행가방/소품,여행가방,보스턴가방,,나인라벨,12900,fashion
1088018071,트래블기어 폴더블 멀티 보스턴백,여행가방/소품,여행가방,보스턴가방,,트래블기어,47900,fashion
1079432493,니에른 2개세트 캐리어보조가방 여행가방 짐가방 보스턴백,여행가방/소품,여행가방,보스턴가방,,루즈루나,22100,fashion
55938752,미나티 여행가방 보스턴백 여행용가방 폴딩백 기내용 N29,여행가방/소품,여행가방,보스턴가방,,뉴엔,26500,fashion
1131681870,[AT]아메리칸투어리스터 오리진라이트 시즌2 수하물용 캐리어(+커버) (27인치),여행가방/소품,여행가방,중대형캐리어,,American Tourister,169000,fashion
54262816,"[쌤소나이트 RED/정가 339,000] 25인치 확장형캐리어 TOIIS L 68/25 EXP CORAL HG131002",여행가방/소품,여행가방,중대형캐리어,,쌤소나이트,154770,fashion
1119082694,스위스밀리터리 수화물용 확장형 대형 피칼리 캐리어 28인치 SM-O328,여행가방/소품,여행가방,중대형캐리어,,스위스밀리터리,174140,fashion
1087947623,[아메리칸투어리스터] INSTAGON SP 69/25 EXP TSA V2 GT CREAM H,여행가방/소품,여행가방,중대형캐리어,,American Tourister,121600,fashion
1054163809,내셔널지오그래픽 N255ASU360 하바나 24형 4종택1,여행가방/소품,여행가방,중대형캐리어,,내셔널지오그래픽,194650,fashion
1020115882,아메리칸투어리스터 노블라이트 캐리어 3종 세트,여행가방/소품,여행가방,캐리어세트,,American Tourister,263200,fashion
99365787,아메리칸투어리스터 트레페 플러스 여행가방 5종 세트,여행가방/소품,여행가방,캐리어세트,,American Tourister,162520,fashion
1026209183,아메리칸투어리스터 큐리오 골드 캐리어 5종 세트,여행가방/소품,여행가방,캐리어세트,,American Tourister,263200,fashion
1033558585,아메리칸투어리스터 NEW 에어라이더 캐리어 세트 4종(대형),여행가방/소품,여행가방,캐리어세트,,American Tourister,329000,fashion
1093195056,내셔널지오그래픽 페이지 캐리어(28+20+백팩+백인백+여권지갑+커버),여행가방/소품,여행가방,캐리어세트,,내셔널지오그래픽,295800,fashion
1016428690,버킷백 숏핸들 탑핸들 가죽 가방끈 가방 스트랩,여행가방/소품,여행가방소품,기타소품,,랄라닷,10900,fashion
1128475074,플라워패턴 레디백 스트랩 숄더 크로스끈 어깨끈,여행가방/소품,여행가방소품,기타소품,,기타,14700,fashion
1126047033,디스커버리 할인 세일 이월 행사 남여공용 디스커버러 미니 슬링백/가방/백팩/슬링백/메신저백/크로스백/일상 DXSG1215N-GSGN,여행가방/소품,여행가방소품,기타소품,,디스커버리,47400,fashion
32171209,[TNT TRAVEL GEAR] 여행용 손저울/여행가방 무게측정 여행용품,여행가방/소품,여행가방소품,기타소품,,TNT TRAVEL GEAR,5500,fashion
1016920317,[랄라닷] 가방 리폼 가죽 체인 스트랩  가방끈 58cm/80cm,여행가방/소품,여행가방소품,기타소품,,랄라닷,13900,fashion
1070775697,라오메뜨 전설의 패치 프리미엄 준대형 (총 240매),여행가방/소품,여행가방소품,네임태그,,라오메뜨,49900,fashion
1070773092,라오메뜨 전설의 패치 프리미엄 준대형 (총 160매),여행가방/소품,여행가방소품,네임태그,,라오메뜨,45900,fashion
1129111522,[단하루 모바일라이브 특가] 라오메뜨 전설의 패치 프리미엄 준대형 (총 320매),여행가방/소품,여행가방소품,네임태그,,라오메뜨,82900,fashion
1124835193,코르크 방수 4색 원형 스티커 13mm 이름표 네임텍,여행가방/소품,여행가방소품,네임태그,,알티피아,9600,fashion
1083808775,[TRAVELKIN] PVC 캐리어 네임택(이정표). 러기지 TAG 여행용품,여행가방/소품,여행가방소품,네임태그,,트래블킨,1800,fashion
1125601157,아트박스/위드미 짱구는못말려 투명여권케이스 ver.2 4종 택1,여행가방/소품,여행가방소품,여권지갑/케이스,,위드미,4680,fashion
1104861186,[루즈앤라운지] 마지아 여권지갑 (RA2E3AWL056WPK),여행가방/소품,여행가방소품,여권지갑/케이스,,루즈앤라운지,40960,fashion
1104861206,[루즈앤라운지] 마지아 여권지갑 (RA2E3AWL056WTN),여행가방/소품,여행가방소품,여권지갑/케이스,,루즈앤라운지,40960,fashion
1135257827,모니즈 [1+ 1 +1] 세워쓰는 스탠딩 워시백 여행용 파우치 목욕가방 (총 3P),여행가방/소품,여행가방소품,슈트케이스/여행파우치,,모니즈,8900,fashion
1132624052,구디푸디 [체험특가] 여행용 칸칸이 속옷 수납파우치 180도 풀오픈 대용량 시크릿 이너파우치,여행가방/소품,여행가방소품,슈트케이스/여행파우치,,구디푸디,7920,fashion
1122273455,구디푸디 [체험특가] 여행용 서머 브리즈 메쉬 4종 파우치 2세트 총 8개,여행가방/소품,여행가방소품,슈트케이스/여행파우치,,구디푸디,13950,fashion
1103153769,[본사공식]키플링 파우치 여행소품 크리에이비티L KPCBB01 INGR,여행가방/소품,여행가방소품,슈트케이스/여행파우치,,리노스키플링,34300,fashion
1085909112,구디푸디 [체험특가] 부피순삭 여행용 압축 파우치 5종세트 S+S+M+L+XL,여행가방/소품,여행가방소품,슈트케이스/여행파우치,,구디푸디,22410,fashion
1052428804,LITS0130 캐리어 잠금 러기지 벨트 캐리어 고정밴드 캐리어끈,여행가방/소품,여행가방소품,잠금벨트/자물쇠,,SELLERHUBSHOP,2000,fashion
1103811271,캐리어 십자형 잠금 스트랩 레인보우 캐리어보호밴드 캐리어커버 캐리어벨트 캐리어잠금장치 캐리어스트랩 캐리어네임택 캐리어자물쇠 캐리어택 캐리어끈,여행가방/소품,여행가방소품,잠금벨트/자물쇠,,기타,7300,fashion
32171202,[TNT TRAVEL GEAR] TSA인증 3다이얼 와이어자물쇠013/케이블락,여행가방/소품,여행가방소품,잠금벨트/자물쇠,,TNT TRAVEL GEAR,8950,fashion
32171236,[TNT TRAVEL GEAR]  다목적 와이어/케이블  여행용품 가방,여행가방/소품,여행가방소품,잠금벨트/자물쇠,,TNT TRAVEL GEAR,3500,fashion
1053621769,구디푸디 고탄력 스판 캐리어 커버 스크레치 보호 24인치 25인치,여행가방/소품,여행가방소품,캐리어커버,,구디푸디,11610,fashion
25533866,[가스파드앤리사] 여행용 멀티형 캐리어커버 26인치,여행가방/소품,여행가방소품,캐리어커버,,타임워커,26200,fashion
1053621763,구디푸디 고탄력 스판 캐리어 커버 스크레치 보호 18인치 20인치,여행가방/소품,여행가방소품,캐리어커버,,구디푸디,9810,fashion
1009584054,로키 캐리어커버 정물화 S,여행가방/소품,여행가방소품,캐리어커버,,로키,9900,fashion
1009584068,로키 캐리어커버 에펠타워 S,여행가방/소품,여행가방소품,캐리어커버,,로키,9900,fashion
58489543,9월특가 [제메이스] 14K 볼딩 컷팅 원터치 귀걸이_특대,주얼리/시계,귀걸이,14K/18K귀걸이,,제메이스,268760,fashion
1113546269,14K 심플 클레 원터치 귀걸이(GoldPlated)_LJ6027BRE,주얼리/시계,귀걸이,14K/18K귀걸이,,르샵주얼리,11970,fashion
57872934,14K 작은두줄 원터치 귀걸이,주얼리/시계,귀걸이,14K/18K귀걸이,,언쉬,124200,fashion
1121253995,펠리체골드 [9월골든특가] 18K 트위스트 로프 귀걸이,주얼리/시계,귀걸이,14K/18K귀걸이,,펠리체골드,349440,fashion
90911603,[미니아트]14K 골드 필드 스왈 진주 데일리 스터드 금 귀걸이,주얼리/시계,귀걸이,14K/18K귀걸이,,미니아트,15700,fashion
1034057467,[도로시] [추석특가]14k 멀티 러프다이아몬드 귀찌(1개),주얼리/시계,귀걸이,다이아몬드귀걸이,,도로시,141440,fashion
1064985056,[도로시] [추석특가]14k 모이사나이트 베이직 4프롱 귀걸이_1캐럿,주얼리/시계,귀걸이,다이아몬드귀걸이,,도로시,123760,fashion
1060941804,[도로시] [추석특가]14k 클래식 랩 다이아몬드 6프롱 피어싱_3부_한미,주얼리/시계,귀걸이,다이아몬드귀걸이,,도로시,179810,fashion
1100938774,골드앤 18K 심플터치 1부 랩다이아몬드 귀걸이,주얼리/시계,귀걸이,다이아몬드귀걸이,,골드앤,298110,fashion
1100938843,골드앤 18K 심플터치 3부 랩다이아몬드 귀걸이,주얼리/시계,귀걸이,다이아몬드귀걸이,,골드앤,436720,fashion
1115392267,[코코블링] 천연석 옥 제이드 장미석 로즈쿼츠 원석 타원 귀걸이,주얼리/시계,귀걸이,유색보석귀걸이,,코코블링,15000,fashion
1090166386,오로아 레드 자마노 자만옥 원석 볼 실버925 귀걸이 D134,주얼리/시계,귀걸이,유색보석귀걸이,,루즈루나,11580,fashion
1060934284,[볼라레]토파즈 링귀걸이 (LE333),주얼리/시계,귀걸이,유색보석귀걸이,,볼라레,9700,fashion
1090166249,엘루즈 블랙 오닉스 원석 데일리 볼 실버925 귀걸이 D132,주얼리/시계,귀걸이,유색보석귀걸이,,루즈루나,9870,fashion
1134483287,펠리체골드 [9월골든특가/신상] 실버 925 모이사나이트 스위트 귀걸이,주얼리/시계,귀걸이,은귀걸이,,펠리체골드,119200,fashion
1126236919,펠리체골드 [9월골든특가] 실버 925 크로스라인 귀걸이,주얼리/시계,귀걸이,은귀걸이,,펠리체골드,78780,fashion
1135850887,펠리체골드 실버 925 모이사나이트 트윙클 귀걸이,주얼리/시계,귀걸이,은귀걸이,,펠리체골드,98770,fashion
1118434321,[미니아트] 써지컬 스틸 실버링 베이직 물방울 원터치 귀걸이 균일가 택1,주얼리/시계,귀걸이,은귀걸이,,미니아트,9900,fashion
1062973577,에르모사제이 E172 실버 925 물방울 데일리 은귀걸이,주얼리/시계,귀걸이,은귀걸이,,에르모사제이,24900,fashion
1080223130,14K 담수진주 귀걸이(GoldPlated)_LJ4202BRE,주얼리/시계,귀걸이,진주귀걸이,,르샵주얼리,11970,fashion
17971755,[도로시] [추석특가]14k 씨드 스와진주 귀걸이(10mm),주얼리/시계,귀걸이,진주귀걸이,,도로시,155720,fashion
1060795895,9월특가 [제메이스] 14K 납작담수진주원터치귀걸이,주얼리/시계,귀걸이,진주귀걸이,,제메이스,199410,fashion
1091428798,14K 커브 진주 귀걸이(GoldPlated)_LJ0493BRE,주얼리/시계,귀걸이,진주귀걸이,,르샵주얼리,9900,fashion
1030513881,[리드박스] [선물포장] 라비앙로즈 담수진주 귀걸이 혼주귀찌,주얼리/시계,귀걸이,진주귀걸이,,리드박스,34900,fashion
1081980474,2종 세트 원터치 귀걸이 변색없는 18K 특수 압축 도금 써지컬,주얼리/시계,귀걸이,패션귀걸이,,지와이,11800,fashion
1130669696,[르샵주얼리] GS단독 비밀특가 귀걸이/목걸이/반지/팔찌_LGS005,주얼리/시계,귀걸이,패션귀걸이,,르샵주얼리,16650,fashion
95738662,[FERRAGAMO] 페라가모 간치니 귀걸이 76-0120 GOLD 696432,주얼리/시계,귀걸이,패션귀걸이,,페라가모,142870,fashion
1031989999,[러브넛] 까초로 귀걸이 EB-1026,주얼리/시계,귀걸이,패션귀걸이,,러브넛,17700,fashion
1126772680,14K 오벌 캣츠아이 귀걸이(GoldPlated)_LJ6059BRE,주얼리/시계,귀걸이,패션귀걸이,,르샵주얼리,14940,fashion
1035137060,펠리체골드 [9월골든특가] 18K 샤인 링크 목걸이 5부,주얼리/시계,목걸이,14K/18K목걸이,,펠리체골드,599820,fashion
1030278547,펠리체골드 [9월골든특가] 14K 글래디스 목걸이,주얼리/시계,목걸이,14K/18K목걸이,,펠리체골드,779220,fashion
1123671539,펠리체골드 [9월골든특가] 18K 천연가넷 금볼 목걸이,주얼리/시계,목걸이,14K/18K목걸이,,펠리체골드,53820,fashion
1012112249,오팔하우스 14k 컷팅볼 큐빅 진주 비드 목걸이 OPPN0153,주얼리/시계,목걸이,14K/18K목걸이,,OpalHouse,194400,fashion
98543278,펠리체골드 [9월골든특가] 14K 시그니처 클립 목걸이 (S),주얼리/시계,목걸이,14K/18K목걸이,,펠리체골드,693420,fashion
1072888485,[도로시] [추석특가]18k 브릴 클로버 랩 다이아몬드 목걸이,주얼리/시계,목걸이,다이아몬드목걸이,,도로시,952000,fashion
1124167892,[9월가을BEST주얼리] 베라토 14K 천연아마조나이트 블루피쉬 랩다이아몬드 팬던트,주얼리/시계,목걸이,다이아몬드목걸이,,베라토,141030,fashion
1087096134,"[9월,가을특가] 베라토  14K 천연 다이아몬드 하트 플라워 목걸이 펜던트",주얼리/시계,목걸이,다이아몬드목걸이,,베라토,129150,fashion
1101553867,[도로시] 14k 스텔라 블랙 다이아몬드 목걸이(3부),주얼리/시계,목걸이,다이아몬드목걸이,,도로시,609280,fashion
1098261114,"[9월,가을특가] 베라토  14K 천연석 라운드 원석 글로시 행운 포인트 레이어드 목걸이 3Color",주얼리/시계,목걸이,유색보석목걸이,,베라토,88700,fashion
1078948020,라빈 블랙스피넬 비즈 크리스탈 원석 골드볼 초커 목걸이,주얼리/시계,목걸이,유색보석목걸이,,루즈루나,14500,fashion
1078947920,크레셀 레드 자마노 원석 비즈 목걸이,주얼리/시계,목걸이,유색보석목걸이,,루즈루나,15580,fashion
1053334148,지엔 크리스탈 비즈 레드목걸이 원석 목걸이,주얼리/시계,목걸이,유색보석목걸이,,루즈루나,14800,fashion
1128875028,마렌 두줄 블랙스피넬 비즈 크리스탈 원석 여성 초커 목걸이 E75,주얼리/시계,목걸이,유색보석목걸이,,루즈루나,17880,fashion
1104557163,타치크 실버 체인 은목걸이,주얼리/시계,목걸이,은목걸이,,루즈루나,11700,fashion
1090167703,루리스 블랙 오닉스 볼 원석 실버925 목걸이 E68,주얼리/시계,목걸이,은목걸이,,루즈루나,12890,fashion
1054264222,[D102] Silver925 미니 드롭 그린 오닉스 목걸이,주얼리/시계,목걸이,은목걸이,,D102,68250,fashion
1134483283,펠리체골드 [9월골든특가/신상] 실버 925 모이사나이트 스위트 목걸이,주얼리/시계,목걸이,은목걸이,,펠리체골드,85020,fashion
1047188447,[제이에스티나] WHITEMOND 1캐럿 목걸이 (JJLJNQ4BS351SW420),주얼리/시계,목걸이,은목걸이,,제이에스티나,71200,fashion
1095429494,샬롯 쁘띠 오벌진주목걸이 국내제작 진주목걸이 MN0011,주얼리/시계,목걸이,진주목걸이,,마트정,14490,fashion
1051836297,줄린 스와로브스키 라이트그레이 실버925 흑진주 목걸이,주얼리/시계,목걸이,진주목걸이,,루즈루나,20100,fashion
1097287464,"[가을, 시그니처주얼리] 비비아토24KGF 더블 볼 링크 3종 세트",주얼리/시계,목걸이,진주목걸이,,비비아토,157890,fashion
1057354041,[도로시] *진주특가*18k 베젤 담수진주 목걸이(랩 다이아몬드),주얼리/시계,목걸이,진주목걸이,,도로시,888760,fashion
1033254770,[도로시]14k 클래식 스와진주 비드 목걸이(6mm)_기본장식,주얼리/시계,목걸이,진주목걸이,,도로시,115600,fashion
1135153200,"[가을, 시그니처주얼리] 비비아토 엘리자베스 클립 두줄 목걸이 _ 써지컬[알러지프리]",주얼리/시계,목걸이,패션목걸이,,비비아토,18910,fashion
1132010641,"[가을, 시그니처주얼리] 비비아토 벨루아 크리스탈 목걸이",주얼리/시계,목걸이,패션목걸이,,비비아토,12260,fashion
1135936952,"[가을, 시그니처주얼리] 비비아토 엘리자베스 코인 롱 목걸이",주얼리/시계,목걸이,패션목걸이,,비비아토,18910,fashion
1135153040,"[가을, 시그니처주얼리] 비비아토 로엔 볼 목걸이 _ 써지컬[알러지프리]",주얼리/시계,목걸이,패션목걸이,,비비아토,16060,fashion
1113258421,펠리체골드 [9월골든특가] 14K 버블링 3mm 대 반지,주얼리/시계,반지,14K/18K반지,,펠리체골드,197200,fashion
1100708255,펠리체골드 [9월골든특가/이태리] 18K 오메가 볼 반지,주얼리/시계,반지,14K/18K반지,,펠리체골드,108420,fashion
1082227621,펠리체골드 [9월골든특가] 18K 버블링 반지,주얼리/시계,반지,14K/18K반지,,펠리체골드,194220,fashion
61034547,*9월특가* [비앤비골드] (9월베스트) 당일발송 14K 다이아컷팅 할로우링 반지 NPR24438,주얼리/시계,반지,14K/18K반지,,BnB Gold,177750,fashion
1090260301,엘렌쥬얼리 14K 로이 물고기 체인 반지,주얼리/시계,반지,14K/18K반지,,엘렌쥬얼리,69160,fashion
1133375194,엘렌쥬얼리 14K 랩 다이아몬드 타이니 아몬드 체인 금 반지,주얼리/시계,반지,다이아몬드반지,,엘렌쥬얼리,37800,fashion
62057819,*9월특가* [비앤비골드] (9월베스트) 당일발송 14k 심플 다이아컷팅 텐션링 반지 NPR21665,주얼리/시계,반지,다이아몬드반지,,BnB Gold,84000,fashion
1092116555,"[9월,가을특가] 베라토 18K 다이아 컷팅 볼륨 반지",주얼리/시계,반지,다이아몬드반지,,베라토,659520,fashion
1133381028,엘렌쥬얼리 18K 랩 다이아몬드 타이니 아몬드 체인 금 반지,주얼리/시계,반지,다이아몬드반지,,엘렌쥬얼리,59500,fashion
1052825031,*9월특가* [비앤비골드] (9월베스트) 당일발송 18K 심플 다이아컷팅 텐션링 반지 NPR21665,주얼리/시계,반지,다이아몬드반지,,BnB Gold,123750,fashion
26273770,JADE U 제이드유 춘천옥 옥반지(링반지) J-202,주얼리/시계,반지,유색보석반지,,제이드유,55250,fashion
1135716102,천연 옥 반지 가락지 비취 원석 쌍가락지 Y2K 패션 소품 커플링 혼주 한복 액세서리,주얼리/시계,반지,유색보석반지,,리빙러빙,4800,fashion
1098377794,[리드박스] 혼주반지 매화꽃 원석반지 가 비취옥 호박석 장미석,주얼리/시계,반지,유색보석반지,,리드박스,15900,fashion
1062184709,[리드박스] 혼주 한복반지 모란꽃 직사각원석 자마노비취 옥반지,주얼리/시계,반지,유색보석반지,,리드박스,12900,fashion
1109715191,[리드박스] [선물포장] 혼주 한복 반지 궁중 매화꽃 비취옥 장미석 원석 쌍가락지 반지,주얼리/시계,반지,유색보석반지,,리드박스,24900,fashion
1122449476,엘렌쥬얼리 실버 Silver 925 잠자리 체인 은 반지,주얼리/시계,반지,은반지,,엘렌쥬얼리,14740,fashion
1129394962,펠리체골드 [9월골든특가/GS단독] 실버 925 풀 파베 반지,주얼리/시계,반지,은반지,,펠리체골드,99060,fashion
1121253912,펠리체골드 [9월골든특가] 실버 925 엥게이지 반지,주얼리/시계,반지,은반지,,펠리체골드,69420,fashion
1128314010,펠리체골드 [9월골든특가]  실버 925 고마루 파베 반지,주얼리/시계,반지,은반지,,펠리체골드,131040,fashion
1123501298,펠리체골드 [9월골든특가] 실버 925 플로우 반지,주얼리/시계,반지,은반지,,펠리체골드,77150,fashion
1134514306,골드앤 천연비취 그린 제이드 옥반지 대,주얼리/시계,반지,패션반지,,골드앤,29930,fashion
1134514292,골드앤 천연비취 그린 제이드 옥반지 소,주얼리/시계,반지,패션반지,,골드앤,29930,fashion
1090225871,[러브넛]*스카프증정* 18K골드 아레스 네일 반지 RG-1236-Y,주얼리/시계,반지,패션반지,,러브넛,311000,fashion
1090225933,[러브넛]*스카프증정* 18K골드 러블리 쿠션 퀄팅 반지 RG-1210-Y,주얼리/시계,반지,패션반지,,러브넛,299000,fashion
1129483062,라게토 [9월골든특가] 백금 PT999 엠보 반지,주얼리/시계,반지,패션반지,,라게토,219000,fashion
1057684518,[제이에스티나] AMICO 라운드 가죽 시계 3종 택 1,주얼리/시계,시계,가죽시계,,제이에스티나,96000,fashion
1100727800,여자 가죽 밴드 시계 럼튼 그리드 그린 골드,주얼리/시계,시계,가죽시계,,RUMTTON,89500,fashion
1131520076,[제이에스티나] AMICO MIA 가죽 시계 - 로즈골드 (JWM1LE6BF601RGBR0),주얼리/시계,시계,가죽시계,,제이에스티나,150000,fashion
1117304272,[로이드] 로캐론 블랙 남성 가죽 시계 LL1G23T05ISX,주얼리/시계,시계,가죽시계,,로이드,159000,fashion
1082159129,럼튼 하버 블루 자개 브라운 밴드 가죽 손목시계 골드,주얼리/시계,시계,가죽시계,,RUMTTON,79800,fashion
1126570762,구찌 실버 남녀공용 시계 5500M,주얼리/시계,시계,기타시계,,구찌,498750,fashion
1129124096,구찌 여성용 시계 블랙 5500L,주얼리/시계,시계,기타시계,,구찌,498750,fashion
55184852,[프리마클라쎄 ACC][프리마클라쎄] 여성손목시계 PCL19003L,주얼리/시계,시계,기타시계,,프리마클라쎄,179000,fashion
1012134198,카시오 CASIO 학생 무소음 수능시계 남녀공용 MQ-24-7B,주얼리/시계,시계,기타시계,,카시오,17100,fashion
1126896970,구찌 골드 콤비 GG로고 여성용 시계 9000L,주얼리/시계,시계,기타시계,,구찌,532000,fashion
1047256146,카시오 빈티지 전자 사각 메탈 손목시계 주우재시계 A158WA-1,주얼리/시계,시계,메탈시계,,카시오,34800,fashion
1136479271,시티즌 CA4674-58E 크로노그래프 남성 메탈시계,주얼리/시계,시계,메탈시계,,시티즌,394680,fashion
54410423,TANDY 탠디 클래식 커플 메탈 손목시계 T-3714 여자 화이트,주얼리/시계,시계,메탈시계,,탠디,69000,fashion
1082155758,여자시계 메쉬워치 럼튼 하버 핑크 실버,주얼리/시계,시계,메탈시계,,RUMTTON,84900,fashion
1075162905,페라가모 SFBY00419 여성 메탈 쿼츠 20x20mm,주얼리/시계,시계,메탈시계,,Salvatore Ferragamo,598000,fashion
1021370994,여성 메탈시계 세라믹 손목시계 고급 명품 큐빅시계 K-8058,주얼리/시계,시계,세라믹시계,,기타브랜드,21500,fashion
1053345411,여성 세라믹 예쁜 손목시계 얇은 자개 메탈 쿼츠 시계,주얼리/시계,시계,세라믹시계,,기타브랜드,19300,fashion
1044015290,가민 포러너 265 블랙 러닝 GPS스마트워치,주얼리/시계,시계,스포츠시계,,Garmin,459000,fashion
1051581990,가민 포러너 165 미스트 그레이/화이트 러닝 GPS스마트워치,주얼리/시계,시계,스포츠시계,,Garmin,249000,fashion
1051581986,가민 포러너 165 블랙/슬레이트 러닝 GPS스마트워치,주얼리/시계,시계,스포츠시계,,Garmin,249000,fashion
1008653141,카시오 여성 손목 시계 스포츠 LRW-200H-7E2,주얼리/시계,시계,스포츠시계,,카시오,43000,fashion
69376258,[정품] CASIO 카시오 W-219H-1A 학생 전자 스포츠 군인 손목시계,주얼리/시계,시계,스포츠시계,,카시오,32800,fashion
1080112474,젤큰 솔리드 12구 시계보관함 손목시계보관함 워치 스트랩 진열 수납,주얼리/시계,시계,시계소품,,젤큰,25900,fashion
1099992775,청년리빙 우드 시계 보관함 진열대 4종 12구,주얼리/시계,시계,시계소품,,청년리빙,15900,fashion
1091874779,삼성 정품 갤럭시워치8 시리즈 하이브리드 스트랩 밴드 시계줄 S/M/L 워치8 클래식 ET-SLL50 N,주얼리/시계,시계,시계소품,,삼성전자,66000,fashion
1124197032,시계줄 텐브릿지 스마트워치 메탈 밀레니즈루프 자석형,주얼리/시계,시계,시계소품,,기타 브랜드,16720,fashion
66886749,CASIO 카시오 W-800HG-9A 남여공용 우레탄밴드 디지털시계,주얼리/시계,시계,젤리/우레탄시계,,카시오,26900,fashion
1132540319,카시오 LQ-142E-1A 미니멀 학생 임용고시 수능 수험생 여자 우레탄 시계 e16,주얼리/시계,시계,젤리/우레탄시계,,카시오,22000,fashion
1018796571,펠리체골드 [9월골든특가] 14K 러브다이아 팔찌,주얼리/시계,팔찌/발찌,14K/18K팔찌,,펠리체골드,521820,fashion
1012111783,펠리체골드 [9월골든특가] 14K 볼드 스틱 팔찌 (L),주얼리/시계,팔찌/발찌,14K/18K팔찌,,펠리체골드,1372020,fashion
1101200857,펠리체골드 [9월골든특가/이태리] 18K 이태리 모던 스네이크 팔찌,주얼리/시계,팔찌/발찌,14K/18K팔찌,,펠리체골드,850200,fashion
1060038852,골드앤 14K 심플 골드볼 3mm 매듭팔찌1 +1(블랙+레드),주얼리/시계,팔찌/발찌,14K/18K팔찌,,골드앤,21090,fashion
1118629801,펠리체골드 [9월골든특가] 14K 컷팅볼 4mm 팔찌,주얼리/시계,팔찌/발찌,14K/18K팔찌,,펠리체골드,1193400,fashion
1064877597,[한국금다이아몬드] 14K 1부 랩 다이아 테니스 팔찌 16cm 랩그로운 다이아몬드,주얼리/시계,팔찌/발찌,다이아몬드팔찌,,한국금다이아몬드,1670100,fashion
1090955590,행운3색옥 평안 그린매듭팔찌 소원성취 재물 행운 BL727,주얼리/시계,팔찌/발찌,유색보석팔찌,,마트정,12590,fashion
1081655758,엔비 호안석 원석팔찌/행운 재물운 팔찌 [선물포장],주얼리/시계,팔찌/발찌,유색보석팔찌,,엔비,17000,fashion
1068011172,골드그린핑크 호안석 원석팔찌,주얼리/시계,팔찌/발찌,유색보석팔찌,,힐링젬,54050,fashion
1084185815,루아린 천연석 원석팔찌 행운 소원 탄생석 비즈팔찌,주얼리/시계,팔찌/발찌,유색보석팔찌,,루즈루나,12000,fashion
1076300597,[박씨상방] AAA 호안석 심플 원석팔찌 8미리 파워스톤 천연석,주얼리/시계,팔찌/발찌,유색보석팔찌,,박씨상방,17000,fashion
1128314000,펠리체골드 [9월골든특가]  실버 925 이태리 라운드 클립 팔찌,주얼리/시계,팔찌/발찌,은팔찌,,펠리체골드,122460,fashion
1131154199,펠리체골드 [9월골든특가/GS단독] 실버 925 모이사나이트 스위트 팔찌,주얼리/시계,팔찌/발찌,은팔찌,,펠리체골드,186420,fashion
1121279650,펠리체골드 [9월골든특가] 실버 925 이태리 로프 팔찌,주얼리/시계,팔찌/발찌,은팔찌,,펠리체골드,244920,fashion
1128309780,펠리체골드 [9월골든특가]  실버 925 볼륨 컷팅볼 팔찌,주얼리/시계,팔찌/발찌,은팔찌,,펠리체골드,121680,fashion
1129394958,펠리체골드 [9월골든특가/GS단독] 실버 925 글리터 클립체인 팔찌,주얼리/시계,팔찌/발찌,은팔찌,,펠리체골드,139620,fashion
1087093733,오벌진주 연꽃씨앗 팔찌 성공운 재물운 행운 건강운 시험운 BL612,주얼리/시계,팔찌/발찌,진주팔찌,,마트정,8290,fashion
1102182544,2개세트 오벌진주 연꽃씨앗 팔찌 소원성취 재물운 건강 행운BL1011,주얼리/시계,팔찌/발찌,진주팔찌,,마트정,11980,fashion
1034004039,몽슈와 진주 팔찌,주얼리/시계,팔찌/발찌,진주팔찌,,몽슈와,24930,fashion
1034004358,펠리체골드 [9월골든특가] 14K 오데트 담수진주 팔찌,주얼리/시계,팔찌/발찌,진주팔찌,,펠리체골드,131820,fashion
1103973801,3개세트 행운 복주머니키링 국내제작 소원성취 시험 행운 건강 재물 액막이 KY1126,주얼리/시계,팔찌/발찌,진주팔찌,,마트정,10980,fashion
1093341244,[러브넛]*스카프증정* 18K골드 행운 소원 인피니티 써클 끈팔찌 매듭팔찌 BG-1140,주얼리/시계,팔찌/발찌,패션팔찌,,러브넛,169000,fashion
1081505260,2개세트 백옥매화 골드빛연꽃봉오리 매듭팔찌,주얼리/시계,팔찌/발찌,패션팔찌,,마트정,11590,fashion
1045548544,[루브르파리] 디오르 스퀘어 체인 팔찌  BA0482,주얼리/시계,팔찌/발찌,패션팔찌,,루브르파리,16900,fashion
1093354440,그레이스켈리 플랫 클로버 탄자나이트 팔찌,주얼리/시계,팔찌/발찌,패션팔찌,,그레이스켈리,27000,fashion
1126971327,윌러 운수대통 컬러 호안석 행운 팔찌 이우 선물 원석,주얼리/시계,팔찌/발찌,패션팔찌,,SELLERHUBSHOP,22500,fashion
1059586406,[나이키] 여성 하이웨이스트 풀 렝스 레깅스 HJ9196-010,스포츠의류,여성스포츠의류,레깅스,,나이키,36400,fashion
1065596636,[르꼬끄공식] [60% OFF] 스커트 레깅스 (QP422TPFO6),스포츠의류,여성스포츠의류,레깅스,,르꼬끄,24360,fashion
1065596619,[르꼬끄공식] [60% OFF] 팬츠 레깅스 (QP422TPFO7),스포츠의류,여성스포츠의류,레깅스,,르꼬끄,29280,fashion
61401103,베루스 언더레이어 여성 9부 반바지 VE-W304 레깅스,스포츠의류,여성스포츠의류,레깅스,,베루스,15800,fashion
1108009886,"다이나핏 [택가 59,000원] NEO PISTE 네오 피스테 여성 하프 타이츠 YWM23389",스포츠의류,여성스포츠의류,레깅스,,다이나핏,20000,fashion
1105684830,[나이키] 스트라이드 남성 드라이 핏 하프 러닝 타이츠 IF2041-010,스포츠의류,남성스포츠의류,레깅스,,나이키,42000,fashion
1024700278,[제인코트]요가필라테스헬스운동레깅스DNA2903,스포츠의류,남성스포츠의류,레깅스,,제인코트,16150,fashion
1024328995,브론더 수입 대용량 힙색 a02653,가방/지갑,여성가방,힙색,,달라보여,39900,fashion
1106034329,[써스데이아일랜드]위빙 벨트백(T242MBT131W),가방/지갑,여성가방,힙색,,써스데이아일랜드,25290,fashion
93845436,데일리 웨이스트백_GDF-FA821/남여공용힙색/슬링백/미니크로스백,가방/지갑,여성가방,힙색,,아메리칸스토리,24800,fashion
1131219653,여행용 힙색(블랙) 골프허리가방 힙색,가방/지갑,여성가방,힙색,,BFMALL,11600,fashion
1094137286,레오파드 에코백 ML-CC,가방/지갑,여성가방,에코백,,메르에,5900,fashion
1090471145,"[론칭가 78,000원] 소노비 여성 콩장식 에코백 FFHB600_601",가방/지갑,여성가방,에코백,,에스콰이아,15600,fashion
1076721794,레오파드 데일리 보부상 에코백 크로스백 숄더백,가방/지갑,여성가방,에코백,,티티아,10900,fashion
1092105804,모니즈 [1 + 1] 보떼가든 링클백 사이즈확장 플리츠 장바구니 컬러4종,가방/지갑,여성가방,에코백,,모니즈,9900,fashion
1071672727,[빠른배송][페이릿] 데일리 베이직 포켓패치 청 에코백 / 데님에코백/ 대학생가방,가방/지갑,여성가방,에코백,,페이릿,20150,fashion
1085601615,나인라벨 비오는날엔 미끄럼방지 첼시 레인부츠 고퀄리티 미들 여성 장화 사이즈3종 택1 장화,신발,여성신발,레인부츠,,나인라벨,14900,fashion
1060269787,"웨스턴치프 [TAG가 99,000원] 미드 숏 레인부츠 6종 택1",신발,여성신발,레인부츠,,웨스턴치프,9900,fashion
1086149461,"웨스턴치프 [TAG가 99,000원] 여성 숏 미드 레인부츠 12종 택 1",신발,여성신발,레인부츠,,웨스턴치프,9900,fashion
1090255678,라마트리_쎄미 청키스타일 6cm 레인부츠_LSRB3106,신발,여성신발,레인부츠,,라마트리,43900,fashion
1080806871,레인슈즈 빗물차단 남여공용 미끄럼방지 레인부츠 방수 신발,신발,여성신발,레인부츠,,아이빈,14900,fashion
1088716855,남성 2컬러 아웃도어 어반 하이그립 레인부츠 RAIN47,신발,남성신발,레인부츠,,SELLERHUBSHOP,10400,fashion
1012131389,[디얼마미]단추꽃 브로치 /여성 한복 옷핀 패션 엄마 선물,양말/패션소품,브로치,,,디얼마미,7380,fashion
1032988639,bc155 태양 진주 패션 브로치,양말/패션소품,브로치,,,byjr,14000,fashion
32025736,[바이진주리본] 일자 쁘띠 진주 브로치,양말/패션소품,브로치,,,byjr,6900,fashion
90948694,[제이로렌]바이데이지 1Bh0207 담수진주 미니나비 옷핀브로치,양말/패션소품,브로치,,,제이로렌,29000,fashion
1050725999,선물 진주 패션 브로치 10종 매너 정장 레이디 옷핀,양말/패션소품,브로치,,,SELLERHUBSHOP,4100,fashion
1129439909,[러브넛] *당일발송* 24K순금 행운 키홀더 선물 열쇠고리 키링 가방장식 곰 수달 부엉이 3종 택1,양말/패션소품,키홀더,,,러브넛,26000,fashion
1111274143,미니백 여성 가방장식 키링 키홀더,양말/패션소품,키홀더,,,SELLERHUBSHOP,3000,fashion
1025340175,몬스터클래스 레이 페이스리프트 4버튼 키케이스 가죽 테슬 포함,양말/패션소품,키홀더,,,몬스터클래스,59000,fashion
1080238197,국산 아사 손수건 스카프 3장세트 빅사이즈,양말/패션소품,손수건,,,파니파오,9410,fashion
1051154083,[1+ 1 2장세트]탠디 면 손수건/스카프 선물케이스동봉,양말/패션소품,손수건,,,탠디,7900,fashion
1119621826,[닥스(손수건)]클래식벨트&체크포인트 미니정사각 면실크스카프DYS1501,양말/패션소품,손수건,,,닥스손수건(백화점),21250,fashion
1120315509,[닥스(손수건)]닥스 남여 공용 시그니처 체크패턴 빅사이즈 손수건 & 스카프 DLI4001,양말/패션소품,손수건,,,닥스손수건(백화점),19130,fashion
1051154073,[탠디] 손수건 면 60수 로즈레이 스카프 신상추가 (케이스동봉)(3장구매시 사은품 증정),양말/패션소품,손수건,,,탠디,6900,fashion
1082001100,변색없는 발찌 메이링 / 18k 골드 도금 데일리 로고 써지컬 / 금도금 로즈골드 여성 여자 / 우정 여름 포인트 / 체인 큐빅 쥬얼리 액세서리 볼 심플,주얼리/시계,팔찌/발찌,발찌,,지와이,6800,fashion
1124646704,로프발찌 여성 여자 발목 장식 끈발찌 패션 로프 발찌,주얼리/시계,팔찌/발찌,발찌,,기타브랜드,3860,fashion
1040299628,9월특가 [제메이스] 14K 3mm 골든볼 실발찌 2개,주얼리/시계,팔찌/발찌,발찌,,제메이스,18910,fashion
1080010614,[도로시] [추석특가]14k 브릴 아이레 나비 피어싱(랩 다이아몬드)(1개),주얼리/시계,귀걸이,피어싱,,도로시,180880,fashion
1083644070,[미니아트] 하트 14K 골드필드핀 미니 통통 로즈골드 피어싱 귀걸이 1+ 1,주얼리/시계,귀걸이,피어싱,,미니아트,27900,fashion
57496836,[도로시] [추석특가]14k 쿠잉쿠잉 원볼 피어싱(1개)_5mm,주얼리/시계,귀걸이,피어싱,,도로시,48280,fashion
59517916,[코스타스웨그]14k귀걸이 골드볼 피어싱 6mm,주얼리/시계,귀걸이,피어싱,,코스타스웨그,50150,fashion
19454835,[도로시] 14k 민트꽃 피어싱(1개),주얼리/시계,귀걸이,피어싱,,도로시,125800,fashion
1136358408,1번) [제메이스] 실버925 이태리 오메가 목걸이&팔찌 세트,주얼리/시계,주얼리세트,은세트,,제메이스,729600,fashion
1129395030,펠리체골드 [9월골든특가/GS단독] 실버 925 글리터 클립체인 세트,주얼리/시계,주얼리세트,은세트,,펠리체골드,225420,fashion
1136358407,2번) [제메이스] 실버925 모링가 클립 컷팅 목걸이&팔찌 세트,주얼리/시계,주얼리세트,은세트,,제메이스,473100,fashion
1131119516,펠리체골드 [9월골든특가] 실버 925 스네이크 4mm 세트,주얼리/시계,주얼리세트,은세트,,펠리체골드,140400,fashion
1132504826,펠리체골드 [9월골든특가/GS단독] 실버 925 엥게이지 반지 세트,주얼리/시계,주얼리세트,은세트,,펠리체골드,131820,fashion
1130665831,[10%][르샵주얼리] 가을맞이 신상 균일특가 귀걸이/목걸이/반지/팔찌_LGS004,주얼리/시계,주얼리세트,패션주얼리세트,,르샵주얼리,11070,fashion
1107759992,지와이 2종세트 목걸이 팔찌 도금 3mm 원폴드 하이엔드 골드 목걸이 팔찌 시그니처 헤링본 빅사이즈가능 여성 여자 가벼운 써지컬 티타늄 뱀 줄,주얼리/시계,주얼리세트,패션주얼리세트,,지와이,12800,fashion
1106490495,[러브넛] 모이사나이트 3캐럿 4프롱 반지 + 모이사나이트 2캐럿 테니스 반지 2종세트 RS-1217+RS-1218,주얼리/시계,주얼리세트,패션주얼리세트,,러브넛,135000,fashion
1125341840,2종 풀세트 비휴 24k 도금 육자진언 팔찌 반지 염주 골드 와이드 오픈링 재물운 행운 소원성취 남자 여자 컬렉션,주얼리/시계,주얼리세트,패션주얼리세트,,지와이,19800,fashion
1082641989,클라비스 바흐 팔찌+목걸이 세트,주얼리/시계,주얼리세트,패션주얼리세트,,클라비스,298000,fashion
1116372514,"[가을, 시그니처주얼리] 비비아토실버925 루시아 진주 실버귀걸이&목걸이 세트",주얼리/시계,주얼리세트,진주세트,,비비아토,13210,fashion
1110488702,[스와로브스키]5689624 Matrix 진주 귀걸이 목걸이 세트,주얼리/시계,주얼리세트,진주세트,,스와로브스키,222270,fashion
1027574298,[박씨상방] 나전칠기 1단 나비정원 예단보석함H 23센티 자개함,주얼리/시계,보관함/기타,,,박씨상방,79200,fashion
35282547,[박씨상방] 한지 미니쌍합 소(사군자)비밀보석함,주얼리/시계,보관함/기타,,,박씨상방,42000,fashion
1054444316,3단 박스형 가죽 보석함 악세사리 보관함 주얼리 귀걸이 반지 목걸이 수납 정리함 OSB-3PJWL,주얼리/시계,보관함/기타,,,오엠티,32900,fashion
1092083722,LILO1019 가죽 액세서리 보관함 쥬얼리 보관 케이스 보석함,주얼리/시계,보관함/기타,,,SELLERHUBSHOP,9200,fashion
60502677,휴대용 귀걸이 목걸이 반지 악세서리 쥬얼리 보관함 보석함 박스,주얼리/시계,보관함/기타,,,퀸즈플랜,9000,fashion
1087419172,베라토 24K순금 GH 볼륨 로프 원터치 링 귀걸이,주얼리/시계,순금제품,순금귀걸이,,베라토,153000,fashion
1090032447,[당일발송]골드리카 순금 샤인크로버 귀걸이 1.875g,주얼리/시계,순금제품,순금귀걸이,,골드리카,589000,fashion
1073462384,베라토 24K순금 골든럭키 크로버 귀걸이,주얼리/시계,순금제품,순금귀걸이,,베라토,306200,fashion
1112280990,골드앤 24K 순금 포트링 귀걸이,주얼리/시계,순금제품,순금귀걸이,,골드앤,522100,fashion
96898337,여자 순금 귀걸이 클립 24K 3.75g,주얼리/시계,순금제품,순금귀걸이,,종로금1번가,1088000,fashion
1134654018,베라토 24K순금 데일리 천연 오닉스 목걸이,주얼리/시계,순금제품,순금목걸이,,베라토,199000,fashion
1121049887,베라토 24K순금 벨 에포크 크로스 십자가 목걸이 7.5g,주얼리/시계,순금제품,순금목걸이,,베라토,2590000,fashion
1044801921,[한국금다이아몬드] 순금 펜던트 24K 금 할로우 원통 트리플 밀그레인,주얼리/시계,순금제품,순금목걸이,,한국금다이아몬드,114000,fashion
1122443742,수앤진골드 실크 커팅볼 목걸이 24K 순금 4.5g,주얼리/시계,순금제품,순금목걸이,,수앤진골드,1416000,fashion
1124168125,베라토 24K순금 인피니티 스와로브스키 진주목걸이,주얼리/시계,순금제품,순금목걸이,,베라토,179300,fashion
1132040802,라게토 [9월골든특가] 24K 순금 네잎클로버 반지,주얼리/시계,순금제품,순금반지,,라게토,239000,fashion
1111543417,라게토 [9월골든특가] 24K 순금 트위스트 반지,주얼리/시계,순금제품,순금반지,,라게토,189000,fashion
1135764558,라게토 24K 순금 플라워 반지,주얼리/시계,순금제품,순금반지,,라게토,489000,fashion
1105200605,[러브넛]*스카프증정* 24K 순금 다이아몬드 스텔라 반지RG-1223,주얼리/시계,순금제품,순금반지,,러브넛,572000,fashion
1123613348,라게토 [9월골든특가] 24K 순금 데이지 반지,주얼리/시계,순금제품,순금반지,,라게토,639000,fashion
1124168018,"[9월,가을특가] 베라토 [NEW][GS단독] 24K 순금 인피니티 팔찌",주얼리/시계,순금제품,순금팔찌/발찌,,베라토,189000,fashion
1101206799,[한국금다이아몬드] 순금 24K 팔찌 천연석 재물 행운 비휴 6mm 6종 택 1,주얼리/시계,순금제품,순금팔찌/발찌,,한국금다이아몬드,84000,fashion
1094379519,[러브넛]*스카프증정* 24K 순금 거북이 수호 끈 매듭 팔찌 2컬러 택1 BG-1142,주얼리/시계,순금제품,순금팔찌/발찌,,러브넛,99000,fashion
1097739828,[러브넛]*스카프증정* 24K골드 순금 연화 소원성취 행운 매듭 끈 팔찌BG-1144 5종중 택1,주얼리/시계,순금제품,순금팔찌/발찌,,러브넛,79000,fashion
1099950558,[러브넛] *실버비휴 증정* 24K 골드 순금 비휴 천연석 팔찌 5컬러 택1 BG-1145+BS-1158-S_K,주얼리/시계,순금제품,순금팔찌/발찌,,러브넛,99000,fashion
1081857826,에스유니 소가죽 스퀘어 큐빅 키높이 여성 통굽 슬립온 스니커즈 운동화 5cm,신발,여성신발,슬립온,,에스유니,47410,fashion
1090368905,"[론칭가 158,000원] 에스콰이아 여성 캐주얼 슬립온 스니커즈 FSHZ915_917",신발,여성신발,슬립온,,에스콰이아,40120,fashion
1053343530,[슈리오] 여성 소가죽 키높이 슬립온 6cm (빠른배송),신발,여성신발,슬립온,,슈리오,33160,fashion
1111372440,행텐 HT-5611 여성용 메리제인 운동화 스니커즈 찍찍이 단화 슬립온 발편한 신발,신발,여성신발,슬립온,,행텐,16900,fashion
1110335067,에스유니 발편한 컴포트 핸즈프리 키높이 메쉬 여성 슬립온 운동화 4.5cm,신발,여성신발,슬립온,,에스유니,37740,fashion
55451273,[국내수제/바닐라슈] 베르디 쿠션 탄력몰드창 컴포트슈즈(4.5cm),신발,여성신발,컴포트화,,바닐라슈,38000,fashion
1134098792,슈꼴라502 26FW 천연 가죽 퀄팅 컴포트슈즈,신발,여성신발,컴포트화,,슈꼴라502,69800,fashion
1105182873,[올리] 소가죽 제인 컴포트슈즈 6cm,신발,여성신발,컴포트화,,올리,18050,fashion
1134091969,슈디 양가죽 메리제인 컴포트슈즈,신발,여성신발,컴포트화,,슈디,69800,fashion
1068576231,발편한 볼넓은 봄 가을 여성 소가죽 단화 슬립온 로퍼 플랫슈즈 효도화 유니폼화 근무화 DM1005,신발,여성신발,컴포트화,,유세븐,24900,fashion
1118876157,캠포릭 다이얼핏 쿠셔닝 워킹화 여성용,신발,여성신발,러닝화/워킹화,,캠포릭,39800,fashion
1109242990,지프 액티브 워킹화 여성용,신발,여성신발,러닝화/워킹화,,지프,59800,fashion
1128790988,테라 코어 워킹 슈즈 스마트 다이얼 여성용,신발,여성신발,러닝화/워킹화,,린,49000,fashion
1109278437,지프 숨쉬는 운동화 여성용 크로쉐 워킹화 슈즈,신발,여성신발,러닝화/워킹화,,지프,69800,fashion
1134993616,에스유니 230-280 발편한 고탄력 카본 충격 흡수 런닝화 운동화 마라톤화 4cm,신발,여성신발,러닝화/워킹화,,에스유니,48410,fashion
1105182860,[올리] 헬시온 이사벨 소가죽 슬립온 4.5cm,신발,남성신발,슬립온,,올리,19000,fashion
1062282680,에스유니 천연소가죽 스티치 남성캐주얼화 슬립온 로퍼 남성신발,신발,남성신발,슬립온,,에스유니,66410,fashion
1063397460,오슬로N59 자가드 슬립온/발편한 족저근막 운동화 쿠션 좋은 발볼 넓은 남성 여성,신발,남성신발,슬립온,,오슬로 N˚59,30400,fashion
1076036599,"[론칭가 178,000원][비밀특가]금강제화 프리웨이 남성 캐주얼 슬립온 2종 택1 RICSLC5164MFR",신발,남성신발,슬립온,,금강제화,68000,fashion
1113708681,락포트 토탈모션 안야 슬립온 M CJ3256,신발,남성신발,슬립온,,락포트,44000,fashion
1105182919,[올리] 소가죽 밴딩 컴포트화 5.5cm,신발,남성신발,컴포트화,,올리,18050,fashion
1090980921,"[GS단독 시즌ON 초특가] 남성 정통 클래식 페니로퍼/컴포트화, 깔끔하고 편하게 매일 신기 좋은 남성 신발",신발,남성신발,컴포트화,,비버리힐스 폴로클럽,12900,fashion
67749794,엘칸토 마쯔 남성 캐주얼 컴포트화 4cm LCMD13M111,신발,남성신발,컴포트화,,엘칸토,38900,fashion
1065695357,에스유니 가죽 다이얼 남성캐주얼화 컴포트화 남성화 효도신발,신발,남성신발,컴포트화,,에스유니,66410,fashion
1065751240,에스유니 초경량 다이얼 소가죽 남성캐주얼화 컴포트화 남성화,신발,남성신발,컴포트화,,에스유니,89000,fashion
1118877618,캠포릭 다이얼핏 쿠셔닝 워킹화 남성용,신발,남성신발,러닝화/워킹화,,캠포릭,39800,fashion
1128790946,RYN 26SS 최신상 LUXWALK 워킹화 남성 단품,신발,남성신발,러닝화/워킹화,,린,59000,fashion
1109279719,지프 숨쉬는 운동화 남성용 크로쉐 워킹화 슈즈,신발,남성신발,러닝화/워킹화,,지프,69800,fashion
1092374341,[프로스펙스]남성 여성 발볼넓은 운동화 런닝화 워킹화 액시스온 2,신발,남성신발,러닝화/워킹화,,프로스펙스,37400,fashion
1106877212,월드컵 윙스 다이얼운동화 기능성 남자워킹화,신발,남성신발,러닝화/워킹화,,월드컵,34800,fashion
1134550431,[GS단독/무료배송] 건강 챙기는 발가락 양말 덧신 모음 18종 택1,양말/패션소품,양말,,,발편한세상,10900,fashion
1074765494,[10켤레/국산] 중목 양말 발목이 편안한 무압박 스포티한 링글 베이직한 무지 데일리 삭스,양말/패션소품,양말,,,발편한세상,11500,fashion
1135242759,나인라벨 [5 + 5] 메리플라워 가을패턴 여성 중목양말 (총10켤레세트),양말/패션소품,양말,,,나인라벨,9900,fashion
1063749733,푸마 크레오라 단목양말 5+5켤레,양말/패션소품,양말,,,푸마,15900,fashion
1135809519,[BYC 본사] 남성 100수 중목 양말 3종 세트 SMS1713,양말/패션소품,양말,,,BYC,10900,fashion
1134179126,GS단독 [올스킨] 원더레그 반투명압박스타킹 리얼스킨5종+랜덤1종,양말/패션소품,스타킹,,,원더레그,79900,fashion
1107329867,GS단독 원더레그 반투명압박스타킹 스킨4종+블랙2종+랜덤1종[혼합],양말/패션소품,스타킹,,,원더레그,79900,fashion
30087854,[2세트구매시 덧신 한켤레 더] 벌크팬티스타킹 10족 세트,양말/패션소품,스타킹,,,올삭스,10900,fashion
1050791812,[비비안(스타킹)](12족set) 하이써포트 고탄력 팬티스타킹 PH5027,양말/패션소품,스타킹,,,비비안 스타킹(백화점),13780,fashion
1106497973,"[출고가 71,000원] 캘빈클라인 스포츠 간절기 후드집업 여성 4컬러 택1",스포츠의류,여성스포츠의류,후드/집업,,캘빈클라인,29900,fashion
1104178884,캘빈클라인 스포츠 에센셜 후드집업 남녀 5컬러 택1,스포츠의류,여성스포츠의류,후드/집업,,캘빈클라인,49000,fashion
1093896454,LJS  다이나핏  (택가 119000원) 여성 랜드 크롭 후드 집업 자켓 (YYWU23140),스포츠의류,여성스포츠의류,후드/집업,,다이나핏,40000,fashion
1064919092,[르꼬끄공식] [60% OFF] 로고 기모 투웨이 후드집업 (QP423TFTO1),스포츠의류,여성스포츠의류,후드/집업,,르꼬끄,34200,fashion
1106589011,아디다스 삼선 프렌치 테리 크롭 후드 블랙 IC8767,스포츠의류,여성스포츠의류,후드/집업,,아디다스,34900,fashion
1106497986,"[출고가 71,000원] 캘빈클라인 스포츠 간절기 후드집업 남성 2컬러 택1",스포츠의류,남성스포츠의류,후드/집업,,캘빈클라인,29900,fashion
1062923565,[르꼬끄공식] [60% OFF] 풋볼 유니 후드티 (QP423FHDO1),스포츠의류,남성스포츠의류,후드/집업,,르꼬끄,26820,fashion
1106497992,"[출고가 71,000원] 캘빈클라인 스포츠 간절기 후드집업 남녀 6컬러 택1",스포츠의류,남성스포츠의류,후드/집업,,캘빈클라인,29900,fashion
1120665514,나이키 파크 26 플리스 풀집 후디 후드집업 2종 택1,스포츠의류,남성스포츠의류,후드/집업,,나이키,41850,fashion
1107070495,LJS  다이나핏  택가 119000원 남녀공용 랜드 후드 집업 자켓 (YYUP23101),스포츠의류,남성스포츠의류,후드/집업,,다이나핏,40000,fashion
1116909285,스케쳐스 26FW 최신상 남성용 가죽 고워크 클래식 슬립인스 로퍼,스포츠신발,방한화/부츠,,,스케쳐스,129000,fashion
65705404,[스프리스] 남성 하이스타에어퍼부츠_블랙 HMSB0W02PP0116,스포츠신발,방한화/부츠,,,스프리스,8910,fashion
1101580842,"[클리어런스 GS초특가] 하이탑 데일리 방한퍼스니커즈/퍼운동화, 겨울 시즌 어떤 코디에도 편안하고 따뜻하게~",스포츠신발,방한화/부츠,,,비버리힐스 폴로클럽,7900,fashion
65702800,[스프리스] 남성 쿠션패딩부츠_2종 택1,스포츠신발,방한화/부츠,,,스프리스,8910,fashion
1106229467,26SS 월드컵 맥스런 남성 워킹화,스포츠신발,방한화/부츠,,,월드컵,29900,fashion
1096982950,FILA 25년 볼트라이드 데일리 운동화 여성용,스포츠신발,러닝화/워킹화,,,FILA,39900,fashion
1116782421,스케쳐스 26FW 최신상 여성용 모던 디럭스 슬립인스 워킹화,스포츠신발,러닝화/워킹화,,,스케쳐스,139000,fashion
1116797759,스케쳐스 26FW 최신상 여성용 이지고잉 워킹화,스포츠신발,러닝화/워킹화,,,스케쳐스,119000,fashion
1135134814,스케쳐스 26FW 최신상 여성용 맥스런 슬립인스 워킹화,스포츠신발,러닝화/워킹화,,,스케쳐스,139000,fashion
1063952689,아디다스 런블레이즈 남자 여성 러닝화 운동화 워킹화 5종 택일 IH6710 KK3422 JQ0630 JP6928 JP6931 IH9643 JP6929,스포츠신발,러닝화/워킹화,,,아디다스,36980,fashion
1100551295,아디다스 팀 트롤리 백 M 캐리어 여행 가방 CY6056,스포츠가방,슈즈백/기타가방,,,아디다스,61640,fashion
1111946240,"[나이키] 브라질리아 트레이닝 더플백(엑스트라 스몰, 24L) IB4398-010",스포츠가방,슈즈백/기타가방,,,나이키,27440,fashion
1031944449,나이키 리유저블 친환경 에코백 간편한가방 스몰,스포츠가방,슈즈백/기타가방,,,나이키,5600,fashion
90711486,[나이키] W 퓨추라 365 아이템 백 CW9300-010,스포츠가방,슈즈백/기타가방,,,나이키,21840,fashion
1097931345,[나이키] 스포츠웨어 퍼플 토트백(28L) HQ0220-010,스포츠가방,슈즈백/기타가방,,,나이키,58800,fashion
1127766011,[컨버스공식] 스타 로고 버서타일 토트 빈티지 카고 UA5993-X9V,스포츠가방,백팩,,,컨버스,31500,fashion
1111946286,[나이키] 헤리티지 백팩 2.0(23L) IB4343-010,스포츠가방,백팩,,,나이키,30800,fashion
1135810277,[나이키] 유틸리티 파워 백팩(33L) FN4120-010,스포츠가방,백팩,,,나이키,70000,fashion
1075692923,[정품] 아디다스 클래식 3바 로고 백팩 (JI6953),스포츠가방,백팩,,,아디다스,22090,fashion
1100418310,디스커버리 26N 신학기책가방 라이크 에어 노바 백팩 31L DXBK0116N-ICDX,스포츠가방,백팩,,,디스커버리,157170,fashion
1088016741,[나이키] 아우라 크레센트 크로스바디 백(4L) HQ4370-013,스포츠가방,크로스백/메신저백,,,나이키,37710,fashion
1073396839,"[나이키] 유틸리티 파워 2.0 더플백(스몰, 31L) FN4206-010",스포츠가방,크로스백/메신저백,,,나이키,47600,fashion
1088016761,[나이키] 아우라 크로스바디 백(2L) HM6120-013,스포츠가방,크로스백/메신저백,,,나이키,28430,fashion
1052597145,[나이키] 미니 슈박스 크로스바디 백(3L) FN3059-010,스포츠가방,크로스백/메신저백,,,나이키,28430,fashion
1059596351,[르꼬끄공식] [60% OFF] 여성 호보 크로스백 (QP322WBG71),스포츠가방,크로스백/메신저백,,,르꼬끄,24360,fashion
1062960199,[르꼬끄공식] [60% OFF] 여성 패딩 숄더백 (QP322WBG92),스포츠가방,숄더백,,,르꼬끄,26820,fashion
1059596357,[르꼬끄공식] [60% OFF] 여성 에뚜왈 미니 숄더백 (QP322WBG72),스포츠가방,숄더백,,,르꼬끄,21900,fashion
1134507690,룰루레몬 LU9AX2S-077076 여성 숄더백 스포츠 에브리웨어 벨트백 1L DDND SLVR 7097361,스포츠가방,숄더백,,,룰루레몬,69600,fashion
1136251295,아디다스 숄더백 BOWLING BAG KQ6807,스포츠가방,숄더백,,,아디다스 오리지널,63750,fashion
1090220417,아디다스 TERREX 멀티 오거나이저 파우치 숄더백 크로스백 여행 가방 JD3432,스포츠가방,숄더백,,,아디다스,22500,fashion
1117365168,LJS  다이나핏  남녀공용 마이티 슬링백 M 블랙 (YUA25B22Z1),스포츠가방,힙색/슬링백,,,다이나핏,53400,fashion
1026481373,나이키 NSW 푸츄라 크로스 바디백 웨이스트백,스포츠가방,힙색/슬링백,,,나이키,27420,fashion
1120286600,아디다스토트백 OQJ IS4369 아디컬러 웨이스트백,스포츠가방,힙색/슬링백,,,아디다스,20340,fashion
1100073839,내셔널지오그래픽 내셔널지오그래픽 N265ACR560 코어 오리지날 슬링백 BLACK,스포츠가방,힙색/슬링백,,,내셔널지오그래픽,59000,fashion
1110427915,나이키 커뮤트 크로스바디백 1L 해외여행 도난방지 힙색 가방 러닝 FZ6133-011,스포츠가방,힙색/슬링백,,,나이키,30330,fashion
1116959715,아디다스 오리지널 그래픽 쇼퍼 토트백 JZ4287,스포츠가방,토트백,,,아디다스 오리지널,22390,fashion
1071316025,[나이키] 헤리티지 2.0 토트백(22L) FZ1320-120,스포츠가방,토트백,,,나이키,25200,fashion
1130497316,빅 샷 프로 NM2DS10A JBK,스포츠가방,토트백,,,노스페이스,172080,fashion
1127629396,휠라 차정원착용 휠라 여성 발레리나 더블백 v3 FS261BS01F001,스포츠가방,토트백,,,FILA,79900,fashion
1116874870,[카리나&TWS PICK][MLB공식] 26N 베이직 스포티브 토트백 (3 COLOR) 3AORA016N,스포츠가방,토트백,,,MLB,109000,fashion
1093377756,가볍고 편안한 레이스 심리스 브라 3P세트,여성속옷,브래지어,,,라이프핏,12900,fashion
1110711910,[크로커다일] 라이크라쉘론 V넥/스트랩 패드일체형 감탄브라 2종 택1,여성속옷,브래지어,,,크로커다일,19900,fashion
1086414141,"[출고가 19,900원][푸마] 여성 프리컷 브라 끈형/런닝형 1종 택일",여성속옷,브래지어,,,푸마바디웨어,14900,fashion
1133692709,"[출고가 29,900원][아디다스 BOS] 여성 클라이마 끈형/런닝형 브라탑 1종 택일",여성속옷,브래지어,,,아디다스,23900,fashion
1093377737,[출고가12900원] 편안한 라이트 심리스 브라 2P,여성속옷,브래지어,,,라이프핏,8900,fashion
1132656756,"한정수량 [정가125,000원] 펄리쉘 데일리 노라인 헴팬티 5종 (아이보리+핑크+베이지+다크베이지+코코아) PSPM110R_00",여성속옷,팬티,,,펄리쉘,9900,fashion
1056798664,[라첼스] 모달60수 팬티 5종세트,여성속옷,팬티,,,라첼스,15900,fashion
1097383891,[5장세트] 편하고~부드러운 베이직 모달 팬티,여성속옷,팬티,,,밀라노,12500,fashion
1050503577,비비안 국민 헴팬티 5종 SET,여성속옷,팬티,,,남영비비안 로즈버드,18280,fashion
1104947381,[클리어런스특가][아디다스 퍼포먼스] 여성 에어로레디 햄팬티 5종세트,여성속옷,팬티,,,아디다스,15900,fashion
1105155116,26신상 BEST 플레이텍스 크로스유어하트 브라팬티 4세트+팬티 4종,여성속옷,브라팬티세트,,,플레이텍스,125930,fashion
1114901601,"[런칭159,900] FILA [26최신상] 휠라 누디 브라팬티 5세트+팬티 5종",여성속옷,브라팬티세트,,,FILA,116910,fashion
1121982817,코데즈컴바인 에어 젤리 BB 브라팬티 4세트,여성속옷,브라팬티세트,,,코데즈컴바인이너웨어,94050,fashion
1135748835,신영와코루 레이스 브라렛 노와이어 여성속옷세트 10종,여성속옷,브라팬티세트,,,신영와코루,69900,fashion
1091790222,[원더브라]최신상 누드앤누드 스킨패키지 브라팬티 4세트,여성속옷,브라팬티세트,,,원더브라,94910,fashion
1133024179,"[1 + 1] 뮬라웨어 [택가 158,000원] 컴포트 숏 슬리프 TOP (패드타입) 6 Color 종 택2",여성속옷,런닝/캐미솔/슬립,,,MULAWEAR,19920,fashion
1100609719,26SS [모달최대95%] 조아하다 텐셀모달 브라탑 4종(런닝형),여성속옷,런닝/캐미솔/슬립,,,조아하다,44910,fashion
1126039145,제이슨우 26FW Boudoir 새틴 레이스 슬립 캐미솔 2종 (아이보리 공통 + 블랙 or 브라운 택1),여성속옷,런닝/캐미솔/슬립,,,제이슨우,79900,fashion
1102252321,[2장] 캡내장 골지모달 브라나시,여성속옷,런닝/캐미솔/슬립,,,밀라노,17900,fashion
1134080894,26FW [모달최대94%] 조아하다 텐셀모달 브라탑 4종(런닝형),여성속옷,런닝/캐미솔/슬립,,,조아하다,49900,fashion
26637842,[고아라]편안하고 시원한 인견속바지1종(9863)95~105/빅사이즈,여성속옷,속바지/속치마,,,고아라,6600,fashion
91086098,국내생산 인견 훌라 속바지 6부 부드럽고 시원한,여성속옷,속바지/속치마,,,WHYNCO,9900,fashion
1127328090,[윈드본]by 인견 여성 훌라 속바지 3부/4부/5부 3칼라 택1 (~2XL),여성속옷,속바지/속치마,,,윈드본,6900,fashion
31843198,[글로리]쿨~인견 5부속바지1종(GL1477)95~110/빅사이즈까지,여성속옷,속바지/속치마,,,글로리,5800,fashion
1029226255,[사라가든]여성 8부기장 셔링 레이스 속바지 레이어드팬츠5컬러,여성속옷,속바지/속치마,,,기타브랜드,22900,fashion
1136345372,엔비 [3매세트] 군살 잡는 초밀착 셰이핑 무봉제 보정 하이웨스트 똥배 팬티,여성속옷,보정속옷,,,엔비,15900,fashion
1094374105,"에르뷔보떼 시그니처 사각 하이웨스트 거들형 보정 팬티 원쁠원 2종/택 일 (출고가  79,900원)",여성속옷,보정속옷,,,오모떼,9900,fashion
1107817914,[신영와코루] 자세미 바디쉐이퍼 4세트_S51,여성속옷,보정속옷,,,아네타,67620,fashion
1135284636,엔비 [1+ 1] 군살 잡는 이중 크로스 하이웨스트 보정 팬티,여성속옷,보정속옷,,,엔비,14900,fashion
1113462542,오모떼 올데이 레이스 더블 파워넷 데일리 바디쉐이퍼 원쁠원 2종/택일,여성속옷,보정속옷,,,오모떼,39900,fashion
1106573078,[2026 단하나] 라코스테 시그니처 피케 끈 브라탑 4종,여성속옷,속옷소품,,,LACOSTE,99000,fashion
1087406682,깨비다 실리콘 니플패치 12p세트 니플 밴드 꼭지 패드 유두 가리개 젖꼭지 가슴 리플패치,여성속옷,속옷소품,,,깨비다,6900,fashion
96344171,니플밴드 188매-니플밴드 유두 패치 꼭지,여성속옷,속옷소품,,,김용석생활연구소,12900,fashion
1130676682,나인라벨 [8 + 8] 절대안심 실리콘 니플패치 붙이는 누브라 니플밴드 16P (8쌍/2통),여성속옷,속옷소품,,,나인라벨,9900,fashion
1135308048,[에이치플러스몰]옷소매 스틸 소매 고정 밴드 셔츠 암밴드 가터 홀더,여성속옷,속옷소품,,,에이치플러스몰,6540,fashion
1095985082,디즈니 소프트 피치 캐릭터 공용 파자마 9부/상하 택1,여성잠옷/내의,잠옷/홈웨어,,,비에프엘아웃도어,11900,fashion
1067006880,[특가] 라페어 헤스티아 파자마 2세트 여성용,여성잠옷/내의,잠옷/홈웨어,,,라페어,35910,fashion
1078558856,국산 플라워 레이스 순면 고쟁이 잠옷 수면바지 파자마 몸빼바지,여성잠옷/내의,잠옷/홈웨어,,,코튼원,16900,fashion
1063792787,어나더뷰 1+ 1 파스텔 체크 여성 카라 파자마 상하세트 992,여성잠옷/내의,잠옷/홈웨어,,,어나더뷰,20560,fashion
1117637188,[엄마옷 로즈맘] 쿨쿨반팔홈웨어상하세트,여성잠옷/내의,잠옷/홈웨어,,,로즈맘,10880,fashion
1098012652,[특별기획구성] 라페어 수딩웜 동내의 3세트 + 퀼팅 베스트 1종,여성잠옷/내의,내의,,,라페어,39900,fashion
1068265348,[제임스딘]여성 데일리 피치 기모 내의 상하세트 블랙,여성잠옷/내의,내의,,,제임스딘,7110,fashion
1066235222,[BYC 본사] 보디히트 여상하 OBS0004,여성잠옷/내의,내의,,,BYC,25900,fashion
1067885013,[GS특가] 테슬라 기모 발열내의 겨울 보온 방한 여성내복 상의,여성잠옷/내의,내의,,,테슬라,13300,fashion
1094136021,아디다스 클라이마-웜 테크 웜웨어 여성 3세트,여성잠옷/내의,내의,,,아디다스,69300,fashion
1106328819,[트라이] 남성 기본 U런닝 5매세트 (90~115),남성속옷,런닝,,,트라이,15220,fashion
1105775851,아디다스 기능성 런닝 6종,남성속옷,런닝,,,아디다스,89100,fashion
94896976,"[세트/BYC,TRY외] 남여 나시 런닝 3매세트 순면/컬러/기능성",남성속옷,런닝,,,비와이씨,15900,fashion
1052164903,[2+2/제임스딘] 남성 메쉬 기능성 이너 런닝 4PACK,남성속옷,런닝,,,제임스딘,17900,fashion
35927076,제임스딘 남 순면 컬러/패턴 조끼런닝 3매세트 (2종택1),남성속옷,런닝,,,제임스딘,14900,fashion
1078941154,GS 단독 [아디다스] 에어로레디 퍼포먼스 드로즈 5종세트,남성속옷,팬티,,,아디다스,49500,fashion
1051123008,"[출고가 49,900원] [푸마] 남성 블랙 프리미엄 드로즈 5종 균일가 택일",남성속옷,팬티,,,푸마바디웨어,24000,fashion
1074680151,[500세트 한정]아디다스 The New Black 드로즈 8종,남성속옷,팬티,,,아디다스,89100,fashion
1127438359,[쇼핑백증정]캘빈클라인언더웨어 인기남성팬티 3종세트-7종택일(NU2664),남성속옷,팬티,,,캘빈클라인언더웨어,38800,fashion
1040231053,"[4차 리오더 단독 입고] [푸마] 남성 모달 터치업 드로즈 5종세트[출고가 49,900원]",남성속옷,팬티,,,푸마바디웨어,29900,fashion
1032139765,[크로커다일] 에어리핏 시스루 12종 풀세트 CD061_00,남성속옷,런닝팬티세트,,,크로커다일,22910,fashion
61871355,[편한 속옷] 4계절용 런닝 팬티드로즈 6세트(VC_RD6),남성속옷,런닝팬티세트,,,발렌티노 크리스티,59900,fashion
1071185432,발렌티노크리스티 흡한속건 하이게이지 남성 런닝 드로즈 10종세트,남성속옷,런닝팬티세트,,,발렌티노 크리스티,49900,fashion
1076030261,발렌티노크리스티 원포인트 남성속옷 런닝 트렁크 10종세트,남성속옷,런닝팬티세트,,,발렌티노 크리스티,51900,fashion
1100341938,[방송히트]보디가드 BMD063 흡한속건 빅사이즈 메쉬 런닝 드로즈세트 10종(95-110사이즈),남성속옷,런닝팬티세트,,,보디가드,62910,fashion
1085231728,"[정가 69,800원] 테이핑테크 바른자세 테이핑웨어 반팔 티셔츠 1장 라운드숄더 굽은등 완화 자세교정",남성속옷,보정속옷,,,테이핑테크,14900,fashion
1087833143,"[정가 139,600원] 테이핑테크 바른자세 테이핑웨어 남성용 반팔 티셔츠 2장 세트 라운드숄더 굽은등 완화 자세",남성속옷,보정속옷,,,테이핑테크,16800,fashion
50225466,남성 보정속옷 완벽바디 보정복대 LED-079,남성속옷,보정속옷,,,슈썸,9700,fashion
1001413596,[플레이보이] 남성 남자 엉덩이 뽕 힙업 팬티 보정 골프 자전거,남성속옷,보정속옷,,,플레이보이,15900,fashion
1116629615,[iggo]남성용 어깨뽕 반소매 티셔츠 보정속옷,남성속옷,보정속옷,,,아이꼬,19900,fashion
1082263512,남성 순면 60수 잠옷 파자마 홈웨어 바지 6종택1,남성잠옷/내의,잠옷/홈웨어,,,민트코코아,14900,fashion
1095454663,보디가드 FW 소프트 피치기모 남성 파자마 팬츠 3종세트,남성잠옷/내의,잠옷/홈웨어,,,보디가드,35910,fashion
1093696386,[푸마] 슬림핏 골지 브라탑 롱슬리브 1종 택일,남성잠옷/내의,잠옷/홈웨어,,,푸마바디웨어,14900,fashion
1044023733,팰리스 남성 긴팔 봄가을 잠옷 홈웨어 투피스 4colors,남성잠옷/내의,잠옷/홈웨어,,,글램공감,24900,fashion
1100283804,[초특가/3종모두] 피트인 남성 포근 기모 스판팬츠 3종,남성잠옷/내의,잠옷/홈웨어,,,피트인,29900,fashion
1066235530,"[아디다스] 남녀 피치기모  동내의 내복 상하의 세트 택일[출고가 39,900원]",남성잠옷/내의,내의,,,아디다스,19900,fashion
1049224568,[2장세트] 쾌속건조 남성 기능성 긴팔 라운드 티셔츠(X6OP2T6M),남성잠옷/내의,내의,,,이지바이,13970,fashion
1134197958,[스파오] [COMFORT] 남성 심리스 V넥 반팔 (SPMREA9A12-O),남성잠옷/내의,내의,,,스파오,6680,fashion
1101483025,"[출고가 11,950원] [푸마] 소프트 웜 동내의 상하의  단품 택1",남성잠옷/내의,내의,,,푸마바디웨어,10000,fashion
1103544798,"[출고가 29,900원] [푸마] 남녀 겨울 웜웨어 동내의 상하의 세트 균일가 택일",남성잠옷/내의,내의,,,푸마바디웨어,23900,fashion
1135388845,[2장세트][벤시몽] 여성 코튼 스트라이프 7부 티셔츠 (컬러5종),티셔츠,긴팔티셔츠,,,Bensimon,29900,fashion
1118863809,제이슨우 26FW Sienna 모달 레이어드 시어 풀오버 3종,티셔츠,긴팔티셔츠,,,제이슨우,59900,fashion
1105321361,골지 카라 티셔츠 1종,티셔츠,긴팔티셔츠,,,코튼데이,8900,fashion
1134257408,키첼 디자인교차가능/티셔츠 7종 택2 프린팅 7부/긴팔 티셔츠,티셔츠,긴팔티셔츠,,,키첼,29900,fashion
1134256848,로코엘라 폴인 코튼모달 레이어드 배색 여성 티셔츠,티셔츠,긴팔티셔츠,,,로코엘라,8640,fashion
1130688099,"SJ와니 26FW 커프 디테일 리브드 티셔츠 3종 [런칭 가격 89,900원]",티셔츠,긴팔티셔츠,,,SJ와니,69900,fashion
1104289625,"테이트 여성 아트웍 티셔츠 5종[런칭 가격 69,900원]",티셔츠,반팔티셔츠,,,TATE,27960,fashion
1103683581,"코어 어센틱 셔링 티셔츠 2종 [런칭 가격 79,900원]",티셔츠,반팔티셔츠,,,코어 어센틱,34930,fashion
1103486689,라삐아프 에어리 코튼혼방 레이어드 티셔츠 3종(60수),티셔츠,반팔티셔츠,,,라삐아프,39900,fashion
1127658292,라삐아프 26FW 에어리 코튼혼방 레이어드 티셔츠 3종(60수),티셔츠,반팔티셔츠,,,라삐아프,79900,fashion
1130020757,[GGPX] 엘레강스 레이스 배색 새틴 민소매 (GQCLW001D),티셔츠,민소매티셔츠,,,GGPX_SP,19900,fashion
1102573535,"라삐아프 코튼 헨리넥 리브드 탑 3종 [런칭 가격 69,900원]",티셔츠,민소매티셔츠,,,라삐아프,29900,fashion
1127721891,[쉬즈프리티] 쁘띠자수레이스나시티,티셔츠,민소매티셔츠,,,쉬즈프리티,15920,fashion
1080354989,김서룡 린넨 튜브 탑 2종,티셔츠,민소매티셔츠,,,김서룡,29900,fashion
1014757034,어썸 마리아 레이스 나시_257184,티셔츠,민소매티셔츠,,,어썸,14900,fashion
1089726555,라삐아프 시퀸 펄 라운드 풀오버 3종,니트/가디건,니트/스웨터,,,라삐아프,34900,fashion
1102504628,"모르간  아가일니트 3종 [런칭 가격 89,900원]",니트/가디건,니트/스웨터,,,모르간,29900,fashion
1125641342,제이슨우 [미리주문폭발수량선점필수] 26FW Brooklyn 캐시미어 딥 V넥 폴로 니트 3종,니트/가디건,니트/스웨터,,,제이슨우,79900,fashion
1131516122,르네크루 26FW 단추포인트 니트 3종,니트/가디건,니트/스웨터,,,르네크루,71910,fashion
1124185386,"모르간 26FW 에센셜 브이넥 니트 3종[런칭 가격 79,900원]",니트/가디건,니트/스웨터,,,모르간,59900,fashion
1092872669,"모르간 루미에르 가디건 1종[런칭 가격 79,900원]",니트/가디건,가디건,,,모르간,19900,fashion
1097727349,[르포엠] (3종세트)도엘로 시즌리스 브이넥 케이블 가디건,니트/가디건,가디건,,,르포엠,19900,fashion
1104417171,"[르샵]브이넥 자수 데일리 니트 가디건 (DQ1CK005A)[택가 59,000원]",니트/가디건,가디건,,,르샵,14900,fashion
1093841273,[에이시크] 프린지라인 브이넥 니트 가디건 C25CCD769,니트/가디건,가디건,,,에이시크,21690,fashion
1134622052,[보니스팍스] 베이직 무지 라운드넥 니트 가디건 (XQ3CK004L0),니트/가디건,가디건,,,보니스팍스,14900,fashion
1104398967,"SJ와니 UV컷 셔링 집업 베스트 1종 (골프) [런칭 가격 89,900원]",조끼,조끼/베스트,,,SJ와니,39900,fashion
1092134311,로우앤 시퀸 로우게이지 베스트 1종,조끼,조끼/베스트,,,로우앤,19900,fashion
1126059701,제이슨우 26FW Parker 코튼 코듀로이 베스트 (2 COLORS),조끼,조끼/베스트,,,제이슨우,69900,fashion
1088723432,"SJ와니 울실크 핸드메이드 베스트 1종 (런칭 가격 109,900원)",조끼,조끼/베스트,,,SJ와니,59900,fashion
1090365467,"르네크루 컬러 시퀸 뷔스티에 [런칭 가격 89,900원]",조끼,조끼/베스트,,,르네크루,39900,fashion
1088896515,"SJ와니 에어울 판초 니트 베스트 1종 [런칭 가격 89,900원]",조끼,니트조끼,,,SJ와니,29900,fashion
1080100527,헬렌 캐주얼 브이넥 니트 베스트 조끼 플랫니트조끼 G-711,조끼,니트조끼,,,헬렌,18190,fashion
1057375594,"SJ와니 에어울 판초 니트1종 [런칭 가격 79,900원]",조끼,니트조끼,,,SJ와니,29900,fashion
1059456353,엔니튜드 트위드 니트 베스트 1종,조끼,니트조끼,,,엔니튜드,29900,fashion
1058349942,"아뜰리에마졸리 캐시미어 100 뷔스티에 1종 [런칭 가격 99,900원]",조끼,니트조끼,,,아뜰리에마졸리,29900,fashion
1092407979,로우앤 울 판초니트 패딩 베스트점퍼 1종,조끼,패딩조끼,,,로우앤,29900,fashion
1135348265,[코코에보니] 물결패딩 베스트 경량조끼/PVE-910,조끼,패딩조끼,,,코코에보니,9900,fashion
1091393564,"SJ와니 알파카 니트 패딩 베스트 1종 (런칭 가격 179,900원)",조끼,패딩조끼,,,SJ와니,69900,fashion
1134131290,시슬리 26FW 경량 셔링 패딩베스트,조끼,패딩조끼,,,시슬리,119000,fashion
1096081770,이지웨어 퀼팅 베스트,조끼,패딩조끼,,,코튼데이,15900,fashion
1125608874,제이슨우 26FW Bianca 커프스 리브드 티블라우스 3종,블라우스/셔츠,블라우스,,,제이슨우,69900,fashion
1090352763,"르네크루 크로쉐 블라우스 + 이너 SET[런칭 가격 79,900원]",블라우스/셔츠,블라우스,,,르네크루,19900,fashion
1088183351,"모르간 골지 티블라우스 3종  [런칭 가격 59,900원]",블라우스/셔츠,블라우스,,,모르간,19900,fashion
1121442704,[GS단독] 안나수이 울 블렌디드 플로럴 아트웍 티블라우스,블라우스/셔츠,블라우스,,,ANNASUI,9900,fashion
1068401902,[한정수량] 밀라 모달 티블라우스 4종 MD244F0404TS,블라우스/셔츠,블라우스,,,J.Aveune,9900,fashion
1094820122,[블랙퀸]GS특가 체크 크롭 오픈셔츠 blk003961,블라우스/셔츠,셔츠,,,블랙퀸,29970,fashion
1129856320,라삐아프 26FW 프린지 멀티 체크 아우터 셔츠 1종,블라우스/셔츠,셔츠,,,라삐아프,69900,fashion
1101677570,[페이지플린] 간절기 모던 베이직 카라셔츠 2종SET_P5ASH001M02,블라우스/셔츠,셔츠,,,페이지플린,9900,fashion
1117716441,제이슨우 26FW NEW Delia 페디드 코튼 체크 셔츠 2종,블라우스/셔츠,셔츠,,,제이슨우,69900,fashion
1124125531,모르간 26FW FAUX 스웨이드셔츠,블라우스/셔츠,셔츠,,,모르간,59900,fashion
1130085489,코어 어센틱 26FW 레이스 스웨트 3종,맨투맨/후드집업,맨투맨,,,코어 어센틱,79900,fashion
1098463917,[GS단독-저스트원] 1&1 산타모니카 자수 맨투맨,맨투맨/후드집업,맨투맨,,,저스트원,32300,fashion
1115464770,폴햄  여성 더블니트 어프어프X코숏 맨투맨 티셔츠(PHG1TR2010),맨투맨/후드집업,맨투맨,,,폴햄,15220,fashion
1106290965,시그니처 자수 맨투맨 T,맨투맨/후드집업,맨투맨,,,코튼데이,14310,fashion
1102988305,[폴햄]여성 플리스 그래픽 맨투맨(PHF4TR2020),맨투맨/후드집업,맨투맨,,,폴햄,21170,fashion
1089583560,"SJ와니 꾸뛰르 크로셰 풀집업 니트 점퍼 1종 (런칭 가격 199,900원)",맨투맨/후드집업,후드/집업,,,SJ와니,69900,fashion
1130690342,SJ와니 26FW 아뜰리에 후디드 블루종 1종,맨투맨/후드집업,후드/집업,,,SJ와니,129900,fashion
1106276661,키첼 아메리칸 프린팅 투웨이 후드 집업,맨투맨/후드집업,후드/집업,,,키첼,29880,fashion
1095142370,"[비버리힐스폴로클럽][TAG가198,000원] 여성 투웨이 스트링 니트 후드 집업 TK027 _",맨투맨/후드집업,후드/집업,,,비버리힐스폴로클럽,37900,fashion
1093366903,"[게스][GS 단독] 여성 CP쭈리 크롭 후드집업 OP3KE400 (정가 89,000원)",맨투맨/후드집업,후드/집업,,,게스,34000,fashion
1117454963,제이슨우 26FW Rina 어텀 루즈플레어 커브드 슬랙스 _ 기본기장 (4 COLORS),바지,긴바지,,,제이슨우,59900,fashion
1091270236,"김서룡 25FW 시그니처 윈터 헤어리 랩 팬츠[런칭 가격 89,900원]",바지,긴바지,,,김서룡,29900,fashion
1130177868,코어 어센틱 26FW 크롭 배럴 트라우저,바지,긴바지,,,코어 어센틱,59900,fashion
1088378506,"코어 어센틱 볼륨 치노 팬츠 [런칭 가격 59,900원]",바지,긴바지,,,코어 어센틱,20930,fashion
1004197567,그로우앤더 [빠른배송/GS단독]  핫걸템 스판 슬림와이드 (3TYPE),바지,긴바지,,,그로우앤더,13140,fashion
1088048394,라삐아프 버뮤다 팬츠 2종(블랙+차콜/베이지),바지,반바지,,,라삐아프,14900,fashion
1104822074,라삐아프 스티치 포인트 버뮤다 데님 1종,바지,반바지,,,라삐아프,34900,fashion
1109264533,"르네크루 핀턱 버뮤다 데님팬츠 [런칭 가격 59,900원]",바지,반바지,,,르네크루,29900,fashion
1101043195,라삐아프  롱버뮤다 팬츠 1종,바지,반바지,,,라삐아프,5900,fashion
1089837370,엔니튜드 울 니트 버뮤다 밴딩 팬츠,바지,반바지,,,엔니튜드,49900,fashion
1039830195,포레스트핏 (노컷진4탄) 밴딩 스판 일자핏 배기 청바지,바지,청바지,,,포레스트핏,26180,fashion
1130082736,코어 어센틱 26FW 배럴 레그 데님,바지,청바지,,,코어 어센틱,69900,fashion
1103484407,"라삐아프 26SS 워시드 세미 와이드 크롭 데님 팬츠 1 + 1세트 [런칭 가격 79,900원]",바지,청바지,,,라삐아프,39900,fashion
1103681696,"코어 어센틱 데미지 로우컷 데님 [런칭 가격 69,900원]",바지,청바지,,,코어 어센틱,39920,fashion
1048766965,포레스트핏 (가을찐스판1탄) 밴딩 와이드 데님 팬츠,바지,청바지,,,포레스트핏,31030,fashion
1093946396,엔니튜드 홀가먼트 니트 레깅스,바지,레깅스,,,엔니튜드,52120,fashion
1036983349,[로아리빙]스커트 레깅스 필라테스 요가 발레 치랭스 홈트 밴딩,바지,레깅스,,,텐바이텐,14930,fashion
1076664725,"[더제이블] 4종SET 에어리핏 레깅스 [런칭 가격 79,000원]",바지,레깅스,,,더제이블,19920,fashion
1133483203,발란스핏 EMS 하비컷 레깅스 블랙,바지,레깅스,,,발란스핏,129000,fashion
1099111115,레이나 알레나 올데이 레깅스,바지,레깅스,,,레이나,6900,fashion
1118687009,제이슨우 26FW Nadine 어텀 링클프리 라운드 턱 스커트 (2 COLORS),스커트,롱스커트,,,제이슨우,69900,fashion
1014938766,"아뜰리에마졸리 미에뜨 체크 플리츠 스커트 1종 [런칭 가격 89,900원]",스커트,롱스커트,,,아뜰리에마졸리,9900,fashion
1109481021,[저스트원] 커버 A라인 소프트 밴딩스커트(숏/롱),스커트,롱스커트,,,저스트원,27930,fashion
1124186803,"모르간 26FW 레이스 새틴스커트[런칭 가격 69,900원]",스커트,롱스커트,,,모르간,49900,fashion
1104109870,르네크루 프릴 블록 스커트,스커트,롱스커트,,,르네크루,62910,fashion
1133689945,[에프엔] F.N H라인스커트 O251,스커트,미디스커트,,,ef.n,15900,fashion
1050026932,텐션 미디 스커트,스커트,미디스커트,,,코튼데이,9900,fashion
1078933921,"더엣지 [TAG가139,800원] 체크 플레어 스커트 (2칼라) WYSK6G01",스커트,미디스커트,,,더엣지,22500,fashion
1133689905,[에프엔] F.N 볼륨 플리츠 스커트 O251,스커트,미디스커트,,,ef.n,15900,fashion
1133687355,[에프엔] F.N 레이스 스팽글 스커트 M244,스커트,미디스커트,,,ef.n,19900,fashion
1104740576,"택가 89,000원 [나인식스뉴욕]데일리 모던 벨티드 H라인 스커트 (NQ1WH001L0)",스커트,미니스커트,,,나인식스뉴욕,24900,fashion
1095570181,울블렌딩 플레어 체크스커트 LB-BG,스커트,미니스커트,,,메르에,9900,fashion
1129217316,[로엠] [RE]코듀로이 미니스커트(RMWHD4TR13) (RMWHE12R13-T),스커트,미니스커트,,,로엠,11030,fashion
1103937583,"택가 59,000원 [탱커스]페미닌 쉬폰 레이어드 밴딩 롱 스커트 (TY1SK001L0)",스커트,미니스커트,,,탱커스,13900,fashion
1083490685,"더엣지 [TAG가 75,000원] 트위드 셋업 스커트 WYSK6G03",스커트,미니스커트,,,더엣지,13500,fashion
1104944710,제이슨우 레이어드 원피스 WZOP2W01,원피스,롱/맥시원피스,,,제이슨우,32220,fashion
1079425726,유아굿 여성 핫썸머 플라워 플리츠 여름 원피스 3종 (반팔or민소매 택1),원피스,롱/맥시원피스,,,유아굿,29900,fashion
1089058318,"브리엘 소프트 기모 체크 셔츠 원피스 [런칭 가격 59,900원]",원피스,롱/맥시원피스,,,브리엘,19900,fashion
1103207260,아쿠아스큐텀 트렌치 원피스,원피스,롱/맥시원피스,,,아쿠아스큐텀,62900,fashion
1109263760,"르네크루 에어리 셔링 원피스 [런칭 가격 79,900원]",원피스,롱/맥시원피스,,,르네크루,29900,fashion
1102503072,"모르간 뉴 테일러드 원피스 [런칭 가격 119,900원]",원피스,미디원피스,,,모르간,59900,fashion
1052295146,제이에비뉴 러브썸 텍스처 블록 플레어 원피스 1종 MN241F0002OP,원피스,미디원피스,,,J.Aveune,9900,fashion
1087961986,아쿠아스큐텀 트렌치 더블버튼 원피스,원피스,미디원피스,,,아쿠아스큐텀,109900,fashion
1071723695,"아뜰리에마졸리 슬리브리스 스퀘어넥 원피스 1종 [런칭 가격 79,900원]",원피스,미디원피스,,,아뜰리에마졸리,19900,fashion
1107491557,"스튜디오디페 아가일 니트 원피스 1종[런칭 가격 59,900원]",원피스,미디원피스,,,스튜디오디페,19900,fashion
1112604136,[주크] 모크넥 숄 니트 원피스 (Z254KSE002) Z254KSE002,원피스,미니원피스,,,ZOOC,215460,fashion
1129305619,아디다스 여성 아디컬러 클래식 미디 원피스 H38732,원피스,미니원피스,,,아디다스,52900,fashion
1100629834,[라코스테공식] 여성 울 핏앤플레어 미니원피스 EF4161-55N 050,원피스,미니원피스,,,라코스테,193860,fashion
1082243196,[미센스] 언발 플리츠 카라 원피스_MB4XOPM110A,원피스,미니원피스,,,미센스,40800,fashion
1118472444,[르샵] 데님 버튼업 뷔스티에 원피스 (DQ2OW034A),원피스,미니원피스,,,르샵,35510,fashion
1071310758,"브리엘 릴렉스 점프수트 1종[런칭 가격 59,900원]",점프수트/오버롤,점프수트,,,브리엘,19900,fashion
1131513326,엔니튜드 26FW 울 니트 점프수트,점프수트/오버롤,점프수트,,,엔니튜드,99900,fashion
1062021552,[파리게이츠] (521D3JO302)여성 레이싱 컷아웃 점프수트 521D3JO302,점프수트/오버롤,점프수트,,,파리게이츠,133920,fashion
1091924477,엔니튜드 울 블렌드 니트 점프수트,점프수트/오버롤,점프수트,,,엔니튜드,77930,fashion
1029584723,[냉감]여성 로고 패치 하프 집업 점프수트,점프수트/오버롤,점프수트,,,파리게이츠,131930,fashion
1106417185,[반에이크] 포켓데님 롱오버롤팬츠_VB4XDOM201Z,점프수트/오버롤,오버롤/멜빵,,,반에이크,24800,fashion
1071403982,[드리다] 여성 봄 가을 빅사이즈 멜빵 와이드 통바지 점프수트 미시 캐주얼 등원 이지룩 홈웨어 엄마옷,점프수트/오버롤,오버롤/멜빵,,,드리다,23800,fashion
1106460832,[반에이크]포켓데님 롱오버롤팬츠_VB4XDOM201Z,점프수트/오버롤,오버롤/멜빵,,,반에이크,22360,fashion
1071405450,[드리다] 여성 봄 가을 빅사이즈 멜빵 와이드 통바지 점프수트,점프수트/오버롤,오버롤/멜빵,,,드리다,18800,fashion
1115024959,[쉐도우샵]여성 베이지 멜빵 원피스 루즈핏 롱 뷔스티에 (415522,점프수트/오버롤,오버롤/멜빵,,,기타브랜드,49770,fashion
1101268641,로가시아 울 블렌디드 클래식 베스트+원피스 세트[GS단독상품],수트/셋업,셋업,,,로가시아,49900,fashion
1089837090,엔니튜드 케이블 후드 니트 재킷+팬츠 셋업,수트/셋업,셋업,,,엔니튜드,49900,fashion
1068266156,케이수 팬시얀 트위드 니트 베스트 셋업 3종 KA244F0301SO,수트/셋업,셋업,,,J.Aveune,26910,fashion
1133690676,[에프엔] F.N 카라베스트 + 퀼로트 팬츠 셋업 S254,수트/셋업,셋업,,,ef.n,32900,fashion
1107207218,케이수 모던클래식 텐션 수트 셋업 3pcs KA261F0301SB,수트/셋업,셋업,,,J.Aveune,29970,fashion
1134840546,*주문폭주*[50%SALE/한정수량] 3단기장 여성 2-way 가을 밴딩 밑단 히든 스트링 슬랙스 하객룩 출근룩 오피스룩 정장바지,수트/셋업,정장바지,,,베이직포인트,13700,fashion
1134308558,데일리 링클프리 와이드 팬츠 1종,수트/셋업,정장바지,,,코튼데이,10900,fashion
1118806486,제이슨우 아워글래스 수트 셋업 팬츠 WZPT6W01,수트/셋업,정장바지,,,제이슨우,29000,fashion
1097197541,제이슨우 수트 셋업 팬츠 WZPT2W01,수트/셋업,정장바지,,,제이슨우,25000,fashion
1134533266,포레스트핏 (올데이슬랙스7탄) 여성 밴딩 스판 와이드핏 슬랙스 바지,수트/셋업,정장바지,,,포레스트핏,32620,fashion
1008354488,VIVID 여성 키비 솔리드 정장 스커트,수트/셋업,정장치마,,,비비드 시크릿가너,45800,fashion
1118806463,제이슨우 아워글래스 수트 셋업 자켓 WZJK6W01,수트/셋업,정장자켓,,,제이슨우,59000,fashion
1107339253,제이슨우 수트 셋업 자켓 WZJK2W01,수트/셋업,정장자켓,,,제이슨우,39000,fashion
1107754846,제이슨우 가을 수트 셋업 자켓 WYJK6W01,수트/셋업,정장자켓,,,제이슨우,35000,fashion
1106413806,[엘루아] 포트레 수트 자켓 3종택1,수트/셋업,정장자켓,,,엘루아,19900,fashion
1133690342,"더엣지 [TAG가 132,000원]수트 셋업 자켓 WZBJ6G01",수트/셋업,정장자켓,,,더엣지,39900,fashion
1069450016,라삐아프 트위드 재킷,아우터,트위드,,,라삐아프,39900,fashion
1129882886,[GS단독] 안나수이 시퀸 트위드 자켓,아우터,트위드,,,ANNASUI,49000,fashion
1134805305,"[택가 79,000원][포에버21] 라운드넥 심플 트위드 자켓 (FTDCJK013)",아우터,트위드,,,FOREVER 21,19900,fashion
1135664900,[패션에비뉴/GS단독특가] 보카시 오텀 트위드자켓 2682CEEF,아우터,트위드,,,패션에비뉴,36720,fashion
1092711334,미니멈에브리데이 노카라 페미닌 페이크 포켓 트위드 자켓 (EA3JK014D),아우터,트위드,,,미니멈_SP,19090,fashion
1136025291,[로코엘라] 세인트 세미 오버핏 FAUX 스웨이드 크롭자켓,아우터,가죽자켓,,,로코엘라,19840,fashion
1110536331,[GS단독-루브르파리] 제니 비건 레더 자켓 JK0020_C,아우터,가죽자켓,,,루브르파리,33830,fashion
1107973926,"[몽벨리즈][GS ONLY]어반에코스웨이드자켓[런칭 가격 69,900원] mde2302749",아우터,가죽자켓,,,몽벨리즈,33210,fashion
1130178987,코어 어센틱 26FW 하이넥 FAUX 레더 블루종,아우터,가죽자켓,,,코어 어센틱,99900,fashion
1123537012,제이슨우 26FW Kaia FAUX 레더 블루종 재킷 (3 COLORS),아우터,가죽자켓,,,제이슨우,89900,fashion
1092132927,"더엣지 [TAG가 198,000원] 프렌치 린넨100 자켓 WZJK3G01",아우터,린넨자켓,,,더엣지,49000,fashion
1115667312,로코엘라 시오 프리미엄 프렌치린넨 100 여성 싱글 자켓,아우터,린넨자켓,,,로코엘라,16640,fashion
1117302491,로코엘라 셀튼 프렌치린넨 100 브리즈 케이프 여성 자켓,아우터,린넨자켓,,,로코엘라,18560,fashion
1084314604,메르에 프렌치린넨100자켓 SR-AJ,아우터,린넨자켓,,,메르에,33000,fashion
1117302569,로코엘라 나인 프렌치린넨 블렌딩 썸머 여성 셔츠 자켓,아우터,린넨자켓,,,로코엘라,9760,fashion
1102450737,키첼 [양면착용] 웨슬리 리버시블 양털 점퍼,아우터,무스탕/퍼,,,키첼,39870,fashion
1084193023,"데일리블루 호주산 양모 faux 무스탕 재킷 1종[런칭 가격 89,900원]",아우터,무스탕/퍼,,,데일리블루,89900,fashion
1129634134,"[유로모피] [택가 349,000원] 로안 리프 밍크 후드 자켓",아우터,무스탕/퍼,,,유로모피(백화점),199000,fashion
1089121878,"[유로모피] [택가 898,000원] 로안 휘메일 풀스킨 바토넥 밍크 자켓",아우터,무스탕/퍼,,,유로모피(백화점),798000,fashion
1088736529,"코어 어센틱 리얼 하이넥 무스탕+미니백 [런칭 가격 799,900원]",아우터,무스탕/퍼,,,코어 어센틱,509920,fashion
1060508063,[코코에보니]데일리데님자켓/청자켓/JA-801,아우터,데님자켓,,,코코에보니,27900,fashion
1094229587,제이에비뉴 코튼 블렌디드 에센셜 데님 셔켓 2종 FM253F0214SH,아우터,데님자켓,,,J.Aveune,17910,fashion
1060894025,엔니튜드 울 블렌드 데님라이크 니트재킷,아우터,데님자켓,,,엔니튜드,39900,fashion
1104419247,"택가 159,000원 [나인식스뉴욕]데님 카라 배색 허리 스트링 하프 자켓 (NQ1JK004L0)",아우터,데님자켓,,,나인식스뉴욕,42900,fashion
1106585762,질커티스 JILL CURTIS 여성 컴포트 데님 셔킷 1종,아우터,데님자켓,,,질커티스,35820,fashion
1097921180,GGPX 더블 플리스 후디드 재킷 1종 GX254F0101JK,아우터,플리스,,,로나피아,44910,fashion
1136021514,DKSS71056 자카드 플리스 미드 레이어 자켓,아우터,플리스,,,디스커버리키즈,83400,fashion
1100009839,[벨라도나] 여성 간절기 양털 노카라 후리스 뽀글이 플리스자켓,아우터,플리스,,,TENZERO,9900,fashion
1088521939,"[택가 119,800원] 크로커다일레이디 스탠카라 집업 플리스 점퍼_CLDWPF902",아우터,플리스,,,크로커다일레이디,30000,fashion
1102402238,[마르조]티멜 플리스 점퍼,아우터,플리스,,,마르조,15900,fashion
1060166800,펠틱스 여성 아노락 점퍼2종[공통+선택] (WC-2),아우터,바람막이/아노락,,,펠틱스,25900,fashion
1108586934,[헬렌] 아노락 후드 집업 바람막이 점퍼 여성 간절기 아우터 캐주얼 유틸후드바람막이 B-881,아우터,바람막이/아노락,,,헬렌,29130,fashion
1106592761,시슬리 시그니처 비딩 브라이트 윈드재킷,아우터,바람막이/아노락,,,시슬리,84150,fashion
1067026593,"가벼운스트링바람막이 자켓 크롭 숏점퍼 얇은 점퍼 [상시가 12,900원]",아우터,바람막이/아노락,,,제이에스글로벌,11900,fashion
1115745299,버버리 EKD 아플리케 나일론 후드 드로스트링 여성 바람막이 자켓 80872341,아우터,바람막이/아노락,,,버버리,507600,fashion
1117453126,제이슨우 26FW Vera 어텀 링클프리 에센셜 재킷 (3 COLORS),아우터,블레이저/자켓,,,제이슨우,79900,fashion
1130177116,코어 어센틱 26FW 싱글 블레이저,아우터,블레이저/자켓,,,코어 어센틱,89900,fashion
1102767340,스튜디오디페 니트 블록 퀼팅 재킷,아우터,블레이저/자켓,,,스튜디오디페,29900,fashion
1089986478,"브리엘 핸드메이드 울 코트 1종 [런칭 가격 99,900원]",아우터,블레이저/자켓,,,브리엘,49900,fashion
1089601011,"르네크루 울100% 크롭 재킷[런칭 가격 149,900원]",아우터,블레이저/자켓,,,르네크루,54900,fashion
1046737098,"SJ와니 야상 트렌치 1종 [런칭 가격 129,900원]",아우터,코트,,,SJ와니,49900,fashion
1103614413,코어 어센틱 쇼트 트윌 트렌치,아우터,코트,,,코어 어센틱,51900,fashion
1088232091,"코어 어센틱 캐시울 핸드메이드 판초 숏코트 [런칭 가격 129,900원]",아우터,코트,,,코어 어센틱,55930,fashion
1103189882,코어 어센틱 핸드메이드 숏 트렌치,아우터,코트,,,코어 어센틱,62930,fashion
1135826003,[에프엔] F.N 핸드메이드 하프 코트 S244,아우터,코트,,,ef.n,29900,fashion
1081532124,[지오다노] 여성 여름 오버핏 장마철 생활방수 우비 레인코트 375513/05375513,아우터,레인코트,,,지오다노,23200,fashion
1060856661,[김영주골프]여성 골프 우비 롱 허리스트링 히든후드 비옷 레인코트 KOSLRC04,아우터,레인코트,,,김영주골프,40500,fashion
67436318,여성 골프우의 방수 바람막이 비옷 레인코트 트렌치코트 베이지,아우터,레인코트,,,BARO SPORTS,45000,fashion
1080124437,테디크루 여성 블루종 점퍼 1종 (T21W-1),아우터,점퍼,,,테디크루,29900,fashion
1130670028,르네크루 26FW 플라워 아플리케 점퍼,아우터,점퍼,,,르네크루,89910,fashion
1104943842,"분트로이 나이로프트 웨더프로텍션 점퍼[런칭 가격79,900원]",아우터,점퍼,,,분트로이,29900,fashion
1128333677,쏘내추럴 26FW 시퀸 볼륨 점퍼,아우터,점퍼,,,쏘내추럴,79900,fashion
1104404890,"SJ와니 UV컷 후드집업 점퍼 1종 (골프) [런칭 가격 129,900원]",아우터,점퍼,,,SJ와니,69900,fashion
1134552661,폴햄 26FW 여성 클라우드에어 코듀로이 카라 경량 점퍼,아우터,다운/패딩,,,폴햄,49900,fashion
1135600465,폴햄 여성 클라우드 에어 후드 경량 점퍼 PHF4JP2152,아우터,다운/패딩,,,폴햄,33920,fashion
1136305549,여성 퀼팅 중경량 롱점퍼(PHF4JP2950),아우터,다운/패딩,,,폴햄,39900,fashion
1088732048,"코어 어센틱 샤이니 다운 베스트 [런칭 가격 89,900원]",아우터,다운/패딩,,,코어 어센틱,48930,fashion
1088902858,"코어 어센틱 리버시블 퀼티드 다운 [런칭 가격 149,900원]",아우터,다운/패딩,,,코어 어센틱,55930,fashion
1104569032,[시크라인](~XL까지)(기장선택) 이사엔 생활한복 스커트 봄 가을 명절 덧치마 스페셜룩 혼주 결혼식 하,한복/기타의류,한복,,,시크라인,52060,fashion
1135995303,리예생활한복 남자 여자 봄가을 생활한복 선염20수 정국 브이넥 한벌 개량 계량 한복 절복 법복,한복/기타의류,한복,,,리예생활한복,79000,fashion
1035308129,[디얼마미]수린물모시철릭원피스/미시 빅사이즈 엄마옷 생활한복,한복/기타의류,한복,,,디얼마미,194400,fashion
1087703580,[시크라인]하늘연달 새틴 배색 트위드 저고리 빅사이즈/생활한복/명절/모임룩,한복/기타의류,한복,,,시크라인,52060,fashion
1136661955,리예생활한복 최고급 물실크 누빔 저고리 원피스치마 개량 계량 한복,한복/기타의류,한복,,,리예생활한복,280000,fashion
1003192579,[무배]쩨로 국내생산 면 30수 반팔 티셔츠 화이트3장세트,한복/기타의류,기타의류,,,JJERO,17900,fashion
1133029375,파라다이스 크롭티 LM0443 단체티 XL 라운드티 티숙 가을 S 데,한복/기타의류,기타의류,,,치치몰,14580,fashion
1080756962,"[폴로클럽][TAG가89,900원] 남성 코튼 블렌드 카라 티셔츠 TS481 _",티셔츠,긴팔티셔츠,,,비버리힐스폴로클럽,29900,fashion
1111548511,남성 와플 레이어드 긴팔 티셔츠 봄 가을 오버핏 긴팔티 WI071T,티셔츠,긴팔티셔츠,,,위즈아이,21800,fashion
1061906213,베네통 남성 긴팔 티셔츠 4종세트,티셔츠,긴팔티셔츠,,,베네통 언더웨어,49900,fashion
1028272468,[크로커다일] 투톤 자카드 요꼬 카라 티셔츠 CDAA9TP1702,티셔츠,긴팔티셔츠,,,크로커다일,20560,fashion
1133509055,"[GS 단독] [TAG가 139,000원] 헤지스 남성 26FW 블랙 라인배색 면혼방 긴팔티셔츠 HZTS6D899BK",티셔츠,긴팔티셔츠,,,헤지스,100080,fashion
1110735832,[무료교환반품][택가39000원] N265UTS909 세미오버핏 수피마 반팔 티셔츠 6종택1,티셔츠,반팔티셔츠,,,내셔널지오그래픽,24070,fashion
1127543909,[꼼데가르송]레드와펜 꼼데 반팔티 AX-T 108-051,티셔츠,반팔티셔츠,,,꼼데가르송,49410,fashion
1116149817,"[GS단독] [TAG가 139,000원] 헤지스 남성 26SS 시즌오프 그레이 COOL TOUCH 스트라이프 카라티 HZTS6B899G2",티셔츠,반팔티셔츠,,,헤지스,72980,fashion
1127244110,3장세트 로카 ROKA 기능성 쿨 드라이 무지 반팔 티셔츠 무지티 쿨티셔츠 반팔티,티셔츠,반팔티셔츠,,,라이프폼,16580,fashion
1053709680,[지오다노/본사] 014502 코튼 피케 폴로 반팔 티셔츠,티셔츠,반팔티셔츠,,,지오다노,7200,fashion
1117413841,피플오브더월드 에센셜 오션 워싱 슬리브리스 3종,티셔츠,민소매티셔츠,,,피플오브더월드,44000,fashion
1055240548,남자 여름 오버핏 민소매 나시티 20수 면티 무지 이너티 런닝티셔츠 흰색,티셔츠,민소매티셔츠,,,SELLERHUBSHOP,7600,fashion
94131985,[후앙스] 틴셀타운 프린팅 오버핏 나시 BNSL1670,티셔츠,민소매티셔츠,,,후앙스,18800,fashion
1089413204,남자 레이스업 린넨 민소매 티셔츠 여름 빈티지 루즈핏 나시 WI061T,티셔츠,민소매티셔츠,,,위즈아이,15800,fashion
1132978158,[언더아머] 남성용 히트기어 컴프레션 슬리브리스 나시 티셔츠,티셔츠,민소매티셔츠,,,언더아머,28080,fashion
1135679844,[BEST 최신상] 브이컷 26FW NEW 남성 카라니트 4종,니트/가디건,니트/스웨터,,,브이컷,69900,fashion
1101658870,[GS단독] [TAG가 289000원] 헤지스 남성 25FW 블루 울혼방 멜란지 네프 오픈카라 니트 HZSW5D554B2,니트/가디건,니트/스웨터,,,헤지스,140890,fashion
1125742588,"[GS단독 TAG 180,000원] 남성 가을 니트/티셔츠 균일가 8종 택1",니트/가디건,니트/스웨터,,,인디안,34500,fashion
1132745072,엔니튜드 26FW 울100 인타샤 니트 남성용,니트/가디건,니트/스웨터,,,엔니튜드,80910,fashion
1134209095,"[GS단독] 크로커다일 셔츠 레이어드 니트 균일가 14,900원 2종 택1",니트/가디건,니트/스웨터,,,크로커다일,11920,fashion
1092585103,헤지스 남성 25FW 그레이 울혼방 소매 배색 라운드 가디건 HZSW5D200G2,니트/가디건,가디건,,,헤지스,167480,fashion
1102278576,꼼데가르송 스몰 레드 하트 와펜 울 니트 가디건,니트/가디건,가디건,,,꼼데가르송,219000,fashion
1102437377,헤지스 남성 25SS 스테디셀러 네이비 짜임 면혼방 가디건 WHSW5B202N2,니트/가디건,가디건,,,헤지스,80670,fashion
1108455723,[벤시몽] 남성 케이블 가디건 2종 택1,니트/가디건,가디건,,,Bensimon,27900,fashion
1128893597,헤지스 남성 25FW 스테디셀러 네이비 로고자수 울혼방 가디건 WHSW5D203N2,니트/가디건,가디건,,,헤지스,167440,fashion
1116333812,인터크루 남성 지퍼배색테크후드베스트 ITW2TH45ABK (블랙),조끼,조끼/베스트,,,인터크루,5000,fashion
1092622905,[탑텐] 남성 울블렌드 브이넥 베스트_MSC4ES1921,조끼,조끼/베스트,,,탑텐,10320,fashion
1075009026,[노블진]V넥정장조끼 남성 싱글 브이넥 정장 조끼 남자 하객룩 베스트 빅사이즈,조끼,조끼/베스트,,,노블진,28700,fashion
1037996334,[크로커다일] 전판 투톤 조직 브이넥 베스트 CDAA9TP9793,조끼,니트조끼,,,크로커다일,33200,fashion
1126249113,[마인드브릿지 우먼] (택가 69900원) 브이넥오버핏베스트 MXVT3201,조끼,니트조끼,,,마인드브릿지 우먼,7900,fashion
1098659945,[르포엠]벨라 울 혼방 언발 터틀 베스트,조끼,니트조끼,,,르포엠,13900,fashion
1133861607,레노마 RRCMKT10AEK 남성 베스트 데일리 F W 간절기 울 블렌드 니트쪼끼 블랙 컬러 RRCMKT10A LE1222243650,조끼,니트조끼,,,레노마,58600,fashion
1136424097,인디안 중년 남성 워셔블 브이넥 니트조끼 MIEBV5F831206,조끼,니트조끼,,,웰메이드,41650,fashion
1092587567,[HUM]남) 라운드넥 덕다운 경량베스트(FHOWCVE141P),조끼,패딩조끼,,,HUM,9900,fashion
1038615900,"[TAG가 199,000원] 크로커다일 공식 소프트 클래식 구스다운 베스트",조끼,패딩조끼,,,크로커다일,17200,fashion
1100136815,[라코스테공식] 남성 경량 다운 베스트 BH835E-55N 031,조끼,패딩조끼,,,라코스테,169470,fashion
1134628839,[아울렛] 여성 헤론 U넥 경량 다운 베스트 IVORY N234WDV910,조끼,패딩조끼,,,내셔널지오그래픽,38700,fashion
1098260664,[크로커다일] 컴포트 퀼팅 베스트 CDAA7OV9814,조끼,패딩조끼,,,크로커다일,15200,fashion
1019338791,닥스셔츠 긴팔 기모셔츠 26종 + 선물포장가능,셔츠/남방,긴팔셔츠,,,닥스셔츠,51000,fashion
1023732047,닥스 (선물포장+사은품) 프리미엄 남성셔츠 40종 DMA2SHCL111-I1,셔츠/남방,긴팔셔츠,,,닥스셔츠,54000,fashion
1012293502,레노마셔츠 신상품 구김적고 신축성 좋은 긴팔 셔츠/ 남방 (선물포장가능),셔츠/남방,긴팔셔츠,,,레노마셔츠,28500,fashion
1081861051,[GS특가 혜택][CERINI by PAT] 남성 워셔블 발수 기능성 셔츠 1종,셔츠/남방,긴팔셔츠,,,세리니 바이 피에이티,5900,fashion
93086623,예작 데일리 반팔 와이셔츠 링클프리 스판 드레스 캐주얼 남방 컬렉션,셔츠/남방,반팔셔츠,,,예작,29250,fashion
1069339520,[닥스남방-선물포장가능]26 FW 닥스 신상품 긴소매 셔츠&남방 23종 택일,셔츠/남방,반팔셔츠,,,닥스셔츠,76500,fashion
1116985329,구김 걱정없이 입는 화이트 반팔 남성셔츠 빅사이즈130,셔츠/남방,반팔셔츠,,,폴라츠옴므,9900,fashion
1106483152,[게스/본사] 남성 가죽삼각 플리스 맨투맨 KP4K04C2,맨투맨/후드집업,맨투맨,,,게스,19550,fashion
1075814126,[지오다노/본사] 025510 변우석 라운드넥 맨투맨_17color,맨투맨/후드집업,맨투맨,,,지오다노,13600,fashion
1134523090,U389 페이크 빅포켓 맨투맨,맨투맨/후드집업,맨투맨,,,하루메이비,29670,fashion
1134631433,폴햄 남성 더블니트 와펜 맨투맨 티셔츠 PHG1TR1330,맨투맨/후드집업,맨투맨,,,폴햄,16920,fashion
1134310675,[아미]AMI 스몰 하트 라운드 코튼 맨투맨 (오후 2시이전 당일 발,맨투맨/후드집업,맨투맨,,,AMI,75460,fashion
1069939474,폴로 랄프로렌 코튼 케이블 니트 하프 집업 스웨터,맨투맨/후드집업,후드/집업,,,폴로랄프로렌,95800,fashion
1135542439,[꼼데가르송][이월상품 특가할인] 꼼데 레드와펜 후드 집업,맨투맨/후드집업,후드/집업,,,꼼데가르송,88700,fashion
1067315515,[비버리힐즈폴로클럽] 남여 특양면 오버핏 자수 후드 집업 3컬러,맨투맨/후드집업,후드/집업,,,JEANMANIA,40960,fashion
1134113220,[아미]드 꾀흐 스몰하트 후드 BFUSW235.730,맨투맨/후드집업,후드/집업,,,AMI,88600,fashion
1119087881,아디다스 와플 니트 트랙탑 져지 남녀공용 집업 자켓 KC2619,맨투맨/후드집업,후드/집업,,,아디다스,113940,fashion
1126814121,르까프 26년  남성  이지 조거팬츠 4종,바지,긴바지,,,르까프,39900,fashion
1098924302,하체 보정 빈티지 백 포켓 세미와이드 팬츠,바지,긴바지,,,오아즈,68900,fashion
1108154495,폴햄  남성 더블니트 스트레이트 스웨트 팬츠(PHG1PT1018),바지,긴바지,,,폴햄,16920,fashion
1075029993,[폴햄]남성 컴포트 테이퍼드 히든밴딩 슬랙스(PHF1PP1036),바지,긴바지,,,폴햄,12670,fashion
1071571213,리베레츠 소프트기모조거팬츠3종세트,바지,긴바지,,,리베레츠,9900,fashion
1125744337,"[GS단독 TAG 139,000원] 남성 가을 니트/티셔츠 균일가 4종 택1",바지,반바지,,,인디안,23850,fashion
1107809003,남성 니팅 버뮤다 팬츠 3종세트,바지,반바지,,,리베레츠,14310,fashion
1111374168,[폴햄]남성 더블니트 턱 6부 버뮤다 팬츠(PHG2PT1750),바지,반바지,,,폴햄,23720,fashion
1028346838,폴로 랄프 로렌 남성 15.2cm 폴로 프렙스터 코듀로이 쇼트(MNPOSHO14G20356410),바지,반바지,,,폴로랄프로렌,199000,fashion
1134106053,ACP 26FW 남성 스트레이트핏 소프트 데님 팬츠 3종,바지,청바지,,,에이씨피,59400,fashion
1130028673,[게스] 남성 BBK 스트레이트 데님 KQ1D01J2,바지,청바지,,,게스,39950,fashion
1130028642,[게스] 남성 MBL 스트레이트 데님 KQ1D01J3,바지,청바지,,,게스,39950,fashion
1106957942,포레스트핏맨즈 (노컷진맨즈5탄) 남성 뒷밴딩 와이드 데님 팬츠,바지,청바지,,,포레스트핏맨즈,30550,fashion
1106478166,"[게스][26SS] 남성 DBL 하이라이즈 스트레이트 NQ1DE123 [정가 119,000원]",바지,청바지,,,게스,37400,fashion
1104112685,펠틱스 남성 패딩기모 셋업 2종 (F516M-2),수트/셋업,셋업,,,펠틱스,29900,fashion
1117707657,지프 26SS 남성 테리 셋업 3종(반팔+반바지+긴바지),수트/셋업,셋업,,,지프,29900,fashion
1134740257,[4종초특가]G.[에디션]모데나 클래식 어텀 무드 수트 셋업(자켓+니트+팬츠+벨트),수트/셋업,셋업,,,모데나,49900,fashion
1083633823,펠틱스 남성 수트 셋업 2종 (F508M-2),수트/셋업,셋업,,,펠틱스,22900,fashion
1110394965,바스키아 남성 트리플셋업 (반팔셔킷+반바지+긴바지SET),수트/셋업,셋업,,,바스키아,39920,fashion
1109798708,엠필 남성 2종세트 가을 히든밴딩 스판정장바지(30-38사이즈) 8색상 중  2장선택,수트/셋업,정장바지,,,엠필,49800,fashion
1125743523,"[GS단독 TAG 200,000원] 브루노바피 가을 팬츠/슬랙스 균일가 7종 택1",수트/셋업,정장바지,,,인디안,19900,fashion
90977074,엠필 남성 가을 히든밴딩스판정장바지(30-38사이즈) 3종세트,수트/셋업,정장바지,,,엠필,69800,fashion
1128108269,분트로이 26FW 테일러드 듀얼플렉스 팬츠(남),수트/셋업,정장바지,,,분트로이,79900,fashion
1116921935,포레스트핏맨즈 남성 스판 밴딩 와이드핏 슬랙스 (MS2602),수트/셋업,정장바지,,,포레스트핏맨즈,34030,fashion
1029879038,[쟌피엘] 엘롱듀퐁 쿨정장자켓 여름중년슈트 남성콤비,수트/셋업,정장자켓,,,쟌피엘,79900,fashion
1078417572,[맨잇슈트]품절임박)사계절 슬림 정장재킷 8종 택1 _MAGA01101 DR4435,수트/셋업,정장자켓,,,맨잇슈트,20000,fashion
1134136894,[피에르가르뎅] 베이직 솔리드 셋업 자켓 PHJK3105,수트/셋업,정장자켓,,,피에르가르뎅,33200,fashion
1071227353,JU 남성 댄디 카라 짚업자켓 봄 가을 패션 정장자켓,수트/셋업,정장자켓,,,SELLERHUBSHOP,17500,fashion
1134136906,[피에르가르뎅] 베이직 솔리드 셋업 자켓 PHJK3104,수트/셋업,정장자켓,,,피에르가르뎅,33200,fashion
1105879085,[폴햄]남성 스웨이드 자켓(PHG1JJ1330),아우터,가죽자켓,,,폴햄,42420,fashion
1040044514,U120 언발트임 레더 블루종,아우터,가죽자켓,,,하루메이비,49450,fashion
1134989650,(남)로보 26FW 스웨이드 아웃포켓 재킷,아우터,가죽자켓,,,로보,799000,fashion
1113533388,남성 스웨이드 트러커 자켓 가을 겨울 기모 안감 워크 크롭 점퍼 아우터 WI244J,아우터,가죽자켓,,,위즈아이,21800,fashion
1106277143,[카시바디] 남성 클래식 양가죽 스탠드카라 자켓,아우터,가죽자켓,,,카시바디,143900,fashion
1092111465,[후앙스] 오버핏 남친룩 캐주얼 청자켓 점퍼 GRJP2084,아우터,무스탕/퍼,,,후앙스,34400,fashion
1075822342,[올젠] 스탠다드핏 수퍼플렉스 자켓 S (ZOD1KG1311),아우터,무스탕/퍼,,,올젠,71100,fashion
1106585420,질커티스 JILL CURTIS 남성 컴포트 데님 셔킷 1종,아우터,데님자켓,,,질커티스,35820,fashion
1098262971,[트루릴리전] 25FW 남성 가을 데님 자켓 2종택1,아우터,데님자켓,,,트루릴리젼,49000,fashion
1134697525,[지오지아] 루즈핏 트러커 데님 자켓 (ABE5DJ1101),아우터,데님자켓,,,지오지아,67500,fashion
1092111474,[후앙스] 오버핏 후드 탈부착 캐주얼 청자켓 점퍼 GRJP1084,아우터,데님자켓,,,후앙스,36320,fashion
1098262948,[트루릴리전] 25FW 남성 니트 집업 가디건 1종,아우터,데님자켓,,,트루릴리젼,37900,fashion
1135713641,[커버낫] 웜온 플리스 자켓 블랙,아우터,플리스,,,커버낫,47960,fashion
1084985879,오버핏 플리스 하이브리드 점퍼 블랙 (MHMAI6010),아우터,플리스,,,마크엠,29160,fashion
1098270938,[빈폴멘] [BEANPOLE KNAP] 유틸리티 플리스 점퍼  블랙 (BC5X41N125),아우터,플리스,,,빈폴멘,140620,fashion
1044093186,빅사이즈후리스 남자 겨울아우터 자켓 점퍼,아우터,플리스,,,SELLERHUBSHOP,18800,fashion
1135823406,[커버낫] 웜온 플리스 자켓 더스티 블루,아우터,플리스,,,커버낫,47960,fashion
1052542751,남성 양면 스탠드카라 자켓 봄 가을 바람막이 점퍼 WI198J,아우터,바람막이/아노락,,,위즈아이,31800,fashion
1111880319,[라코스테공식][시즌오프30%off] 남성 리버시블 MA-1 BH850E-56G 2종 택1,아우터,바람막이/아노락,,,라코스테,276570,fashion
1117679769,남자 경량 숏 블루종 집업 자켓 봄 가을 바람막이 점퍼 WI249J,아우터,바람막이/아노락,,,위즈아이,29800,fashion
1079209831,[지오다노/본사] 075520 나일론 초경량 패커블 윈드브레이커,아우터,바람막이/아노락,,,지오다노,24650,fashion
1108687862,[폴햄]남성) 메쉬 2포켓 하이넥 바람막이 점퍼_PHF2JJ1710,아우터,바람막이/아노락,,,폴햄,22900,fashion
1080124619,테디크루 남성 블루종 점퍼 1종 (T21M-1),아우터,블루종,,,테디크루,29900,fashion
1117112998,[타미힐피거] 라이트웨이트 봄버 자켓 XM05547 3종택1,아우터,블루종,,,타미힐피거,79900,fashion
1106951229,[시티브리즈] 뮤트 로고 블루종_2COLORS [TAG가 219900],아우터,블루종,,,시티브리즈,96000,fashion
1040295248,타미힐피거 남성 퍼포먼스 봄버 자켓,아우터,블루종,,,타미힐피거,136300,fashion
1100015168,닥스 남성 25SS 다크네이비 기능성 사방 스트레치 블루종 점퍼 DMJU5A301N3,아우터,블루종,,,닥스맨,175600,fashion
1102191870,"분트로이 플렉슈라 모션 재킷(남성)[런칭 가격 99,900원]",아우터,블레이저/자켓,,,분트로이,79900,fashion
1128111747,분트로이 26FW 테일러드 듀얼플렉스 재킷(남),아우터,블레이저/자켓,,,분트로이,89900,fashion
1101467570,헤지스 남성 25SS 스테디셀러 네이비 라인배색 면혼방 바시티자켓 WHTS5A310N2,아우터,블레이저/자켓,,,헤지스,109330,fashion
1092126727,[GS단독] [TAG가 379000원] 헤지스 남성 25FW 차콜 포켓 워크 자켓 HZJU5C301CG헤지스 남성 25FW 차콜 포켓 워크 자켓 HZJU5C301CG,아우터,블레이저/자켓,,,헤지스,190450,fashion
1049827046,"[커버낫] [TAG가 159,000] C 로고 바시티 자켓 네이비",아우터,블레이저/자켓,,,커버낫,69960,fashion
52739729,"[TAG가 560,000원] 크로커다일 남성 캐시미어 혼방 클래식 오버코트",아우터,코트,,,크로커다일,79200,fashion
1136374399,바쏘옴므 세이브존03 바쏘옴므 남자 카멜 울 발마칸 롱 코트 WSYAA4CJ35Y,아우터,코트,,,바쏘옴므,399000,fashion
1073278518,워모 남성 울 캐시미어 블렌딩 퀼티드 트리밍 코트 베이지,아우터,코트,,,워모,39000,fashion
1102792624,"[TAG가 598,000원] 크로커다일 남성 테일러드 덕다운 맥코트",아우터,코트,,,크로커다일,79200,fashion
1132850756,아쿠아스큐텀 남성 헝가리구스 발마칸 코트 KZCA6Q01,아우터,코트,,,아쿠아스큐텀,149000,fashion
1106364369,"아쿠아스큐텀 남성 헤리티지 윈콜 점퍼 [런칭 가격 109,900원]",아우터,점퍼,,,아쿠아스큐텀,99900,fashion
1136063992,나일론 봄버점퍼 CLEA11871,아우터,점퍼,,,메르에,24900,fashion
1060166805,펠틱스 남성 아노락 점퍼2종[공통+선택] (MD-2),아우터,점퍼,,,펠틱스,25900,fashion
1102437503,헤지스 남성 25SS 스테디셀러 베이지 포켓배색 면혼방 점퍼 WHJU5B503I2,아우터,점퍼,,,헤지스,114880,fashion
1079649080,[INDIAN] 남성 체크 배색 점퍼_MITCLYM3131,아우터,점퍼,,,인디안,32480,fashion
1132751075,폴햄 역시즌 남성 무브 클라우드 에어 경량 점퍼 PHF4JP1750,아우터,다운/패딩,,,폴햄,25500,fashion
1135023292,[폴햄]남성  넥리스  퀼팅 점퍼(PHG1JP1950),아우터,다운/패딩,,,폴햄,33920,fashion
1103955399,"[TAG가 328,000] 크로커다일 남성 데일리 퀼팅 점퍼",아우터,다운/패딩,,,크로커다일,18000,fashion
1101059117,내셔널지오그래픽 N261UDW910 케루스 경량 구스다운 점퍼 BLACK,아우터,다운/패딩,,,내셔널지오그래픽,87720,fashion
1064941025,"[TAG가 279,000원] 크로커다일 공식 콤포트 헤리티지 패딩",아우터,다운/패딩,,,크로커다일,33200,fashion
1135285349,[3장1세트]순면 100% 남녀공용 무지 긴팔 티셔츠 에이커즈 라운드 이너용 빅사이즈 레이어드,티셔츠,긴팔티셔츠,,,에이커즈,13900,fashion
1094994203,[3차 리오더]라이프폼3장1세트 남성 여성 순면100% 무지 라운드 긴팔 티셔츠,티셔츠,긴팔티셔츠,,,라이프폼,13410,fashion
1105126257,[무료교환반품][택가49000원] N265UTS901 수피마 세미오버핏 긴팔 티셔츠 4종택1,티셔츠,긴팔티셔츠,,,내셔널지오그래픽,32370,fashion
1092726539,"[게스] 유니 스트라이프 긴팔티 NP3KE401 (정가 69,000원)",티셔츠,긴팔티셔츠,,,게스,19550,fashion
1116559936,베네통 남녀공용 데일리 긴팔티셔츠 3종세트,티셔츠,긴팔티셔츠,,,베네통 언더웨어,29900,fashion
1109088831,폴햄 3PACK 기본 반팔 티셔츠 9종 남여공용,티셔츠,반팔티셔츠,,,폴햄,29900,fashion
1109484972,지프 TRAILBLAZER 쿨라이트 아스킨 반팔 티셔츠 3종 남녀공용,티셔츠,반팔티셔츠,,,지프,39920,fashion
1090005942,3장1세트 남성 여성 순면100% 무지 라운드 반팔 무지티 기본티 티셔츠 흰티 면티 반팔티,티셔츠,반팔티셔츠,,,라이프폼,12670,fashion
1105963950,지프 TRAILBLAZER 에버쿨 아스킨 반팔 티셔츠 3종 남녀공용,티셔츠,반팔티셔츠,,,지프,39920,fashion
1090972997,[오아즈] 남녀공용 여름커플티 가족티셔츠 반팔티 5size,티셔츠,반팔티셔츠,,,오아즈,24800,fashion
1125333752,[지오다노/본사] 326530 여 베이직 립 탱크탑 (SLD),티셔츠,민소매티셔츠,,,지오다노,8000,fashion
1125333715,"[지오다노/본사] 326532 여 립 헨리넥 탱크탑(TAG가 15,800원)",티셔츠,민소매티셔츠,,,지오다노,7840,fashion
1125333783,"[지오다노/본사] 326530 여 베이직 립 탱크탑 (STR) (TAG가 15,800원)",티셔츠,민소매티셔츠,,,지오다노,8000,fashion
1125333816,[지오다노/본사] 326531 여 링거 탱크탑,티셔츠,민소매티셔츠,,,지오다노,8330,fashion
1125333676,[지오다노/본사] 326539 여 립 레이서백 탱크탑,티셔츠,민소매티셔츠,,,지오다노,8330,fashion
1066707240,폴로 랄프로렌 남녀공용 케이블 니트 반집업 스웨터 3종 택1,니트/가디건,니트/스웨터,,,폴로랄프로렌,76630,fashion
1134469668,[탱커스] 데일리 레이어드 브이넥 긴팔 니트 티셔츠 (TY3TS003L0),니트/가디건,니트/스웨터,,,탱커스,17900,fashion
1063907213,"택가 59,000원 [탱커스]투웨이 집업 배색 니트 (TW3KP019L0)",니트/가디건,니트/스웨터,,,탱커스,17900,fashion
1106041553,타미힐피거 크루넥 케이블 니트 남여공용 소매 로고 포인트,니트/가디건,니트/스웨터,,,타미힐피거,69000,fashion
1118374263,[후아유][공용] 스티브 카라 케이블 반팔 니트 WHKAG2424U,니트/가디건,니트/스웨터,,,WHO.A.U,26910,fashion
1062908597,NBA 하드우드클래식 가디건 N224KC111Z,니트/가디건,가디건,,,NBA,12750,fashion
1128893626,헤지스 남성 25FW 스테디셀러 그레이 로고자수 울혼방 가디건 WHSW5D203G2,니트/가디건,가디건,,,헤지스,156980,fashion
1102574446,캘빈클라인 스포츠 스웻 가디건 남녀 5컬러 택1,니트/가디건,가디건,,,캘빈클라인,44000,fashion
1134121744,[르꼬끄] 남녀공용 선데이 쮸리 가디건 QP323TFT91 IVORY QP323TFT91IVY,니트/가디건,가디건,,,르꼬끄,34830,fashion
1134551131,[에잇세컨즈] 칼라 배색 저지 카디건  애쉬 (356941SMA4),니트/가디건,가디건,,,에잇세컨즈,45910,fashion
1118836075,[피그먼트]부클 토션 캐미솔 베스트/조끼 TDVT251267,조끼,조끼/베스트,,,피그먼트,25730,fashion
1093829239,[나크21]뷔스티에 U넥 니트 베스트 NK53-TH-6,조끼,조끼/베스트,,,나크21,17010,fashion
1064953691,울혼방 후드케이프 베스트,조끼,조끼/베스트,,,코튼데이,13800,fashion
1093957094,[Thursday Island] 그라데이션 파마 베스트(T238MVT235W),조끼,조끼/베스트,,,써스데이아일랜드,47000,fashion
1082513416,[체이스컬트]U 후드 베스트,조끼,조끼/베스트,,,체이스컬트,16120,fashion
1026458656,[잠뱅이] 남여공용 덕다운 라운드넥 경량베스트,조끼,패딩조끼,,,잠뱅이,11790,fashion
1134636220,[GS단독/26년신상][무료교환반품]내셔널지오그래픽  N264UPV902 패딩 베스트 4종택1,조끼,패딩조끼,,,내셔널지오그래픽,89250,fashion
1092587275,[NIX]유니) 퀼팅 덕다운 경량베스트(FNQWCVE701P),조끼,패딩조끼,,,닉스,16500,fashion
1092587245,[NIX]남) 나일론 덕다운 80/20 - 라운드 샤이니 경량 베스트 (FNRWCVE102P),조끼,패딩조끼,,,닉스,9900,fashion
1112603237,[내셔널지오그래픽]  케루스 경량 남여공용 구스 다운 베스트 N261UDV010 (2컬러) N261UDV010,조끼,패딩조끼,,,내셔널지오그래픽,87200,fashion
1115442599,분트로이 [리오더] ALLNEW 플렉슈라 액티브셔츠 2종,셔츠/남방,긴팔셔츠,,,분트로이,69900,fashion
1127088458,[폴햄]여성_아사면 체크 긴팔 셔츠 PHG2WC2085,셔츠/남방,긴팔셔츠,,,폴햄,17910,fashion
1106296633,[지오다노/본사] 346504 여 루즈핏 체크 셔츠,셔츠/남방,긴팔셔츠,,,지오다노,30600,fashion
1083830467,[지오다노/본사] 345518 여 린넨셔츠,셔츠/남방,긴팔셔츠,,,지오다노,31120,fashion
1129284013,꼬물이 끈 슬리브리스  와인,셔츠/남방,반팔셔츠,,,에잇세컨즈,14200,fashion
1135135748,[에잇세컨즈] 체크 슬림핏 셔츠  아이보리 (356864CMB0),셔츠/남방,반팔셔츠,,,에잇세컨즈,45910,fashion
1063165281,타미힐피거 남녀공용 봄가을 맨투맨 4색상,맨투맨/후드집업,맨투맨,,,타미힐피거,30310,fashion
1134522972,U324 사선절개 스트링 맨투맨,맨투맨/후드집업,맨투맨,,,하루메이비,30550,fashion
1114880139,"[출고가 58,000원] 캘빈클라인 우븐 맨투맨 유니 3컬러 택1",맨투맨/후드집업,맨투맨,,,캘빈클라인,35900,fashion
1092726492,[게스] 유니 필름 일자로고 맨투맨 NP3KE404,맨투맨/후드집업,맨투맨,,,게스,19550,fashion
1104381644,지프 트레일블레이저 맨투맨+팬츠 2종세트 남녀공용,맨투맨/후드집업,맨투맨,,,지프,55920,fashion
1085587395,[버커루]남녀공용 세미루즈핏 쭈리 후드 티셔츠 B245Z1070P,맨투맨/후드집업,후드/집업,,,버커루,15770,fashion
27297767,[지프라브]남녀공용 간절기 후드집업 빅사이즈 후드티,맨투맨/후드집업,후드/집업,,,지프라브,19900,fashion
1051605847,폴앤폴 콜롬비아 1986 오버핏 남여공용 후드티 5컬러,맨투맨/후드집업,후드/집업,,,폴앤폴,17800,fashion
1109130132,[테디크루] 남/여 사파리 후드 집업 점퍼 균일가,맨투맨/후드집업,후드/집업,,,테디크루,29900,fashion
1094578777,[남녀공용] 지프 Jeep 캥거루포켓 간절기 후드집업 Q0098,맨투맨/후드집업,후드/집업,,,지프,58910,fashion
1093599733,[파라고나] 남여공용 소프트 일자 밴딩 팬츠 5컬러 3사이즈 U25LP301 세미와이드,바지,긴바지,,,PARAGONA,11970,fashion
1104434369,지프 TRAILBLAZER 슈퍼스트레치 팬츠 2종 세트 남녀공용,바지,긴바지,,,지프,55920,fashion
1111498565,[숏/롱기장] UNISEX 와이드 조거 트레이닝팬츠 옆절개 밴딩 스트링 롱팬츠 커플 남여공용 사계절 데일리 빅사이즈 바지,바지,긴바지,,,베이직포인트,20670,fashion
1134990685,간절기 데일리 [오리지날리] 자이언트 프린트 팬츠 4종 SET,바지,긴바지,,,오리지날리,24960,fashion
1061466964,NNF 남여공용 퀼팅 덕다운 팬츠 (NAD-1),바지,긴바지,,,앤앤에프,24900,fashion
1090774903,[GS단독] 2PACK 국내생산 프리노어 남녀공용 데일리 원턱 와이드 7부 8부 버뮤다 팬츠 쇼츠 반바지 1 + 1,바지,반바지,,,프리노어,37530,fashion
1060483103,"앤샵 [2XL추가/연청,옐로우틴칼라추가] 남녀공용 원스 데일리 핀턱 와이드 워싱 데님 버뮤다팬츠 반바지",바지,반바지,,,앤샵,22900,fashion
1088307820,[톰보이]트윌 숏팬츠9175362983,바지,반바지,,,스튜디오톰보이,31360,fashion
1081927889,플루크 슬램로고 스웻 쇼츠 FSP358 / 3color W,바지,반바지,,,플루크,28800,fashion
1081927869,플루크 슬램로고 스웻 쇼츠 FSP358 / 3color,바지,반바지,,,플루크,28800,fashion
1102021200,[후기극찬/통큰와이드핏] 남녀공용 워싱 데님팬츠 와이드 청바지 사이드핀턱 밑단스냅 롱팬츠 체형커버 빅사이즈,바지,청바지,,,베이직포인트,26050,fashion
1092588746,[겟유즈드]남) 스트레이트핏 기모 데님(HGOWDDS170P),바지,청바지,,,겟유즈드,6900,fashion
1107809052,스판 멜팅 쿨링 데님 2종세트,바지,청바지,,,리베레츠,9900,fashion
1106592201,[NIX]유니) BK/D톤 RAW 풀밴딩 와이드 (LNSMCDW773M),바지,청바지,,,닉스,22100,fashion
1133745469,옥스퍼드 스트릿 빈티지 체크,바지,청바지,,,코튼데이,26010,fashion
1134841368,[게스]남여공용 인조가죽 자켓 MQ4W7850,아우터,가죽자켓,,,게스진(백화점),359000,fashion
1136062643,[에잇세컨즈] 페이크 레더 블루종  블랙 (45693ZSSA5),아우터,가죽자켓,,,에잇세컨즈,101110,fashion
1135494132,테이트 (공용)후드탈부착누빔롱점퍼_KABW0-UHH150,아우터,무스탕/퍼,,,테이트,19500,fashion
1075179019,금강 자체제작 남녀공용 리얼 양가죽 청자켓 KKJ-2030,아우터,데님자켓,,,금강모피,79000,fashion
1081283764,[체이스컬트] 공용 루즈핏 데일리 청자켓 2컬러,아우터,데님자켓,,,체이스컬트,23920,fashion
1053762641,[유씨엘에이]남여공용 데님 집업 투포켓 트로커 (UA3DJ87),아우터,데님자켓,,,UCLA,29250,fashion
1084985761,데님 후디 점퍼 (MJMAH6020),아우터,데님자켓,,,마크엠,26910,fashion
1134704151,[유씨엘에이][UC9UJ20] 남녀공용 워시드 데님 워크 후드 점퍼,아우터,데님자켓,,,UCLA,116100,fashion
1065464570,"[택가39,900][CERINI by PAT]남녀폴라플리스소프트기모셔켓(셔츠자켓)1종23w",아우터,플리스,,,세리니 바이 피에이티,9900,fashion
1069097893,남녀공용 후리스 집업 보아털  빅사이즈 점퍼,아우터,플리스,,,기타브랜드,14800,fashion
1071313236,[베어파우]남녀공용 플리스 자켓(BPJK24U001_BK),아우터,플리스,,,베어파우,39000,fashion
1097280327,윈터웨이브 남녀공용 장모플리스 후리스 데일리 자켓(U6WJ04),아우터,플리스,,,이지바이,12900,fashion
1094137540,[뱅뱅] 공용 배색체크 플리스 집업 점퍼 (NUI504),아우터,플리스,,,뱅뱅,16920,fashion
1104379671,지프 트레일블레이저 남녀공용 윈드브레이커 테크 자켓,아우터,바람막이/아노락,,,지프,55920,fashion
1108733652,지프 TRAILBLAZER 남녀공용 방풍 경량 테크재킷,아우터,바람막이/아노락,,,지프,47920,fashion
1098824905,[앵콜특가] 남여공용 홑겹 방수 코팅 안감 경량 바람막이 아우터 MVJ5368,아우터,바람막이/아노락,,,마운틴 벨리,17990,fashion
1131543292,[스파오] [UV차단] 후드 윈드브레이커 (SPJJE23C24-O),아우터,바람막이/아노락,,,스파오,14930,fashion
1053066751,[원데이초특가] 남여공용 홑겹 초경량 소프트 터치 주머니 패커블 바람막이 3COLOR MVJ4162,아우터,바람막이/아노락,,,마운틴 벨리,18900,fashion
1133548212,지프 JEEP 26FW 남녀공용 트레일 브리더블 테크 웜 재킷 2종,아우터,블레이저/자켓,,,지프,99900,fashion
1131542543,[스파오] 코튼 블루종 자켓 (SPJEE23W01-O),아우터,블레이저/자켓,,,스파오,22430,fashion
1104087864,[NIX]유니)코튼컬러 세미오버핏 보머자켓(FNRECUV701P,아우터,블레이저/자켓,,,닉스,14900,fashion
1065189507,[톰보이] 9104312831 맥시오버핏자켓,아우터,블레이저/자켓,,,톰보이,95680,fashion
1092588664,[NIX]유니) 코튼컬러 루즈핏 초어자켓(FNRSCUV705P),아우터,블레이저/자켓,,,닉스,19900,fashion
1133067568,[스파오] [울블렌드] 핸드메이드 롱 코트 (SPJWE4VW07-O),아우터,코트,,,스파오,35180,fashion
1101952146,[린(의류)]심피크 더블버튼 트렌치코트 (LGTCOI9800),아우터,코트,,,린,239000,fashion
1081729805,[지오다노/본사] 375513 여 레인코트,아우터,레인코트,,,지오다노,26350,fashion
1050911960,(LND) EVA 패션 레인코트 2개 다회용 남녀공용 우비 비옷 등산,아우터,레인코트,,,라라데이빗,5900,fashion
1124413654,남녀공용 경량 우비 상하세트 골프 비옷 배달,아우터,레인코트,,,디어마켓,23900,fashion
1127923232,[3개입] EVA 우비 성인 판초우의 여름 캠핑 아웃도어,아우터,레인코트,,,깨비다,8500,fashion
1040638726,EVA 재질 남녀공용 우비 우의 비옷 레인코트,아우터,레인코트,,,SELLERHUBSHOP,2500,fashion
1063170888,내셔널지오그래픽 N243UJP930 스트럭쳐 후드 점퍼 CARBON BLACK,아우터,점퍼,,,내셔널지오그래픽,98550,fashion
1115565966,[폴햄]여성  데일리라이트 크롭 후드 바람막이(PHG2JJ2770),아우터,점퍼,,,폴햄,25420,fashion
1088440818,[체이스컬트] 공용 커플 데일리 야구 점퍼 2컬러,아우터,점퍼,,,체이스컬트,31920,fashion
1130810651,[스파오] [울블렌드] 블루종 (SPJJF12M06-O),아우터,점퍼,,,스파오,24680,fashion
1076292123,[버커루]남여공용N/P 후드 롱기장 야상 점퍼(B251JP102P),아우터,점퍼,,,버커루,109810,fashion
1131887345,폴햄 남여공용 리버서블 플리스 패딩점퍼 1종,아우터,다운/패딩,,,폴햄,35910,fashion
1065497738,"[커버낫] [TAG가 239,000] 24FW RDS 씨빅 오리진 후드 숏 푸퍼 블랙",아우터,다운/패딩,,,커버낫,113580,fashion
1129444613,[폴햄] 남여공용 알래스카 라운드 경량 패딩 점퍼_PHE4JP3950,아우터,다운/패딩,,,폴햄,19000,fashion
1134303797,[NIX]유니) 리버서블 하이넥 패딩 점퍼 (FNQWCUX711P),아우터,다운/패딩,,,닉스,14900,fashion
1095384198,"[커버낫] 숏 퀼팅 자켓 Charcoal (TAG가 109,000원)",아우터,다운/패딩,,,커버낫,47960,fashion
68609638,필리핀 사바나나 바나나칩 100g x 5봉,간식/과자,과일칩,,,뉴트리365,20800,food
67497046,필리핀 사바나나 바나나칩 100g x 8봉,간식/과자,과일칩,,,뉴트리365,27800,food
37756954,[티각태각] 다시마부각 30g,간식/과자,과일칩,,,티각태각,2090,food
1009545527,[함양군]화신영농조합 지리산이 보내 온 선물 연근칩 30gX5개,간식/과자,과일칩,,,함양군,22900,food
1074949251,국내산 두부로 만든 수제 두부과자 110gX5팩,간식/과자,과자,,,산지로드,9900,food
1104869756,[GS단독 선물세트]달큼푸드 고온스팀으로 찐 부드럽고 촉촉한 병아리콩 45gx12봉,간식/과자,과자,,,밤뜨래,21900,food
1115066636,[ALLO] 알로 블랙트러플 하몽 크래커 과자 3팩,간식/과자,과자,,,모두의맛집,14900,food
1129495337,메고지고 찹쌀누룽지 쌀과자 POP RICE 스낵 스위트 300g (25g 12개입) 5팩,간식/과자,과자,,,메고지고,17000,food
1129495376,메고지고 찹쌀누룽지 쌀과자 POP RICE 스낵 무가당 300g (25g 12개입) 5팩,간식/과자,과자,,,메고지고,17000,food
1055620863,[선착순쿠폰]일상미당 제주 해풍쑥 콩쑥개떡 60g x 32개입,간식/과자,떡,,,일상미당,16500,food
1094207028,"소소락 저당 쑥개떡 2kg (50g 40개입) 국내산 찹쌀, 해풍쑥, 개별포장.",간식/과자,떡,,,sosorak,16500,food
1135937860,[추석전도착]일상미당 송편 800g x 2팩 (1팩당 33~35개),간식/과자,떡,,,일상미당,16900,food
1014924851,영광 모싯잎 생 모시송편(가루동부) 1.2kg 30개(봉당 10개 x 3봉),간식/과자,떡,,,푸르젠,12900,food
1038542297,2봉 묶음 할인 자연해동 오색송편 550g x 2봉,간식/과자,떡,,,더바른떡,13900,food
1075043933,널담 식물성 고단백 저당 배꼽 베이글 혼합구성 12개입,간식/과자,빵,,,널담,19900,food
1000164327,[신라명과] 허니버터카스테라 350g 10개입 선물용쇼핑백,간식/과자,빵,,,신라명과,10500,food
1133201854,"베키아에누보 샌드위치 총 18개입 바질모짜 3개입2봉, 햄페퍼로니3개입2봉,할라피뇨바게트3개입1봉,루꼴라토마토3개입1봉",간식/과자,빵,,,베키아에누보,59900,food
1114741722,"베키아에누보 샌드위치 총 18개입 바질모짜 3개입1봉, 바질토마토3개입2봉, 비프치즈3개입1봉,베이컨바게트3개입2봉",간식/과자,빵,,,베키아에누보,59900,food
1096197955,[경주명물] 당일생산 실온 국내산 찰보리로 만든 팥앙금 경주빵 20개입,간식/과자,빵,,,욜로부로,11900,food
1103755184,호정가 하루영양바 (20개입) / 견과류 가득 프리미엄 뉴트리션바,간식/과자,시리얼/시리얼바,,,호정가,13900,food
1090219642,소이조이 버라이어티팩 8종 16개입 고단백질 고식이섬유 건강간식,간식/과자,시리얼/시리얼바,,,소이조이,24900,food
1103755202,호정가 통밀영양바 (18개입) / 통곡물 영양간식 시리얼바,간식/과자,시리얼/시리얼바,,,호정가,11900,food
1125357056,호정가 하루비타민바 (20개입) / 1개당 비타민과 철분 권장섭취량 100% 함유,간식/과자,시리얼/시리얼바,,,호정가,16900,food
1043628904,켈로그 에너지바 크런치넛 40g x 6개 + 레드베리 35g x 6개 + 본품증정 GS단독,간식/과자,시리얼/시리얼바,,,켈로그,14500,food
90179666,하겐다즈 아이스크림 파인트 3개,간식/과자,아이스크림/빙수,,,하겐다즈,34900,food
93550008,미니멜츠 구슬아이스크림 30개,간식/과자,아이스크림/빙수,,,미니멜츠,29900,food
59179592,빙그레 떡붕어싸만코 24개 /인기아이스크림,간식/과자,아이스크림/빙수,,,빙그레,27200,food
1126775360,워커힐 고메 아이스크림 4종 총 20개(딸기6/초코6/망고바나나4/치즈4),간식/과자,아이스크림/빙수,,,워커힐고메,59900,food
1079560621,[7인분] 강원도 감자 생수제비 반죽 1.05kg (지퍼백위생포장),간식/과자,제과재료,,,세이브밀,7900,food
1074948762,감자 생수제비 반죽 1.05kg×2팩 / 14인분 대용량 지퍼백포장,간식/과자,제과재료,,,세이브밀,17900,food
16307961,[대두식품] 백옥앙금 S35M_5kg / 베이킹 앙금플라워 만주,간식/과자,제과재료,,,대두식품,20500,food
1080664035,[오뚜기] 쌀핫케이크믹스 400g 3개,간식/과자,제과재료,,,오뚜기,16500,food
1066687928,백설 초코칩 쿠키믹스 290g x4개,간식/과자,제과재료,,,CJ제일제당,14900,food
1102443252,[베즐리] 진짜 맛있는 당근케이크 470g,간식/과자,케이크,,,베즐리,14900,food
1133195316,"워커힐 고메 티라미수 3박스 총 9입 (아란차3입*1박스, 클라시코3입*2박스)",간식/과자,케이크,,,워커힐고메,59900,food
1082791837,대만 펑리수 파인애플케이크 30g X6입X3박스(총 18입),간식/과자,케이크,,,자연채움,12800,food
1130686902,대만 펑리수 파인애플케이크 30g X6입X2박스(총 12입),간식/과자,케이크,,,자연채움,9900,food
1103150813,워커힐 고메 클라시코 티라미수 1박스 총 3입 (120g*3입),간식/과자,케이크,,,워커힐고메,30900,food
28609230,[안흥찐빵] 할매안흥찐빵 25개x2봉 4가지맛,간식/과자,호빵/찐빵,,,안흥찐빵,22900,food
1067269391,쫀득달콤 소문난 통팥가득 안흥찐빵 총20개입 500g * 2봉,간식/과자,호빵/찐빵,,,맛군,13900,food
1623627,[안흥찐빵] 단호박 쌀찐빵 60개,간식/과자,호빵/찐빵,,,안흥찐빵,25900,food
61664253,[GAP인증] 당일수확 영암 무화과 2kg(500gx4팩),과일,기타과일,,,기타브랜드,34900,food
1130852321,[전라도청년] 당일수확 26년 영암 홍무화과 1kg (500g x 2팩) 산지직송,과일,기타과일,,,전라도청년,19900,food
1133303721,농협선별 영암 홍무화과 1kg (500gx2팩/팩당5-11과),과일,기타과일,,,자연맛남,18900,food
63838429,당일수확 전남 껍질째 먹는 고당도 홍무화과 1kg(500g* 2팩 /팩당 5~8과내외)_개별망포장,과일,기타과일,,,맛군,22900,food
1041561518,국내산 히카마 5kg(중과) 아삭하고 달달한 배와 무의 중간맛 건강채소,과일,기타과일,,,삼대장,20700,food
1102466319,CJ프레시웨이 이츠웰 냉동블루베리1Kg x 3개,과일,냉동과일,,,CJ프레시웨이,34100,food
1113933861,"비타푸룻 냉동쿼드러플베리 500g 5개입 (블루베리, 라즈베리, 블랙베리, 딸기)",과일,냉동과일,,,비타푸룻,30900,food
1129722759,망고식스 26년 햇 아이스 망고바 60g 40개,과일,냉동과일,,,망고식스,39900,food
1080349458,[호재준] 냉동 아보카도 500g x 4팩,과일,냉동과일,,,호재준,23660,food
1126510761,망고식스 26년 햇 아이스 망고바 60g 40개,과일,냉동과일,,,망고식스,39900,food
1009191789,제스프리 썬골드키위 왕점보 5.72kg (개별 155g내외 36~38개입) 이중포장 맛젤인증점,과일,키위/참다래,,,제스프리,52900,food
1016513360,제스프리 썬골드키위 슈퍼점보과 2단 선물세트 3.1kg (20입),과일,키위/참다래,,,제스프리,30900,food
20777929,제스프리 썬골드키위 왕점보 3.1kg내외 (개별 155g내외 20개입) 맛젤인증점,과일,키위/참다래,,,제스프리,29900,food
1095423293,"제스프리 썬골드키위 추석선물세트 (130g내외 16과, 2kg내외)",과일,키위/참다래,,,제스프리,21900,food
1134336823,"제스프리 썬골드키위 특대과 1.55kg (11입,개당 140g내외)",과일,키위/참다래,,,제스프리,18900,food
1116628105,[GS단독]품질보장 국내산 대추방울토마토 로얄 대과 2kg(1~2번과),과일,토마토,,,맛군,18900,food
1026029029,새콤달콤 국내산 완숙 찰토마토 2.5kg 로얄과(1-3번과),과일,토마토,,,맛군,14900,food
1116628107,[GS단독] 품질보장 국내산 대추방울토마토 로얄 대과 1kg(1~2번과),과일,토마토,,,맛군,12900,food
1083601071,농협선별 스테비아 대추 방울토마토 2kg (로얄과/500gx4팩),과일,토마토,,,자연맛남,22900,food
1041829026,산지직송 국내산 대추방울토마토 1kg,과일,토마토,,,파인밀,11900,food
1016422077,달콤한 하우스 샤인머스켓 2kg (4수),과일,포도,,,더자인,10900,food
61572953,국내산 샤인머스켓 실중량 2kg 3-4수,과일,포도,,,싱싱유통,9900,food
1132180391,[특가]달콤한 망고포도 샤인머스켓 상품 2kg(3-4수),과일,포도,,,farmspring,9900,food
1132557530,고당도 샤인머스켓 4kg 4-5송이 최상급 선물 세트 국내산 영동 포도 제철과일 LD,과일,포도,,,초록초록팜,43900,food
1026563741,국내산 샤인머스켓 정품 2kg 내외(4-5수),과일,포도,,,thesingsing,12900,food
1090733640,정성곳간 강순의 명인의 뼈 없는 갈비탕 800g 7팩,국/탕/찌개,갈비탕/곰탕/설렁탕,,,정성곳간,34900,food
58175747,사미헌 프리미엄 갈비탕 5팩5kg,국/탕/찌개,갈비탕/곰탕/설렁탕,,,사미헌,65000,food
1051594424,"궁키친 이상민 뼈없는 특 갈비탕 900g*8팩, 얼큰다진양념 5팩",국/탕/찌개,갈비탕/곰탕/설렁탕,,,궁키친 이상민,67900,food
1000358096,임성근의 고기듬뿍 나주곰탕 11팩,국/탕/찌개,갈비탕/곰탕/설렁탕,,,임성근,39900,food
1032089042,하누소 갈비탕 700g 10팩 (+탕소스 10팩 증정),국/탕/찌개,갈비탕/곰탕/설렁탕,,,하누소,74900,food
1102812513,똑순이 알고니 알탕 700g X 2팩,국/탕/찌개,기타탕/국류,,,똑순이아구찜,18900,food
1128326944,[GS단독] 이연복 뼈다귀탕 1.5kg 2팩,국/탕/찌개,기타탕/국류,,,이연복,29900,food
1116713177,가득찬 국내산 뼈다귀 해장국 600g x 5팩 우거지/고기 듬뿍,국/탕/찌개,기타탕/국류,,,기타브랜드,21900,food
1090733251,정성곳간 국내산 도가니탕 800g 4팩,국/탕/찌개,기타탕/국류,,,정성곳간,21900,food
1109671037,온반 전통 장터국밥 600g x 4팩 얼큰하고 푸짐한,국/탕/찌개,기타탕/국류,,,기타브랜드,18300,food
94102120,[동원xGS] 양반 수라 통다리 삼계탕 460g x4개,국/탕/찌개,삼계탕,,,동원에프앤비,16900,food
1125041100,최유강의 불도장 삼계탕 1.2kg * 8팩 100% 국내산 냉장닭 5호,국/탕/찌개,삼계탕,,,코자차,59900,food
93806672,천하일미 홍석천 이원일 정성담은 전통삼계탕 1.2kg 4팩,국/탕/찌개,삼계탕,,,천하일미,35500,food
1055558871,"사대부집곳간 녹두삼계탕 1,200gx8팩",국/탕/찌개,삼계탕,,,사대부집곳간,65900,food
1127946797,인산가 죽염담은 녹두삼계탕 1.2kg*7팩 + 인산가 4회 구운 죽염 150g*1통,국/탕/찌개,삼계탕,,,인산가,62910,food
1051955173,장순필 가마솥 700g 특육개장 5봉,국/탕/찌개,육개장,,,장순필푸드,19900,food
1060927377,참도깨비 금강육개장 630gX4봉,국/탕/찌개,육개장,,,참도깨비,17900,food
92603013,[동원xGS] 양반 차돌 육개장 460g x4봉,국/탕/찌개,육개장,,,동원에프앤비,11900,food
1066536327,비비고 진한 육개장 500g x6개,국/탕/찌개,육개장,,,CJ제일제당,25900,food
35693231,든든한끼 빅마마이혜정의 육개장 6팩 (500g x 6개),국/탕/찌개,육개장,,,빅마마 이혜정,25900,food
1069355496,[믹스밀] 바로 데워먹는 야채찜 1kg x 4팩,국/탕/찌개,찌개류,,,자연원,34110,food
1102053847,[파주장단콩] 맷돌 비지찌개 6팩 (순한/매콤) / 황해도식 되비지탕,국/탕/찌개,찌개류,,,세이브밀,23900,food
1049774692,70년 전통의 사리원 부대찌개 600g 2팩 외 선택,국/탕/찌개,찌개류,,,사리원,11800,food
1102053833,[파주장단콩] 맷돌 비지찌개 8팩 (순한/매콤) / 황해도식 되비지탕,국/탕/찌개,찌개류,,,세이브밀,28900,food
1054150643,[소소락]총2.8kg 대용량 고기잎새만두 1.4kg+김치잎새만두1.4kg,기타가공식품,만두,,,sosorak,14500,food
1122037111,[미식배송]국내산 백김치로 만든 우리밀 순한맛김치만두1kg (20gX50),기타가공식품,만두,,,미식배송,19900,food
95329486,대구맛집 반야월할매 당면만두 420g(3봉),기타가공식품,만두,,,마니커에프앤지,10900,food
1026362399,[마녀바스켓] 바삭한 만두피 호떡쌀 군만두 1kg+1kg,기타가공식품,만두,,,TODAM,12700,food
1105094428,대구맛집 만두달인 반야월할매 당면만두 420g(5봉),기타가공식품,만두,,,마니커에프앤지,19800,food
1057701507,국내제조 무첨가 100% 땅콩버터 200g 2병 무설탕 무가당,기타가공식품,버터/치즈,,,유리아,14500,food
50952246,[동원xGS] 소와나무 트리플 슬라이스치즈 1.8kg (100매입),기타가공식품,버터/치즈,,,냉동마트,22500,food
1080359807,국내제조 무첨가 100% 땅콩버터 450g 2병 무설탕 무가당,기타가공식품,버터/치즈,,,유리아,23500,food
1047083580,코스트코 이즈니 프랑스 프리미엄 가염버터 컵 600g(10g x 60개),기타가공식품,버터/치즈,,,해핑몰,29920,food
1116745446,2+1 동국제약 맛있는 샐러드 미니볼 20포 총3박스,기타가공식품,샐러드/건강식,,,동국제약,15900,food
1112275993,기장물산 데일리 해초 샐러드 8g x 10봉,기타가공식품,샐러드/건강식,,,기장물산,19900,food
1031493098,[다신샵] 당일생산 하루한끼 세척 샐러드 10팩 (무료배송),기타가공식품,샐러드/건강식,,,dietshin,22600,food
1031493105,[다신샵] 탄단지 균형잡힌 프리미엄 한스푼샐러드 든든 5팩 세트 (단호박+두부+케이준+훈제+잠봉),기타가공식품,샐러드/건강식,,,dietshin,28200,food
1125787365,저스트그린 씻지 않고 바로먹는 유러피안 샐러드 세트 (6개입),기타가공식품,샐러드/건강식,,,저스트그린,15900,food
1067519010,[오뚜기] 그대로카레 순한맛 200g 12개,기타가공식품,카레/짜장소스,,,오뚜기,25800,food
4318998,[풀무원] 직화짜장소스180gX10개,기타가공식품,카레/짜장소스,,,풀무원,26900,food
1083510723,[당근이 16.7개] 보넬드 아이엠 당근 1L 3병,음료,과일/야채음료,,,보넬드,24900,food
1130251088,바디랩 센비타 토마토주스 1L x 4병 (100% NFC착즙),음료,과일/야채음료,,,바디랩,32900,food
1104267564,"카사베르디 유기농 레드와인 비니거 500ml, 4개",음료,과일/야채음료,,,그레인온,67900,food
1104267555,"카사베르디 유기농 레드와인 비니거 500ml, 2개",음료,과일/야채음료,,,그레인온,37500,food
1131432801,[산지애] 실속사과하나주스 60팩,음료,과일/야채음료,,,산지애,39900,food
1028068117,일동후디스 하이뮨 프로틴 밸런스 음료 오리지널(190ml*16입) 4박스,음료,기타음료,,,일동후디스,66880,food
1097916334,타이거모닝 진저샷 미니보틀 4박스(40gx32병),음료,기타음료,,,타이거모닝,88900,food
1052972924,빙그레 더단백 드링크 초코 250ml 18개입,음료,기타음료,,,빙그레,26900,food
1045831278,광동 쌍화골드100ml X 20병+진쌍화100ml X 10병,음료,기타음료,,,광동제약,15900,food
94598168,일동후디스 하이뮨 프로틴 밸런스 음료 오리지널(190ml*16입) 2박스,음료,기타음료,,,일동후디스,36800,food
1015524252,국내산 청양고추(상) 1kg,채소,고추,,,산정마을,6000,food
1015786777,산정마을  건고추 1근(600g),채소,고추,,,산정마을,23000,food
1083031268,귤마을 국내산 아삭이 고추 1kg내외,채소,고추,,,기타브랜드,9900,food
1037321157,잘말린 진도 건고추 3kg(다섯근) 보통매운맛,채소,고추,,,늘솜,115000,food
1065760959,세척 건고추 3kg 꼭지제거 보통맛,채소,고추,,,지투지샵,99900,food
1031881364,당일채취 이영만 생 고구마순 고구마줄기 2kg 홍대 통채루,채소,기타채소,,,늘솜,23900,food
1130699121,깻잎 20묶음(1묶음 12-15장내외),채소,기타채소,,,케이엠푸드,17000,food
69287906,[생산자직송] 충주 유기농 케일 1kg,채소,기타채소,,,친환경팔도,20500,food
1135065876,안동 도라지 피도라지 1kg,채소,기타채소,,,철따라농산물,24900,food
1129328940,이제주 간편한 데친 부지갱이 300g x 4,채소,냉동채소,,,제주푸드,26500,food
1060806414,코스트코 커클랜드 베지터블 블렌드 야채믹스 2.49kg 아이스박스,채소,냉동채소,,,해핑몰,30900,food
1071438756,[농부마음] 국내산 흙당근 5kg(중품),채소,당근/비트/더덕,,,농부마음,13800,food
34901411,국내산 햇 흙당근 3kg(중품),채소,당근/비트/더덕,,,햇살조은,9900,food
1054681134,[맘스킹]정선청정더덕 최돈철의 깐더덕 800g,채소,당근/비트/더덕,,,맘스킹,27900,food
1133303694,국내산 밀양 햇 생 연근 2kg(중품),채소,당근/비트/더덕,,,햇살조은,10900,food
5074583,[금삼] 더덕 선물세트(특)1kg,채소,약재류,,,기타브랜드,47900,food
1039086722,동의한재 상초 밀양 대추 말린 건대추 500g,채소,약재류,,,동의한재,12700,food
5074584,[금삼] 더덕 선물세트 (특)2kg,채소,약재류,,,기타브랜드,79900,food
1135059611,[추석전도착]고른계란 난각번호 1번 무항생제 유정란 대란 40구(20구*2세트),축산,계란,,,일상미당,21500,food
1129114161,오늘담란 난각번호1번 계란 40구 무항생제 신선한 유정란,축산,계란,,,오늘담란,22900,food
1134103530,고른계란 무항생제 무정란 60구(30구*2세트)/특란/개당 60g 이상,축산,계란,,,일상미당,23800,food
1093393403,한계란 난각번호 1번 계란 무항생제 유정란 40구,축산,계란,,,한계란,20900,food
1134103539,고른계란 동물복지 무항생제 유정란 대란 40구(20구*2세트),축산,계란,,,일상미당,20900,food
1043605735,고메프리미엄 프렌치랙 양갈비 250gx5팩+시즈닝3종,축산,기타육류,,,고메 프리미엄,108900,food
30389430,[비앤피월드] 부드러운 육질의 양갈비(양 숄더랙) 500g x 2팩 + 쯔란 5g 증정,축산,기타육류,,,기타브랜드,57900,food
1045179394,고메프리미엄 프렌치랙 양갈비 250gx10팩+시즈닝3종x3세트,축산,기타육류,,,고메 프리미엄,199900,food
1036044746,"[작심밀도]산지직송 흑염소 뒷다리 500g (수육, 탕용)",축산,기타육류,,,작심밀도,49900,food
91910199,[에이원미트]호주산 냉동 양갈비 프렌치랙(1년미만) 500g/1팩(절,축산,기타육류,,,에이원미트,43900,food
1071757979,[냉장] 당일작업 생 순살 닭다리살(통정육) 1kg,축산,닭고기,,,늘솜,22500,food
1085126791,[육식토끼] 닭가슴살 균일가전 냉동 닭가슴살 소세지 스테이크,축산,닭고기,,,육식토끼,11500,food
1038440287,국내산 닭목살 1kg 냉동 세세리  생닭목살구이 술안주 캠핑 요리,축산,닭고기,,,정담앤쿡,7600,food
50114181,닭집아들 직화튤립닭발,축산,닭고기,,,닭집아들,8080,food
1104596569,두메산골 닭백숙 재료(냉장 토종닭 1.3kg내외 x 2개+7가지 부재료 100g x 2개),축산,닭고기,,,두메산골,32500,food
1055562061,[GS단독] 이연복 북경오리 5세트(통오리고기 5팩+소스 5팩+밀전병 1팩(42장)),축산,오리고기,,,이연복,69900,food
1056521080,[GS단독] 이연복 북경오리 5세트(통오리고기 5팩+소스 5팩+밀전병 1팩(42장)),축산,오리고기,,,이연복,69900,food
1057042811,[GS단독] 이연복 북경오리 2세트 (통오리고기2팩+소스2팩+밀전병1팩(18장)),축산,오리고기,,,이연복,34900,food
1095626815,국내산 1등급 무항생제 생 오리로스 1kg (냉장),축산,오리고기,,,thesingsing,18500,food
1033712449,훈제오리 슬라이스 400g 오리고기 훈제,축산,오리고기,,,그램원,5800,food
1107607470,[춘천 직배송] 당일제조 진짜 춘천닭갈비 500g x 2팩 외 2종 (춘천닭갈비/간장닭갈비 택1),축산가공식품,닭가공품,,,참다른,10900,food
1112037322,"최현석 닭다리살스테이크 14팩(매콤바베큐 8팩, 오리엔탈갈릭 6팩)",축산가공식품,닭가공품,,,최현석,59900,food
1112177124,"최현석 닭다리살스테이크 10팩(매콤바베큐 5팩, 오리엔탈갈릭 5팩)",축산가공식품,닭가공품,,,최현석,44910,food
1112032565,"최현석 닭다리살스테이크 14팩(매콤바베큐 8팩, 오리엔탈갈릭 6팩)",축산가공식품,닭가공품,,,최현석,59900,food
1112177135,최현석 매콤바베큐 닭다리살스테이크 5팩,축산가공식품,닭가공품,,,최현석,26910,food
1038443105,국내산 생 닭가슴살 1kg 냉동,축산가공식품,닭가슴살,,,정담앤쿡,7200,food
1127479320,[소소락] 튀겨나온 순살 돈까스 130g x 10장 에어프라이어 간편조리,축산가공식품,돈까스류,,,sosorak,15800,food
1118894464,최현석 셰프의 돈까스 9팩(7겹돈까스3팩+치즈돈까스6팩),축산가공식품,돈까스류,,,최현석,29900,food
1100658176,사보텐 베스트 패키지(등심6팩+치즈4팩)+돈까스소스,축산가공식품,돈까스류,,,사보텐,42900,food
95876888,[마녀바스켓] 광양 칼집 돼지 양념 왕구이 600g x3팩,축산가공식품,돼지고기양념육,,,TODAM,18900,food
1047510733,비법양념 한돈 뼈없는 순살 양념돼지갈비 600g (300g* 2팩),축산가공식품,돼지고기양념육,,,맛군,15900,food
1036321506,[마녀바스켓] 광양 칼집 돼지양념 왕구이 600g x4팩(총 2.4kg),축산가공식품,돼지고기양념육,,,TODAM,21900,food
1101907572,[정돈공방] 저온숙성 칼집 돼지목살 왕구이 600g x 3팩 1.8kg,축산가공식품,돼지고기양념육,,,정돈공방,15900,food
1098276667,순살 양념 돼지 목살 구이 600g+600g(총6인분),축산가공식품,돼지고기양념육,,,산지로드,14900,food
1122649355,[워커힐] 오리지널 폭립 2팩+스파이시 폭립 1팩(총 3팩),축산가공식품,등갈비/폭립,,,워커힐고메,39900,food
36988129,바베큐 폭립 400g × 6팩,축산가공식품,등갈비/폭립,,,기타브랜드,70900,food
54087603,천하일미 홍석천 이원일 떡갈비 160g 전통/매콤 15팩(총30장),축산가공식품,떡갈비,,,천하일미,31900,food
1106410773,[농가살리기] 우리 한돈 리얼 갈빗살 떡갈비 450g*2팩 (총 20장),축산가공식품,떡갈비,,,농가살리기,17500,food
1095505115,[마녀바스켓] 담양식 두툼한 한돈 떡갈비 120g x4팩+갈비맛소스 x4팩,축산가공식품,떡갈비,,,TODAM,14900,food
1063420852,온작 이영자 왕떡갈비 130g 25팩 + 치즈 떡갈비 100g 5팩 총30,축산가공식품,떡갈비,,,온작,58900,food
1001425937,홍석천 이원일 떡갈비 160g 전통/매콤 10팩(총20) (국내산 돈육/소고기 사용),축산가공식품,떡갈비,,,천하일미,23900,food
1133394220,[아빠식당] 당면이 들어간 뚝배기 소불고기 400g x 3팩,축산가공식품,소고기양념육,,,아빠식당,29900,food
1105378880,정성곳간 강순의 명인의 특 양념 LA 갈비 400g 4팩 / 총 1.6kg,축산가공식품,소고기양념육,,,정성곳간,39900,food
1012830827,경복궁 칼집 LA갈비 600gx2팩,축산가공식품,소고기양념육,,,경복궁,80600,food
66426413,포천 이동 양념 소갈비 500g 6팩,축산가공식품,소고기양념육,,,포천이동식갈비,81900,food
1105170715,궁키친 이상민 시그니처 갈비살 4팩 + 마늘 듬뿍 소스 1병,축산가공식품,소고기양념육,,,궁키친 이상민,56900,food
1133394128,순대 트럭식 4가지 가마솥 모듬 순대 (찰+고기+김치+두부) X 2세트,축산가공식품,순대,,,호랭이식당,15900,food
1125353451,푸디헤븐 국내산 돈소창 쫄깃하고 찰진 하늘빛 찰순대 1kg+1kg,축산가공식품,순대,,,푸디헤븐,12900,food
62997365,[자연맛남] 전라도 재래식 토종순대1kg,축산가공식품,순대,,,자연맛남,8900,food
1125353513,"푸디헤븐 국내산 돼지로 만든 하늘빛 돼지내장모둠 2kg (간,허파,울대,염통,오소리감투)",축산가공식품,순대,,,푸디헤븐,9900,food
1133394136,순대 트럭식 4가지 가마솥 모듬 순대 (찰+고기+김치+두부) X 3세트,축산가공식품,순대,,,호랭이식당,20900,food
1078544179,최현석 한돈한우 함박스테이크 180g*5팩,축산가공식품,스테이크,,,최현석,21510,food
1078544180,최현석 한돈한우 함박스테이크 180g*10팩,축산가공식품,스테이크,,,최현석,42210,food
1133674264,"최현석 한돈한우 함박스테이크 2종 17팩(오리지널 함박 10팩, 치즈 함박 7팩)",축산가공식품,스테이크,,,최현석,69900,food
1088228151,"최현석 한돈한우 함박스테이크 2종 17팩(오리지널 함박 12팩, 치즈 함박 5팩)",축산가공식품,스테이크,,,최현석,69900,food
1078300249,최현석 한돈한우 함박스테이크 180g*17팩,축산가공식품,스테이크,,,최현석,69900,food
1027847623,무항생제 오리주물럭 800g*3팩,축산가공식품,오리양념육,,,푸르젠,56900,food
1101264540,국내산 무항생제 고추장 오리주물럭 500g 2팩 진짜 과일을 갈아넣은 오리불고기,축산가공식품,오리양념육,,,정육찬,18900,food
1101264683,국내산 무항생제 간장 오리주물럭 500g 3팩 진짜 과일을 갈아넣은 오리불고기,축산가공식품,오리양념육,,,정육찬,26900,food
36261990,목우촌 무항생제 양념 오리주물럭 250g× 10팩,축산가공식품,오리양념육,,,기타브랜드,71900,food
1095622570,국내산 1등급 생 오리사용 / 오리주물럭 1kg (냉장),축산가공식품,오리양념육,,,thesingsing,21500,food
1017533397,"목우촌 무항생제 훈제오리 200g*10팩(총 2kg, 냉장제품)",축산가공식품,오리훈제,,,목우촌,52900,food
1124119199,품애복 5무無 훈제오리 바비큐슬라이스 200g*12팩,축산가공식품,오리훈제,,,기타브랜드,45900,food
1089150567,주원산오리 미소훈제슬라이스 150g*4팩 + 싸먹는 오리슬라이스 80g*4팩,축산가공식품,오리훈제,,,주원산오리,29900,food
1058506961,다향 1등급 무항생제 훈제오리 200g 10팩,축산가공식품,오리훈제,,,다향오리,53900,food
1066813497,주원산오리 싸먹는 오리슬라이스 80g * 20팩,축산가공식품,오리훈제,,,주원산오리,49900,food
32824495,[보자기포장]궁육포 쇠고기 육포 선물세트 510g,축산가공식품,육포,,,코스트코,54900,food
1060423016,[온작] 이영자 소고기 통통육포 30g x 10팩,축산가공식품,육포,,,온작,27900,food
1092790261,소문난 맛집 오리지널 육포 & 치즈육포 & 매운육포 에디션3호 혼합 선물세트[오리지널 육포 20g * 4봉 + 매운육포 20G 4봉 +치즈육포 20G 4봉],축산가공식품,육포,,,일상미당,45000,food
1038040312,국내산 소고기 육포세트 5호 480g(80gx6팩),축산가공식품,육포,,,맛있는날,61400,food
10368062,[장흥축협] 한우육포 선물세트 40g*6봉/HACCP인증,축산가공식품,육포,,,푸르젠,59900,food
1103611092,[TV홈쇼핑상품] 한국민속촌 한돈 앞다리 순살 족발 150g x 4팩,축산가공식품,족발,,,한국민속촌,19900,food
1104638590,"냉장 수비드 통족발 앞다리살 마스터족발 1,200g이상",축산가공식품,족발,,,욜로부로,15900,food
1129372488,[한원관] 순살 족발 300g x 3팩 (슬라이스),축산가공식품,족발,,,한원푸드,21900,food
1053614067,다향 순살족발 150g 6팩 + 미니족 230g 2팩,축산가공식품,족발,,,다향,36900,food
1125349468,푸디헤븐 잡내없이 쫄깃한 꾸지뽕 순살 족발 350g,축산가공식품,족발,,,푸디헤븐,8900,food
1038116516,육즙가득한 쟌슨빌 소시지 360g 3종 1팩 택1,축산가공식품,햄/소시지,,,쟌슨빌,13900,food
1007588609,[동원xGS] 통그릴 비엔나 1kg x2봉,축산가공식품,햄/소시지,,,동원에프앤비,21900,food
1080143865,한성기업 비엔나 소세지 1kg,축산가공식품,햄/소시지,,,한성기업,10750,food
1114697572,[씨제이] 백설 정말맛있는소시지 160g,축산가공식품,햄/소시지,,,현대백화점식품,1360,food
54484889,[한우와 한돈으로 만든]정통독일식 수제햄선물세트 2호,축산가공식품,햄/소시지,,,참다올,71000,food
1071834436,[GS ONLY] 헬로바이오 유기농 NFC 레몬즙 100 14포 6+1박스 (총 98포),건강즙/분말/환,기타즙,,,헬로바이오,27900,food
1083510719,[100% NFC 착즙] 보넬드 아이엠 당근 주스 즙 1L 2개,건강즙/분말/환,기타즙,,,보넬드,17900,food
1030308369,"[본사직영] 뉴케어 구수한맛 순 200mlx24팩 , 2박스",건강즙/분말/환,기타즙,,,대상웰라이프,93800,food
1083510760,[100% NFC 착즙] 보넬드 아이엠 당근 주스 즙 1L 7개,건강즙/분말/환,기타즙,,,보넬드,59900,food
1130995123,[GS단독] 보뚜 하스카프베리 NFC 착즙액 100% 14포 5+1박스 (총84포),건강즙/분말/환,기타즙,,,보뚜,35900,food
1069333817,천양삼 쌍화 약도라지배 진액스틱 15g x 100포 2개,건강즙/분말/환,배/도라지즙,,,천양삼,38390,food
1132482272,김종철 홍천약도라지청 떠먹는 국산 도라지청 100g 8병,건강즙/분말/환,배/도라지즙,,,산촌마을,59900,food
1132121114,김종철 홍천약도라지청 떠먹는 국산 도라지청 100g 8병,건강즙/분말/환,배/도라지즙,,,산촌마을,60900,food
1069333804,천양삼 쌍화 약도라지배 진액스틱 15g x 100포,건강즙/분말/환,배/도라지즙,,,천양삼,19900,food
1103095977,이보은의 국내산 도라지 생강청 580g * 5병,건강즙/분말/환,배/도라지즙,,,이보은,35910,food
1116934982,데이즈온 그린아세로라C 2박스,건강즙/분말/환,분말/환,,,데이즈온,33000,food
1135844585,[GS단독] (총150포)내츄럴플러스 파이토 그린 아세로라 C 9+1 총 10박스+보틀 / 분말 스틱,건강즙/분말/환,분말/환,,,내츄럴플러스,76900,food
1129879474,[웰리트]HACCP인증 파라다이스 그레인 그린밸런스 올인원 60정 X 3박스(180정)_파라다이스그레인버닝,건강즙/분말/환,분말/환,,,토종마을,34900,food
1121850038,[GS단독]내츄럴플러스 하스카프 베리 100 동결건조 분말 14포x6박스+레몬자몽즙 1박스+보틀 / 유기농,건강즙/분말/환,분말/환,,,내츄럴플러스,68720,food
1063428497,하루애 1생식 스페셜 30g x 28포 x 4박스 (16주분),건강즙/분말/환,분말/환,,,자연채움,112800,food
55114623,[300달톤] GNM 이성경 석류 콜라겐 젤리 스틱 5박스(총 75포),건강즙/분말/환,석류즙,,,GNM자연의품격,42420,food
18241746,[올즙] 올바른 석류즙 100포(실속포장),건강즙/분말/환,석류즙,,,올즙,39900,food
17203234,[추석선물][이성경 석류즙] GNM자연의품격 품격있는 석류즙 4박스 (총 120포),건강즙/분말/환,석류즙,,,GNM자연의품격,50070,food
92581687,미녀들의시크릿 빨강석류 석류즙 6박스(총 126포) 석류농축액 석류콜라겐,건강즙/분말/환,석류즙,,,에이치엘사이언스,49000,food
56520153,[참앤들] NFC착즙 원액100% 석류즙 70ml x 100포(알뜰포장),건강즙/분말/환,석류즙,,,참앤들황토농원,35900,food
12576148,[추석선물]GNM자연의품격 유기농 양배추브로콜리진액 4박스 (총 120포),건강즙/분말/환,양배추즙,,,GNM자연의품격,56020,food
59848519,HACCP인증 행복한 양배추즙 100포,건강즙/분말/환,양배추즙,,,행복한밥상,28900,food
32060035,GNM자연의품격 100% 국산 유기농 양배추즙 4박스 (총 120포),건강즙/분말/환,양배추즙,,,GNM자연의품격,56020,food
29738503,GNM자연의품격 유기농 양배추즙 브로콜리진액 100포 실속구성,건강즙/분말/환,양배추즙,,,GNM자연의품격,49800,food
1089298674,루트인 양배추 크런치 1박스(30포),건강즙/분말/환,양배추즙,,,루트인,48000,food
1096853879,자연식품 시즌2 2026년 무안 자색 햇 양파즙국내산 총120팩,건강즙/분말/환,양파/마늘즙,,,자연식품,40900,food
16492124,[추석선물]GNM자연의품격 의성 흑마늘 진액 4박스 (총 120포)/국산 흑마늘즙,건강즙/분말/환,양파/마늘즙,,,GNM자연의품격,91050,food
1068129356,[천호엔케어] (쇼핑백2장) 진흑마늘 70ml 30팩 x 2박스,건강즙/분말/환,양파/마늘즙,,,천호엔케어,29900,food
53901400,HACCP인증  100% 무안 자색양파즙 100포,건강즙/분말/환,양파/마늘즙,,,행복한밥상,38900,food
30589388,[천호엔케어]  (쇼핑백2장) 흑마늘 진액 프리미엄 80ml 30팩 2박스,건강즙/분말/환,양파/마늘즙,,,천호엔케어,108200,food
1069252018,이경제 흑염소 진액 진 70ml 60포 (2박스),건강즙/분말/환,흑염소진액,,,이경제원장의 건강보감,83900,food
1069252022,이경제 흑염소 진액 진 70ml 90포 (3박스),건강즙/분말/환,흑염소진액,,,이경제원장의 건강보감,124900,food
1079182511,김소형원방 장어담은 흑염소 진액 (70ml x 30포) 2박스,건강즙/분말/환,흑염소진액,,,김소형원방,32900,food
1087066575,이경제 흑염소진액 진 8박스 240포,건강즙/분말/환,흑염소진액,,,래오 이경제,328000,food
1049220733,김소형 유황먹인 방목형 국내산 흑염소진액 30포 x 1박스,건강즙/분말/환,흑염소진액,,,메디트리,19800,food
69187672,[CJ공식] 팻다운 파워번 마스터 가르시니아 다이어트 10병 6박스,다이어트,가르시니아,,,리턴업,53760,food
1059751631,김오곤원장의 한방(OnePunch) 다이어트 환 2박스(4주분) 차전자피 식이섬유,다이어트,가르시니아,,,김오곤원장,39900,food
1059751619,[레자몽 추가증정] 김오곤원장의 한방(OnePunch) 다이어트 환 4박스(8주분) 차전자피 식이섬유,다이어트,가르시니아,,,김오곤원장,79900,food
1050518452,오늘부터 슬림카페 PRO 다이어트커피 방탄커피 가르시니아 (120포),다이어트,가르시니아,,,오늘부터,26000,food
3725521,종근당건강 가르시니아 다이어트 HCA 2병(16주분) 캄보지아 체지방 감소,다이어트,가르시니아,,,종근당,44500,food
1116981176,데이즈온 파라다이스그레인 버닝 데일리 루틴 2박스,다이어트,기타다이어트,,,데이즈온,49000,food
1117441621,데이즈온 파라다이스그레인 버닝 데일리 루틴 3박스,다이어트,기타다이어트,,,데이즈온,69000,food
1133334796,"[9/18하루특가 2박스 9,900원]뉴트리너스 데일리 샐러드 식이섬유정 (600mg x 60정) 2박스",다이어트,기타다이어트,,,뉴트리너스,15900,food
1111768758,데이즈온 파라다이스 그레인 버닝 3박스(6주분),다이어트,기타다이어트,,,데이즈온,179000,food
1069476771,이롬 황성주 1일1생식 라이프밀 4박스(30g x 56포),다이어트,기타다이어트,,,이롬,168000,food
1124121326,"[GS 단독] 클라리온 Plus  혈당컷 다이어트 100정(100일분) 외 9종(코큐텐, rTG 오메가3, 유기농 올리브오일 등)",다이어트,녹차추출물,,,클라리온,13410,food
1116566212,[GS단독] 클라리온 Plus 혈당컷 다이어트 100정 1박스 (100일분),다이어트,녹차추출물,,,클라리온,13410,food
1014296588,[푸드올로지] 콜레올로지 컷 프로 30일분/서현 빨간통 다이어트 카테킨 녹차추출물,다이어트,녹차추출물,,,푸드올로지,35900,food
1102765904,뉴온 시서스 필 다이어트 6박스,다이어트,시서스추출물,,,뉴온,299000,food
1066629608,[푸드올로지] 버닝올로지 올인원 30일분/신봉선 시서스 다이어트,다이어트,시서스추출물,,,푸드올로지,98800,food
57921743,[6박스/12주분] 비비랩 시서스 원 다이어트 체지방감소도움,다이어트,시서스추출물,,,비비랩,169200,food
1104407897,뉴온 시서스 필 다이어트 2박스,다이어트,시서스추출물,,,뉴온,119800,food
1005123196,[TV]뉴온 시서스 필 다이어트 24주,다이어트,시서스추출물,,,뉴온,299000,food
1104577423,골드카무트효소 11박스+파로 5봉,다이어트,효소,,,그레인온,182000,food
1133264911,그레인온 골드파로효소 캡슐레이션 12박스+유기농 파로 저당 뻥튀기 5봉,다이어트,효소,,,그레인온,209000,food
1075808736,[GS 단독] 100만 역가  프리미엄 카무트 효소 with 카무트 브랜드 밀 30포 6박스+1박스,다이어트,효소,,,헬로바이오,51900,food
1133265155,그레인온 골드카무트효소 6박스+골드카무트효소G 1박스,다이어트,효소,,,그레인온,89900,food
1038265944,카무트 골드 카무트효소 3박스,다이어트,효소,,,그레인온,53900,food
1102602493,이롬 황성주 1일1생식 라이프밀 6박스(30g x 84포) + 대양귀리20입 + 흔들컵,단백질/균형영양식,균형영양식/당뇨식,,,이롬,238000,food
1006515320,일동후디스 하이뮨 프로틴 밸런스 304g*10캔 (보틀 증정),단백질/균형영양식,단백질,,,일동후디스,180000,food
1010374606,일동후디스 하이뮨 프로틴 밸런스 304g*4캔 (보틀 증정),단백질/균형영양식,단백질,,,일동후디스,76000,food
91388145,일동후디스 하이뮨 프로틴 밸런스 스틱 (19g*10포) 10박스,단백질/균형영양식,단백질,,,일동후디스,89600,food
92364952,GNM 초유 산양유 단백질 프로틴 분말 스틱 6박스 총 180포,단백질/균형영양식,단백질,,,GNM자연의품격,52620,food
1033692386,셀렉스 프로틴 고소한맛 304g 6캔(48일분)+텀블러+쇼핑백 증정,단백질/균형영양식,단백질,,,셀렉스,96630,food
1125356093,호정가 하루단백질바 (20개입) / 맛있는 에너지 견과가득 프로틴바,단백질/균형영양식,바/간식류/기타,,,호정가,16900,food
1103485366,뉴케어 한입영양 당플랜 안심바 18입,단백질/균형영양식,바/간식류/기타,,,대상 웰라이프,16000,food
1032693508,코스트코 오리온 프로틴바 미니 594g_44개입,단백질/균형영양식,바/간식류/기타,,,코스트코,16900,food
1117794445,이롬황성주 프로틴바 그레인 1박스 (30g x 10개),단백질/균형영양식,바/간식류/기타,,,이롬황성주,20900,food
1030096808,코스트코 닥터유 미니 단백질바 594g (13.5g x 44개) 프로틴바,단백질/균형영양식,바/간식류/기타,,,해핑몰,15900,food
1122262166,여에스더 리포좀 글루타치온 다이렉트 울트라12x 12박스 (26년 최신상),비타민/미네랄,기타미네랄,,,에스더포뮬러,394000,food
1122001563,여에스더 리포좀 글루타치온 다이렉트 울트라12x 12박스 (26년 최신상),비타민/미네랄,기타미네랄,,,에스더포뮬러,394000,food
1122003157,여에스더 리포좀 글루타치온 다이렉트 울트라12x 6박스 (26년 최신상),비타민/미네랄,기타미네랄,,,에스더포뮬러,259000,food
1122505481,[GS 단독특가] 젠제네틱스 포타슘 칼륨 (20ea) 12박스,비타민/미네랄,기타미네랄,,,젠제네틱스,270000,food
1129267255,[GS단독구성] 퍼니트 리얼 그린 아세로라 비타민C 14포 x 7박스 (98포),비타민/미네랄,기타비타민,,,퍼니트,56900,food
19197805,고려은단 비타민C 1000 600정 + 종이쇼핑백,비타민/미네랄,기타비타민,,,고려은단,49900,food
1134624177,하루틴 리포좀 비타민C 프로 8+2박스+비타민C 스틱 2박스,비타민/미네랄,기타비타민,,,하루틴,200000,food
1110920736,하루틴 리포좀 비타민C (30정/6박스),비타민/미네랄,기타비타민,,,하루틴,63900,food
1133681039,대웅생명과학 마시는 젖산 마그네슘 액상 9박스 126병,비타민/미네랄,마그네슘,,,대웅생명과학,237000,food
1133681047,대웅생명과학 마시는 젖산 마그네슘 액상 4박스 56병,비타민/미네랄,마그네슘,,,대웅생명과학,109000,food
1090958044,세노비스 마그네슘 (90정/90일분) x 2개,비타민/미네랄,마그네슘,,,세노비스,37500,food
1132851207,[9/22 13시 배송마감]자연관 이뮨 멀티비타민 4입 5+3박스(총 32입) 외 2종,비타민/미네랄,멀티비타민,,,자연관,40000,food
1105954494,[1개월분] 대웅제약 임팩타뮨 멀티비타민 1박스 (30정) / 비타민 피로회복,비타민/미네랄,멀티비타민,,,대웅제약,16900,food
1127292435,[국민 피로회복제] 대웅제약 우루샷 이브 20정 / 비타민B 멀티비타민,비타민/미네랄,멀티비타민,,,대웅제약,15900,food
1025115352,[4개월분+10일치+쇼핑백][조정석 종합비타민+밀크씨슬+루테인+알티지오메가3] GNM 올인원 뉴트리션 멀티비타민 4박스 / 비오틴 비타민BCD 아연 마그네슘,비타민/미네랄,멀티비타민,,,GNM자연의품격,141020,food
1104557106,"메디타민 비타민B 컴플렉스 고함량 무첨가 엽산 비오틴 판토텐산 나이아신 300mg, 3개",비타민/미네랄,엽산,,,메디타민,38500,food
1013291014,닥터프로그램 임신선물 엽산 마더스케어 올인원플러스1단계2box,비타민/미네랄,엽산,,,닥터프로그램,123000,food
1131889273,"판토모나 비오틴 하이퍼포머 - 판토텐산 비타민B 아연 셀렌 크롬 엽산 240정, 3개",비타민/미네랄,엽산,,,판토모나,167700,food
66991183,일양약품 프라임 철분 엽산 비타민D 90정 1박스(3개월) / 비타민B12,비타민/미네랄,엽산,,,일양약품,10900,food
29385966,종근당 칼슘 앤 마그네슘 비타민D 아연 180정 1병(3개월분),비타민/미네랄,칼슘,,,종근당,16900,food
1136349187,[닥터린] 액상 젖산마그네슘 스피드 샷 30ml x 5박스 (총 50병),비타민/미네랄,칼슘,,,닥터린,104900,food
92152893,GNM 어골칼슘 마그네슘 아연 비타민D 4박스 / 망간,비타민/미네랄,칼슘,,,GNM자연의품격,46670,food
1113057505,[8/31-9/27][뉴트리코어] 관절엔 DEM 디이엠 프리미엄 4+1개+쇼핑백 증정,뼈/관절/연골,글루코사민/초록입홍합/MSM,,,뉴트리코어,307500,food
1134254162,고려은단 관절 올케어 콘드로이친 MSM NAG 30포 X 3개,뼈/관절/연골,글루코사민/초록입홍합/MSM,,,고려은단헬스케어,168900,food
61966960,GNM 관절 연골 뼈건강엔 MSM 비타민D 비타민K2 60정 X 2병,뼈/관절/연골,글루코사민/초록입홍합/MSM,,,GNM자연의품격,20320,food
1073792652,관절연골엔 우슬조인트100 프리미엄 4박스 (4개월분) 우슬등복합물,뼈/관절/연골,기타뼈/관절/연골,,,에이치엘사이언스,175000,food
1128328579,고려은단 관절 올케어 콘드로이친 MSM NAG 30포 X 2개,뼈/관절/연골,콘드로이친/보스웰리아/엠비피,,,고려은단헬스케어,112800,food
1041748896,[종합비타민 30일분 증정]GNM 관절 연골엔 콘드로이친 뮤코다당단백 1500 4박스 / 소연골,뼈/관절/연골,콘드로이친/보스웰리아/엠비피,,,GNM자연의품격,56020,food
1122506109,[GS단독]내츄럴플러스 파라다이스 그레인 데일리 버닝 30정 9박스,영양제,기타영양제,,,내츄럴플러스,81900,food
1119676522,파라다이스 그레인 버닝 20배 농축 6파라돌 식약처인증 60정 1+1병(120정) +비타씨,영양제,기타영양제,,,건강머금,36370,food
1101654391,[9/21-27 증정][GS단독][닥터린] 하이퍼셀 대마종자유 알파 x 10박스+쇼핑백,영양제,기타영양제,,,닥터린,167900,food
1101181053,[GS단독]GNM 식물성 멜라토닌 5mg 마그네슘 테아닌 5박스 + 포스파티딜세린 1박스 증정,영양제,락티움/테아닌/감태추출물,,,GNM자연의품격,73870,food
1055883925,식물성 멜라토닌 함유 여에스더 멜라나인 플러스 5개,영양제,락티움/테아닌/감태추출물,,,에스더포뮬러,59400,food
1101181018,[멜라토닌+마그네슘+테아닌+트립토판] GNM 식물성 멜라토닌 5mg 1박스(1개월분),영양제,락티움/테아닌/감태추출물,,,GNM자연의품격,19800,food
1045773274,[본사직영] 셀렉스 테아닌 1병 [400mg x 60정],영양제,락티움/테아닌/감태추출물,,,셀렉스,19440,food
1085766939,도쿄메타 굿나잇 식물성 멜라토닌 5mg 60정 고함량 가바 테아닌 허브3종 타트체리 추출물 세로토닌 멜라토닌,영양제,락티움/테아닌/감태추출물,,,도쿄메타,21900,food
1013102250,[GS단독상품] 안국건강 아이원 루테인지아잔틴 미니 90캡슐 1박스 (3개월분),영양제,루테인/아스타잔틴,,,안국건강,18900,food
1094990587,[GS단독상품] 안국건강 루테인 리포좀C 1박스 (2개월분),영양제,루테인/아스타잔틴,,,안국건강,11900,food
1134259460,안국건강 아이원30 루테인지아잔틴 아스타잔틴3012 30캡슐 3박스 (3개월분)+쇼핑백,영양제,루테인/아스타잔틴,,,안국건강,77000,food
34177895,[GS 단독특가] 프롬바이오 위건강엔 매스틱 30포x2박스,영양제,매스틱/그린세라,,,프롬바이오,216000,food
1081157457,뉴트리너스 올바른 매스틱 유산균 (600mg x 90정) 3개월분,영양제,매스틱/그린세라,,,뉴트리너스,19900,food
1134624163,[프롬바이오] 위엔 매스틱 12주,영양제,매스틱/그린세라,,,프롬바이오,399000,food
1129806412,프롬바이오 위건강엔 매스틱 30포x3박스/3개월,영양제,매스틱/그린세라,,,프롬바이오,270000,food
34178194,[단독특가] 위건강엔 매스틱 30포*4박스/4개월,영양제,매스틱/그린세라,,,프롬바이오,431000,food
18559942,GNM 조정석 건강한 간 밀크씨슬 6박스/간건강 실리마린,영양제,밀크씨슬,,,GNM자연의품격,30520,food
24038407,[GS단독상품] 종근당 간 건강 슈퍼케어 밀크씨슬 6박스+비타C1000구미 포도맛 2봉+내츄럴플러스 레몬자몽즙 1박스,영양제,밀크씨슬,,,종근당,35900,food
1026429258,[닥터린] 초임계 쏘팔메토 옥타코사놀 아연 x 3박스,영양제,쏘팔메토,,,닥터린,57700,food
1104286060,[블랙모어스] 호주 NO.1 프리미엄 프로폴리스 60캡슐 2병 (2개월분) 외 8종,영양제,아연/프로폴리스,,,블랙모어스,31900,food
1102823061,[26년 추석 선물세트] 프로폴리스 M호,영양제,아연/프로폴리스,,,페리오,23210,food
1002775067,[뉴트리코어] 면역&그린 프로폴리스 4+1박스,영양제,아연/프로폴리스,,,뉴트리코어,113500,food
1116433419,[GS단독상품]내츄럴플러스 두뇌 인지력 포스파티딜세린 PS 300 분말 10+1 총 11박스+쇼핑백(대),영양제,포스파티딜세린/징코,,,내츄럴플러스,77270,food
1116433456,[GS단독상품]내츄럴플러스 두뇌 인지력 포스파티딜세린 PS 300 분말 6+1 총7박스+쇼핑백(소),영양제,포스파티딜세린/징코,,,내츄럴플러스,50920,food
1053258277,여에스더 포스파티딜세린 5개,영양제,포스파티딜세린/징코,,,에스더포뮬러,107250,food
1135044662,닥터파이토 덴티백 PRO 구강유산균 M18 14박스,유산균,기타유산균,,,Dr.Phyto,286200,food
1075808742,[GS단독]덴마크 프리미엄 구강유산균 자일리톨 프레시 30정 3박스,유산균,기타유산균,,,헬로바이오,21900,food
1075808737,덴마크 프리미엄 구강유산균 자일리톨 프레시 30정 6박스,유산균,기타유산균,,,헬로바이오,39900,food
1051605137,여에스더 유산균 덴탈 Pro (구강유산균) 5개,유산균,기타유산균,,,에스더포뮬러,59400,food
1129265997,닥터파이토 덴티백 PRO 구강유산균 M18 14병 (7병x2박스),유산균,기타유산균,,,Dr.Phyto,318000,food
1061229467,비에날씬 프로 다이어트 유산균(3박스),유산균,멀티기능성,,,BNR17 유산균 비에날씬,198000,food
59006743,비에날씬 다이어트 BNR17 모유유래 유산균 12주(3박스),유산균,멀티기능성,,,BNR17 유산균 비에날씬,198000,food
1061229354,비에날씬 프로 다이어트 유산균(6박스),유산균,멀티기능성,,,BNR17 유산균 비에날씬,376000,food
67058129,비에날씬 다이어트 모유유래 유산균 24주(6박스),유산균,멀티기능성,,,BNR17 유산균 비에날씬,376000,food
1034626901,[서울약사신협]락토온 프로바이오틱스 생유산균 골드 120포 1+1,유산균,장건강,,,서울약사신협,27700,food
1133096433,[증정행사] 락토핏 골드 140포 2통+코어맥스 30일분+쇼핑백 2개,유산균,장건강,,,종근당건강,59000,food
1115051935,"[GS단독상품] 종근당 벤비티 리포좀 글루타치온 코어 375mg 30매, 4개 + 비타민B구미 1봉 증정 (+쇼핑백 소)",이너뷰티,글루타치온/엘라스틴,,,종근당,71900,food
1062966581,내츄럴플러스 리포좀 글루타치온 필름 30매 5박스+쇼핑백(소) / 고순도 90%,이너뷰티,글루타치온/엘라스틴,,,내츄럴플러스,75120,food
1079238196,[9/21-27 증정][닥터린] 하이퍼셀 리포좀 글루타치온 맥스 30매 x 5박스+쇼핑백,이너뷰티,글루타치온/엘라스틴,,,닥터린,113500,food
1097458787,[GS ONLY] 푸드올로지 마인드풀 지중해 올리브오일 캡슐 120일분 + 애사비 클렌즈샷 유자맛 10포 + 쇼핑백 증정,이너뷰티,기타이너뷰티,,,푸드올로지,115900,food
1099569337,뉴트리너스 알파CD 원데이 제로컷 (3g x 14포) 12박스,이너뷰티,기타이너뷰티,,,뉴트리너스,39900,food
69085446,[CJ공식] 이너비 아쿠아리치 히알루론산 맥스1박스/1개월분,이너뷰티,기타이너뷰티,,,리턴업,21520,food
1134819770,라비앙 화이트콜라겐 2박스+ 콜라겐미스트1개,이너뷰티,콜라겐,,,라비앙,168000,food
1133081119,라이필 더마콜라겐 시그니처RN 초저분자 어린콜라겐 4병 + 와인비니거 4박스,이너뷰티,콜라겐,,,라이필,129000,food
1134816072,라비앙 화이트콜라겐 1박스+ 콜라겐미스트1개,이너뷰티,콜라겐,,,라비앙,98000,food
1070756736,레이델 폴리코사놀5 12박스 (총360정),혈행/혈당,기타혈행/혈당,,,레인보우,369900,food
1027738667,레이델 폴리코사놀5 6박스 (총180정),혈행/혈당,기타혈행/혈당,,,레인보우,217550,food
1124294554,레이델 폴리코사놀5 12박스 (총360정),혈행/혈당,기타혈행/혈당,,,레인보우,421000,food
60188142,[레이델] 폴리코사놀5 (30정) X 3,혈행/혈당,기타혈행/혈당,,,레이델,132000,food
67435975,[레이델] 폴리코사놀20 (30정) X 5,혈행/혈당,기타혈행/혈당,,,레이델,505690,food
1106562288,[GS단독조건]프로메가 알티지오메가3 비타민D 12박스,혈행/혈당,오메가3,,,종근당건강,104800,food
1070273157,[9/21-27 증정][GS단독][닥터린] 송중기 초임계 알티지 오메가3 x 12+2박스+쇼핑백,혈행/혈당,오메가3,,,닥터린,113900,food
53754524,[증정행사] 프로메가 알티지 오메가3 듀얼S 5박스+골드 30일분+쇼핑백 1개,혈행/혈당,오메가3,,,종근당건강,59500,food
1069129589,[닥터린] 하이퍼셀 알티지(rTG) 오메가3 알파 x 5박스,혈행/혈당,오메가3,,,닥터린,69900,food
28944229,[증정행사] 프로메가 오메가3 트리플 6박스+골드 30일분+쇼핑백 1개,혈행/혈당,오메가3,,,종근당건강,77400,food
1041907289,GNM 혈당 혈압 기억력엔 바나바잎 코큐텐 징코 6박스,혈행/혈당,키토올리고당/바나바,,,GNM자연의품격,58570,food
1041627238,안국건강 혈당케어 바나바 60정 1박스 (2개월분),혈행/혈당,키토올리고당/바나바,,,안국건강,13900,food
1116433615,"종근당 혈행건강 프로젝트365 올인원 블러드 케어 바나바잎 60캡슐, 2개 (+쇼핑백 소)",혈행/혈당,키토올리고당/바나바,,,종근당,57800,food
1057812728,정관장 에브리타임 오리지널 10ml x 30포 x 2박스 x 쇼핑백2장,홍삼/인삼/녹용,기타홍삼,,,정관장,214000,food
61699479,정관장 홍삼진건 40ml x 30포 선물세트,홍삼/인삼/녹용,기타홍삼,,,정관장,52900,food
61794555,정관장 홍삼진건 40ml x 30포 선물세트 3박스,홍삼/인삼/녹용,기타홍삼,,,정관장,149900,food
1061890092,정관장 홍삼천국 홍삼파우치 6+3박스(270포),홍삼/인삼/녹용,기타홍삼,,,정관장홍삼천국,359000,food
51053566,[정관장](new)홍삼톤 50mlx60포/1박스,홍삼/인삼/녹용,기타홍삼,,,정관장,156000,food
1085743388,래오이경제 녹용스틱100 실속형 10g*100포 1박스 + 쇼핑백 증정,홍삼/인삼/녹용,녹용,,,래오이경제,40000,food
1081903807,광동 발효녹용 녹용보감환 골드 2박스 20환,홍삼/인삼/녹용,녹용,,,광동,629000,food
1075811848,NZMA 녹용 마누카꿀 UMF 15+ (250g X 3병),홍삼/인삼/녹용,녹용,,,NZMA,284050,food
1047978187,광동제약 녹용단 3세트 (3.75g x 30환) + 쇼핑백 명절선물,홍삼/인삼/녹용,녹용,,,보의당,149000,food
1021332879,더진한 김오곤 녹용산삼배양근골드 5개월분+침향환10환,홍삼/인삼/녹용,녹용,,,김오곤원장,158000,food
1100957722,[정관장]에브리타임 샷 20ml x 20병 3박스 (60일분),홍삼/인삼/녹용,인삼/수삼,,,정관장,150000,food
1100957713,[정관장]활기단 3.75g x 10환 3박스 (30일분),홍삼/인삼/녹용,인삼/수삼,,,정관장,90000,food
1111721483,[정관장]에브리타임 샷 20ml x 20병 (20일분),홍삼/인삼/녹용,인삼/수삼,,,정관장,51000,food
28736708,풍기인삼 6년근 750g 원수삼(8~9뿌리),홍삼/인삼/녹용,인삼/수삼,,,기타브랜드,79800,food
91089510,바른삼연구소 산양삼 산양산삼 장뇌삼 산삼 10년 5뿌리 선물포장,홍삼/인삼/녹용,인삼/수삼,,,바른삼연구소,242000,food
1050669387,[9/22 13시 배송마감][추석 선물]려원담 6년근 홍삼정 에버타임 스탠다드 홍삼 스틱 100포 (원통) 1박스(+감사카드),홍삼/인삼/녹용,홍삼스틱,,,려원담,42800,food
1022092303,정관장 홍삼진고 데일리스틱 홍삼스틱 6+2박스(160포),홍삼/인삼/녹용,홍삼스틱,,,정관장홍삼진고,288800,food
1052316152,[농협홍삼] 한삼인 홍삼진 굿데이스틱 10ml 100포+쇼핑백,홍삼/인삼/녹용,홍삼스틱,,,한삼인,40500,food
65533082,순수식품 6년근 홍삼 진액 에브리데이365 100포x1박스 실속형 홍삼정 홍삼스틱 선물세트,홍삼/인삼/녹용,홍삼스틱,,,순수식품,35900,food
1022092690,정관장 홍삼진고 데일리스틱 홍삼스틱 1박스(총 20포),홍삼/인삼/녹용,홍삼스틱,,,정관장홍삼진고,56000,food
1057795583,정관장 에브리타임 오리지널 10ml x 30포 X 1박스 x 쇼핑백1장,홍삼/인삼/녹용,홍삼정/홍삼즙,,,정관장,107000,food
1057775161,정관장 홍삼진고 (250g x 2병)/1박스+쇼핑백1장,홍삼/인삼/녹용,홍삼정/홍삼즙,,,정관장,118800,food
1017744936,[정관장] 에브리타임 리미티드 10ml*30포 1박스,홍삼/인삼/녹용,홍삼정/홍삼즙,,,정관장,139000,food
1076601518,[정관장][정관장]활기력(20ml30병),홍삼/인삼/녹용,홍삼정/홍삼즙,,,정관장,69700,food
1135887486,밀가루없는 담백 고구마 전병 X 4박스,간식/과자,전통과자/한과,전병,,호랭이식당,14900,food
33703703,[장터할매] 옛날전병 센베이 1kg 2박스,간식/과자,전통과자/한과,전병,,농부마음,15900,food
20216712,[한옥마을한과]전병선물세트,간식/과자,전통과자/한과,전병,,한옥마을한과,18890,food
1028201524,[장터할매] 옛날전병 센베이 1kg 종합전병,간식/과자,전통과자/한과,전병,,농부마음,8900,food
1094425193,[마녀바스켓] 바삭달콤 국산 수제 찹쌀유과 250g(5종 모둠) x2팩,간식/과자,전통과자/한과,한과,,TODAM,12900,food
1103617954,호정가 찹쌀약과세트 1KG / 달콤한 전통과자세트,간식/과자,전통과자/한과,한과,,호정가,11900,food
1033219055,[꿀이구마] NEW 호박 찹쌀 약과 30개,간식/과자,전통과자/한과,한과,,꿀이구마,9800,food
1103618280,호정가 흑임자약과 1KG / 고소한 검은깨의 중독되는 맛,간식/과자,전통과자/한과,한과,,호정가,12900,food
1133394205,명절 한과 대용량 구기자 전통 유과 1kg (못난이),간식/과자,전통과자/한과,한과,,호랭이식당,17900,food
1092987594,수예당 꽃담 3호(+쇼핑백),간식/과자,전통과자/한과,화과자,,수예당,50000,food
1017038174,[작심밀도]다과한상 화과자세트 2호 / 30입,간식/과자,전통과자/한과,화과자,,호도원,39900,food
5563306,[수예당]화과자만주 3호(쇼핑백증정+띠지),간식/과자,전통과자/한과,화과자,,수예당,56900,food
1017038176,[작심밀도]다과한상 화과자세트 1호 / 20입,간식/과자,전통과자/한과,화과자,,호도원,27900,food
1092987601,수예당 꽃담 2호(+쇼핑백),간식/과자,전통과자/한과,화과자,,수예당,36600,food
1125701958,롯데 자일리톨 껌 알파 오리지날 리필 102g x 2개,간식/과자,캔디/초콜릿/껌,껌,,롯데제과,10890,food
1092206145,코스트코 롯데 자일리톨껌 용기+리필 세트 448g(348g + 100g),간식/과자,캔디/초콜릿/껌,껌,,해핑몰,15390,food
1029410584,롯데제과 자일리톨 껌 알파 용기1개86g+리필1개102g,간식/과자,캔디/초콜릿/껌,껌,,롯데제과,11500,food
1092790335,롯데웰푸드 자일리톨 오리지날 231g 리필,간식/과자,캔디/초콜릿/껌,껌,,기타브랜드,10500,food
1092790371,롯데웰푸드 자일리톨 알파 195g 리필 x 3봉,간식/과자,캔디/초콜릿/껌,껌,,기타브랜드,34900,food
30065586,[화과방] 오색양갱세트 45gx14개입(+쇼핑백) / 선물세트 간식 5가지맛 팥양갱,간식/과자,캔디/초콜릿/껌,사탕,,화과방,14900,food
27449618,[화과방] 큐빅양갱 30개입(+쇼핑백) / 간식 양갱 선물세트 명절 5가지맛,간식/과자,캔디/초콜릿/껌,사탕,,화과방,18900,food
29281746,[화과방] 지현양갱세트 3호 45gx24개입(+쇼핑백) / 선물세트 간식 명절,간식/과자,캔디/초콜릿/껌,사탕,,화과방,27900,food
1092133107,1 + 1 마요라 코피코 사탕 800g 코피코 카푸치노 커피 캔디 잠깨는 사탕,간식/과자,캔디/초콜릿/껌,사탕,,코피코,19000,food
90793878,16곡물 곤약쫀드기 5봉x10개(총50개입),간식/과자,캔디/초콜릿/껌,젤리,,푸르젠,9900,food
1092827475,이지앤프리 젤리핏 2종 균일가 모음,간식/과자,캔디/초콜릿/껌,젤리,,이지앤프리,10900,food
1047467621,애플 망고젤리 2kg (1kgx2개) 개별포장 디저트 간식,간식/과자,캔디/초콜릿/껌,젤리,,자연초,21900,food
1052476479,[무료배송] 무직타이거 호박 쫀드기 88g x 10개,간식/과자,캔디/초콜릿/껌,젤리,,양과자몰,10900,food
1082223548,대만 애플망고/딸기 젤리 60gX10입X2박스(총 20입),간식/과자,캔디/초콜릿/껌,젤리,,자연채움,14800,food
35809973,[산과들에] 다크초코아몬드볼 20봉 (초코볼간식),간식/과자,캔디/초콜릿/껌,초콜릿,,산과들에,13900,food
65467022,[특가] 허쉬 다크초콜릿 아사이앤드블루베리 35g x 5개,간식/과자,캔디/초콜릿/껌,초콜릿,,허쉬,7900,food
35810084,[산과들에] 다크초콜릿마카다미아 초코볼 20봉 (초코간식),간식/과자,캔디/초콜릿/껌,초콜릿,,산과들에,19900,food
34844411,[산과들에] 다크마카다미아 초코볼 20g x10봉 (초콜릿견과),간식/과자,캔디/초콜릿/껌,초콜릿,,산과들에,9900,food
1069125001,코스트코 부샤드 다크 초콜릿 나폴리테인 1300g 벨기에 초코렛,간식/과자,캔디/초콜릿/껌,초콜릿,,해핑몰,42900,food
1112819940,카라멜 호박엿 3kg,간식/과자,캔디/초콜릿/껌,캐러멜,,기타브랜드,32290,food
1046281991,[킹솔로몬]만수르의간식 프리미엄 대추야자 견과선물세트(30개),견과/건과,건과,건과세트,,킹솔로몬,59000,food
1042670476,마리아니 베리믹스 400g,견과/건과,건과,건과세트,,넛츠팜,8400,food
1046250008,[킹솔로몬]만수르의간식 메드쥴 대추야자 견과 선물세트(10개입,견과/건과,건과,건과세트,,킹솔로몬,25000,food
1127521300,[GS단독]푸룬 건자두 1.2kg(600g+600g) 캘리포니아 말린자두 푸룬자두,견과/건과,건과,건자두,,넛츠피아,14160,food
1108385922,[산과들에] 말랑쫄깃 푸룬 건자두 1kg (500g x2봉),견과/건과,건과,건자두,,산과들에,11900,food
34605806,[너트리] 씨를 뺀 건자두 1kg + 1kg 프룬,견과/건과,건과,건자두,,너트리,20500,food
1009887794,[테일러팜스 공식] 푸룬 건자두 250g x 5봉,견과/건과,건과,건자두,,테일러팜스,28280,food
92868396,푸룬 건자두 1kg + 1kg (총 2kg) 푸룬자두 말린자두,견과/건과,건과,건자두,,넛츠피아,22900,food
1057313725,서래푸드 건포도 1kg 캘리포니아,견과/건과,건과,건포도,,서래푸드,9900,food
1008124162,[산과들에] 달콤쫄깃 영양간식 원데이 요거트건포도 20g x30봉,견과/건과,건과,건포도,,산과들에,13900,food
1057313723,서래푸드 건청포도 1kg,견과/건과,건과,건포도,,서래푸드,13700,food
20917407,[산과들에] 미국산 건블루베리100gx2봉,견과/건과,건과,건포도,,산과들에,5900,food
94654843,[너트리] 요거트 건포도 500g 국내가공,견과/건과,건과,건포도,,너트리,11900,food
1047023412,[재고임박 특가] 건살구 1kg 건조살구 무설탕 건과일 말랭이,견과/건과,건과,기타건과,,넛츠피아,18900,food
1047024632,건무화과 1kg 건과일 무화과 말랭이,견과/건과,건과,기타건과,,넛츠피아,19900,food
1051159049,[커클랜드]냉동블루베리 2.27kg / 코스트코,견과/건과,건과,기타건과,,글로벌푸드,23700,food
1054623690,씨없는 대추야자 1kg 건대추야자,견과/건과,건과,기타건과,,넛츠피아,13900,food
1028614699,[무농약인증] 25년산 국내산 깐은행 중 1kg,견과/건과,건과,기타건과,,thesingsing,22900,food
30011038,썬하베스트 골든사바 바나나칩 100g 5봉,견과/건과,건과,바나나,,Tips,14900,food
34491438,필리핀 바나나칩 1kg 건바나나 말린바나나,견과/건과,건과,바나나,,넛츠피아,12900,food
1015426261,[산과들에] 구운 바나나칩 350g x 2봉 (총 700g) 과자 간식,견과/건과,건과,바나나,,산과들에,12900,food
67667675,[산과들에] 건블루베리500g (미국산 말린 건조 블루베리),견과/건과,건과,블루베리,,산과들에,16900,food
1108367006,TROO 동결건조 블루베리 15g*25팩,견과/건과,건과,블루베리,,TROO,69900,food
23678113,[딜라잇가든]냉동 블루베리(미국산)1kg,견과/건과,건과,블루베리,,딜라잇가든,11900,food
1031777034,코스트코 건블루베리 567g,견과/건과,건과,블루베리,,코스트코,26900,food
28583192,건블루베리 1kg 미국산 건과일,견과/건과,건과,블루베리,,넛츠피아,29900,food
1027923101,건크랜베리 루비 1kg 미국산 건조과일,견과/건과,건과,크랜베리,,넛츠피아,12900,food
34161028,[산과들에] 미국산 건크랜베리1kg (건조 크랜베리),견과/건과,건과,크랜베리,,산과들에,13900,food
1134436378,산과들에 하루견과 원데이발란스그린 30봉 견과명절선물세트,견과/건과,견과,견과세트,,산과들에,14900,food
1003560097,[산과들에] 다크초코아몬드 20봉+20봉 명절선물세트 (총 40봉),견과/건과,견과,견과세트,,산과들에,26900,food
1134440724,[산과들에] 고급하루견과 온넛츠 50봉선물세트+쇼핑백 (마카다미아 건블루베리 캐슈넛 등 고급구성),견과/건과,견과,견과세트,,산과들에,33900,food
36905228,[5+1]산과들에 하루견과 20봉 명절선물세트 (원데이발란스그린),견과/건과,견과,견과세트,,산과들에,10900,food
34015461,[산과들에] 명절선물세트 고급하루견과 원데이프리미엄 50봉 +쇼핑백 (어른선물),견과/건과,견과,견과세트,,산과들에,32900,food
1052153034,서래푸드 호박씨 1kg,견과/건과,견과,기타견과,,서래푸드,10900,food
1051076929,서래푸드 해바라기씨 1kg+1kg,견과/건과,견과,기타견과,,서래푸드,9500,food
1123517262,하루한콩 튀기지 않아 담백한 구운 파바빈 330g (15gx22봉)(군옥수수맛) 2박스,견과/건과,견과,기타견과,,두보식품,25800,food
1018450858,착한습관 카카오닙스 200g 1개,견과/건과,견과,기타견과,,착한습관,17500,food
37058022,카카오닙스 페루산 200g,견과/건과,견과,기타견과,,넛츠피아,10900,food
1116595819,"[국내배송] 해피넛 호주 직수입 까먹는 통 마카다미아 오리지널 225g, 3팩",견과/건과,견과,넛트류,,해피넛,19900,food
27313829,구운 통 캐슈넛 1kg 껍질캐슈넛 베트남견과류,견과/건과,견과,넛트류,,넛츠피아,18900,food
14622497,[산과들에] 26년산 햇 볶음 캐슈넛 400g+400g (총800g),견과/건과,견과,넛트류,,산과들에,18500,food
1116595829,"[국내배송] 해피넛 호주 직수입 까먹는 통 마카다미아 쏠티드 225g, 3팩",견과/건과,견과,넛트류,,해피넛,19900,food
14622549,[산과들에] 견과류 여왕 피칸 400g,견과/건과,견과,넛트류,,산과들에,15900,food
60595302,[산과들에] 고소한 25년산 햇 볶음땅콩 800g (간식 맥주안주),견과/건과,견과,땅콩,,산과들에,9500,food
1073598626,야스티 아르헨티나 코르도바산 하이올레익 땅콩 100% 순 땅콩버터 크런치 300g x 1개,견과/건과,견과,땅콩,,야스티,9900,food
1124819653,고래거너 미국산 구운땅콩 1kg 볶음땅콩,견과/건과,견과,땅콩,,고래거너,11900,food
10665028,[향맛뜰] 여주 볶음땅콩 1kg / 고소한 국내산 땅콩,견과/건과,견과,땅콩,,여주땅콩,28900,food
1026853895,국산 볶음땅콩 1kg,견과/건과,견과,땅콩,,넛츠피아,26900,food
1051204140,씨드믹스 1kg 씨앗 믹스 씨앗호떡 (호박씨+해바라기씨+아몬드 슬라이스),견과/건과,견과,믹스넛,,넛츠피아,11900,food
1029143151,[너트리] 무첨가 견과100% 프리미엄 믹스너트 750g,견과/건과,견과,믹스넛,,너트리,21900,food
1129317890,아몬드 가득담은 듬뿍아몬드 씨드믹스 1kg (호박씨+해바라기씨+아몬드 슬라이스),견과/건과,견과,믹스넛,,넛츠피아,14900,food
1057427798,[산과들에] 피칸담은 원데이 메이플넛츠 50봉 (고급견과간식),견과/건과,견과,믹스넛,,산과들에,31900,food
1107880312,그린너트 마이데이넛츠 20g 100입,견과/건과,견과,믹스넛,,그린너트,79900,food
1088483433,햇밤으로 만든 밤뜨래 우리나라 맛밤 50g x 20봉,견과/건과,견과,밤,,밤뜨래,41900,food
51337985,26년 햇 무농약 공주 정안밤 알밤 2kg(특품) 왕밤 농가직송,견과/건과,견과,밤,,푸드마인,24900,food
51337976,26년 햇 무농약 공주 정안밤 알밤 2kg(대품) 농가직송,견과/건과,견과,밤,,푸드마인,19900,food
51337958,26년 햇 무농약 공주 정안밤 알밤 특품 2kg+2kg 왕밤 농가직송,견과/건과,견과,밤,,푸드마인,44900,food
23426902,달콤한 칼집약단밤 2kg,견과/건과,견과,밤,,푸르젠,19900,food
34986339,[산과들에] 출고당일볶는 25년산 당일볶음아몬드 1kg (500g+500g) 햇아몬드,견과/건과,견과,아몬드,,산과들에,22900,food
1050251403,서래푸드 구운아몬드 500g+500g 25년산,견과/건과,견과,아몬드,,서래푸드,17500,food
1050251405,서래푸드 구운아몬드 1kg+1kg 캘리포니아 25년산,견과/건과,견과,아몬드,,서래푸드,31700,food
1050251399,서래푸드 구운아몬드 1kg 캘리포니아,견과/건과,견과,아몬드,,서래푸드,17900,food
34823263,[산과들에] 다크아몬드 초코볼 30봉 (초콜릿견과 간식),견과/건과,견과,아몬드,,산과들에,18900,food
1010264684,가을향기 국산 잣 가평잣 100g(봉지) 1등급 햇잣,견과/건과,견과,잣,,견과공장,21000,food
69197759,홍천 잣 선물세트(백잣) 100gx3,견과/건과,견과,잣,,친환경팔도,59500,food
1006489154,가평 햇 잣 선물세트(백잣2개+황잣1개),견과/건과,견과,잣,,친환경팔도,90000,food
1067298518,가평에서 보내드리는 명품 잣 선물세트(백잣2개+황잣1개),견과/건과,견과,잣,,3chon,86900,food
10452858,[홍천군산림조합] 좋은땅 맑은공기 홍천잣150g x 5병,견과/건과,견과,잣,,기타브랜드,148000,food
1041276700,서래푸드 생 피스타치오 1kg,견과/건과,견과,피스타치오,,서래푸드,20900,food
90097546,[산과들에] 볶음 피스타치오 400g+400g (총 800g),견과/건과,견과,피스타치오,,산과들에,28900,food
1041276724,서래푸드 탈각 피스타치오(무염) 1kg,견과/건과,견과,피스타치오,,서래푸드,44900,food
1008039935,KG 구운피스타치오 1kg,견과/건과,견과,피스타치오,,견과공장,32900,food
1029927338,블랙넛츠 피스타치오 25g x 25봉(1box),견과/건과,견과,피스타치오,,넛츠팜,31900,food
31979895,[산과들에] 브라질너트 하루견과 원데이프리미엄 100봉 [견과류간식 명절선물],견과/건과,견과,하루견과,,산과들에,56900,food
1122018153,"[산과들에] GS베스트하루견과 5종 50봉 혼합구성 (원데이프리미엄,순수가온,다움,발란스그린,뷰티풀)",견과/건과,견과,하루견과,,산과들에,29900,food
55738994,[산과들에] 피칸담은 하루견과 순수다움 100봉 (고급견과류간식 명절선물),견과/건과,견과,하루견과,,산과들에,53500,food
1067096276,하루견과 골든 하루견과 시그니처 25gx100봉,견과/건과,견과,하루견과,,하루견과,95900,food
31988154,[산과들에] 오직견과 하루견과 순수가온 100봉 [견과류간식 명절선물],견과/건과,견과,하루견과,,산과들에,75500,food
1051076926,서래푸드 호두 1/4태 1kg,견과/건과,견과,호두,,서래푸드,14900,food
33366435,호두 1/4태 1kg 견과류 캘리포니아,견과/건과,견과,호두,,넛츠피아,16900,food
60718806,호두 1kg 미국산,견과/건과,견과,호두,,우리가스토리,14900,food
14621781,[산과들에] 25년산 1/4태 햇호두 400g+400g (캘리포니아산),견과/건과,견과,호두,,산과들에,17500,food
28050114,경북 상주 우병철님의 선물용건시 1kg(20-28과),과일,감/곶감,곶감/반건시,,다농이네,27900,food
27483443,경북 상주 우병철님의 선물용 반건시 1.5kg(45-55g)30과,과일,감/곶감,곶감/반건시,,다농이네,32900,food
1105085345,경북 상주 우병철님의 선물용 반건시 800g(40-45g)20과,과일,감/곶감,곶감/반건시,,다농이네,22900,food
28810398,[리얼명작][부직포가방포장] 상주 반건시 40과 곶감선물세트 (개당60-65g/총2.4kg),과일,감/곶감,곶감/반건시,,GS SHOP 명작,53900,food
54963022,[감동] 상주 곶감 명절 선물세트 보자기포장 특호 건시 30P,과일,감/곶감,곶감/반건시,,미니아트,59800,food
13317020,[청도반시마을] 청도 아이스 홍시 30개(90g내외),과일,감/곶감,단감/홍시,,명가일품,31900,food
1136368119,국내산 태추 진영 차량 단감 4.5kg 대과 18-20과 내외,과일,감/곶감,단감/홍시,,기타,56900,food
1136366666,국내산 시즌품종 태추 진영 단감 3kg 17과 내외,과일,감/곶감,단감/홍시,,기타,20900,food
1086282213,[미식배송]국내산 청도 아이스홍시 70g 18개(6입*3팩),과일,감/곶감,단감/홍시,,미식배송,19900,food
1095661222,GAP인증 고당도 정품 햇 청도반시 씨없는감 연시 약시 홍시 2.5kg 특대과 (16과~18과),과일,감/곶감,단감/홍시,,맛군,20900,food
27643536,제주 햇 감귤 4.5kg 로열과,과일,감귤/만감류,감귤,,신선연구소,15900,food
1132180447,제주직송 새콤달콤 햇 감귤 하우스감귤 대과 3kg(L~3L),과일,감귤/만감류,감귤,,맛군,13900,food
1015459777,선별배송 제주 노지 감귤 4.5kg 로얄과 (S-M),과일,감귤/만감류,감귤,,신선연구소,13900,food
60111098,선별배송 제주 노지 감귤 4.5kg 중대과 (L-2L),과일,감귤/만감류,감귤,,자연맛남,11900,food
1104770808,제주남원농협 하우스 감귤 소과 2.5kg (실중량),과일,감귤/만감류,감귤,,제주남원농협,17100,food
1036838987,[자연진리] GAP인증 나주 햇배 사과 혼합 고급 선물세트 4kg 배5+사과4 보자기동봉,과일,과일세트,사과/배,,자연진리,37900,food
23835691,자연의감동 혼합과일 3호 사과6개+배6개 5.7kg 과일선물세트,과일,과일세트,사과/배,,감동,60900,food
22252859,"산지애 명품 왕 사과, 배 선물세트 (9과 / 5kg)",과일,과일세트,사과/배,,산지애,89900,food
50313820,[지정일배송][과일의명작] 프리미엄 과일 선물세트 7kg[사과12과내(3kg)+배9과내(4kg),과일,과일세트,사과/배,,명가일품,89900,food
50313893,[지정일배송][과일의명작] 행복 혼합선물세트 사과 9과 + 배9과 [7.5kg내외],과일,과일세트,사과/배,,명가일품,99000,food
50547709,[지정일배송][리얼명작] 프리미엄 과일선물세트 사과6과+배6과[5kg],과일,과일세트,혼합과일세트,,GS SHOP 명작,65900,food
1046466471,농협 프리미엄 혼합4호(사과3+배4+샤인1/보자기동봉) 과일 선물세트,과일,과일세트,혼합과일세트,,자연맛남,47900,food
1061132089,수려한 과일선물세트 한아름2호 5kg내외(사과4+배4+샤인머스켓2),과일,과일세트,혼합과일세트,,푸드앰프,69900,food
1093453560,수려한 과일선물세트 팔각미인1호 5kg내외(사과6+배6),과일,과일세트,혼합과일세트,,푸드앰프,68900,food
1036138758,[지정일배송][과일의명작] 행복 과일혼합세트 5kg내외[사과4과+배4과+샤인2과],과일,과일세트,혼합과일세트,,명가일품,74900,food
1132752182,비타푸룻 미국산 A등급 냉동 세척블루베리 (1kg*3봉)IQF개별냉동,과일,딸기/체리/베리,블루베리,,비타푸룻,36810,food
1115304888,스페셜유 미국 A등급 프리미엄 냉동 블루베리 320g*12팩,과일,딸기/체리/베리,블루베리,,스페셜유,59900,food
20827389,[CJ프레시웨이] 냉동 블루베리 1kg + 1kg,과일,딸기/체리/베리,블루베리,,기타브랜드,23900,food
1088977230,[자연원] 두번엄선한 냉동블루베리(미국) 1.13kg x 3팩,과일,딸기/체리/베리,블루베리,,자연원,39900,food
1080349531,[호재준] 냉동 유기농블루베리(미국) 500g x 3팩,과일,딸기/체리/베리,블루베리,,호재준,29900,food
1082183944,[26년 수확 햇망고]프로즌 아이스망고바50g 30개(50gx30개),과일,망고/파인애플/열대과일,망고,,웰프렌 푸드마켓,32900,food
1082183936,[26년 수확 햇망고]프로즌 아이스망고바50g 20개(50gx20개),과일,망고/파인애플/열대과일,망고,,웰프렌 푸드마켓,24900,food
54714099,[달콤한가]더 프리미엄 애플망고 선물세트(4kg/9-12과),과일,망고/파인애플/열대과일,망고,,달콤한家,97300,food
1093920345,[딜픽]실속 태국망고 6-7입 선물세트(1.9kg내외),과일,망고/파인애플/열대과일,망고,,딜픽,45900,food
1068696449,[후레쉬망고] 달콤새콤 베트남 망고 4kg,과일,망고/파인애플/열대과일,망고,,기타브랜드,60900,food
1078969546,[웰굿] 항공직송 태국 생 망고스틴 5kg(50-70과),과일,망고/파인애플/열대과일,열대과일,,웰굿,109900,food
1080107220,Dole 프리미엄 화이트 용과 5kg(8~12개입),과일,망고/파인애플/열대과일,열대과일,,햇살조은,29900,food
1080107211,Dole 프리미엄 화이트 용과 2.5kg(4~6개입),과일,망고/파인애플/열대과일,열대과일,,햇살조은,17900,food
1086466752,베트남 프리미엄 용과 5kg (9-10입),과일,망고/파인애플/열대과일,열대과일,,수일통상,30900,food
51857345,[Dole 본사직영] 스위티오 파인애플 2개 (개당 1.7kg 내외),과일,망고/파인애플/열대과일,파인애플,,Dole,16900,food
1079012453,[웰굿] 프리미엄 달콤한 바나나 2.5kg(2수),과일,바나나/아보카도,바나나,,웰굿,14900,food
67804942,[Dole 본사직영] 스위티오 바나나 2개입 10개,과일,바나나/아보카도,바나나,,Dole,20900,food
1079012470,[웰굿] 프리미엄 달콤한 바나나 1.2kg(1수),과일,바나나/아보카도,바나나,,웰굿,9900,food
1091937829,Dole westfalia 프리미엄 아보카도 10개(대과/개당230g내외),과일,바나나/아보카도,아보카도,,햇살조은,19900,food
1088534951,Dole westfalia 프리미엄 아보카도 1kg(4~6개입),과일,바나나/아보카도,아보카도,,햇살조은,10900,food
97803523,[Dole 본사직영] 후숙 아보카도 대과 10개 2.2kg,과일,바나나/아보카도,아보카도,,Dole,16900,food
1088535472,Dole westfalia 프리미엄 아보카도 2kg(8~12개입),과일,바나나/아보카도,아보카도,,햇살조은,18900,food
1091941862,Dole westfalia 프리미엄 아보카도 10개(중과/개당180g내외),과일,바나나/아보카도,아보카도,,햇살조은,16900,food
1088901790,제철 달콤한 황도복숭아 4kg 랜덤과,과일,복숭아/자두/살구,복숭아,,싱싱유통,18900,food
26213742,[빛과나무]빛가득 제철 천도복숭아 4.5kg 이상 (51-59내),과일,복숭아/자두/살구,복숭아,,모두의푸드,28900,food
1037510216,캘시 청자두 2kg (특) 16-28과내외 신맛은 줄이고 단맛은 올리고,과일,복숭아/자두/살구,자두,,삼대장,22600,food
60438865,새콤달콤 자두 5kg 랜덤과,과일,복숭아/자두/살구,자두,,싱싱유통,22900,food
60438858,자두 5kg 랜덤과,과일,복숭아/자두/살구,자두,,싱싱유통,22900,food
93891443,새콤달콤 자두 5kg 랜덤과,과일,복숭아/자두/살구,자두,,싱싱유통,22900,food
1135967179,추희자두 특품 3kg(130g내외),과일,복숭아/자두/살구,자두,,철따라농산물,41900,food
1005272207,[신선연구소][26년 햇배][GAP인증] 나주배 가정용 특품 5kg 8-9과,과일,사과/배,배,,신선연구소,18900,food
1005269403,[신선연구소][26년 햇배][GAP인증] 나주배 가정용 5kg 6-10과,과일,사과/배,배,,신선연구소,17900,food
1024576921,[22일 9시까지 출고가능] GAP인증 나주배 햇배 고급 선물세트 5kg 6-8과 보자기동봉,과일,사과/배,배,,자연진리,29500,food
1005269401,[농부들의수확][26년 햇배][GAP인증] 나주배 가정용 5kg 5-7과,과일,사과/배,배,,농부들의수확,18900,food
1134147770,26년수확 국내산 햇 배 가정용 신고배 중소과 3kg (7-9과),과일,사과/배,배,,맛군,14900,food
1039406877,"산지애 햇사과 9kg (3kg*3박스, 총 24~36과, 대과)",과일,사과/배,사과,,산지애,139900,food
1094285340,산지애 특대 사과 홍로 3.5kg (9~11과) + 왕특대 배 4.7kg (6과),과일,사과/배,사과,,산지애,139900,food
1134622533,"산지애 햇사과 8.1kg (2.7kg*3박스, 총 27~39과, 중과)",과일,사과/배,사과,,산지애,99900,food
1134622182,"산지애 햇사과 5.4kg (2.7kg*2박스, 총 18~26과, 중과)",과일,사과/배,사과,,산지애,69900,food
1135147861,산지애 햇사과 아리수 6kg (3kg*2박스),과일,사과/배,사과,,산지애,99900,food
1076299753,[당일포장] 국내산 고당도 머스크 메론 선물세트 8kg (4-5수)로얄과 멜론,과일,수박/참외/메론,메론,,자연진리,42900,food
50154359,캘리포니아 허니듀 멜론 3수_개당 1.8kg내외,과일,수박/참외/메론,메론,,감동,25900,food
1093920370,국내산 머스크메론 2과(4kg내외) 부드러운 과육 달달하고 풍부한 과즙 국산멜론,과일,수박/참외/메론,메론,,삼대장,19900,food
1067027163,고당도 곡성 프리미엄 머스크 멜론 3수 5수 택1,과일,수박/참외/메론,메론,,예쁜오늘,52900,food
1135223423,[농협] 프리미엄 머스크멜론 선물세트 8kg내외(4수),과일,수박/참외/메론,메론,,농협,59800,food
1053930865,하우스 수박 5kg 내외,과일,수박/참외/메론,수박,,케이엠푸드,16000,food
1118415173,고당도 꿀 수박 6kg이상,과일,수박/참외/메론,수박,,다농이네,21900,food
1113567469,스페셜유 100% 베트남산 냉동수박 IQF 급속 냉동으로 신선한 고당도 수박다이스 1kg,과일,수박/참외/메론,수박,,스페셜유,9810,food
1118415196,고당도 꿀 수박 5kg이상,과일,수박/참외/메론,수박,,다농이네,19900,food
1053342906,[한정특가] 당도선별 성주 꿀참외 가정용 5kg(랜덤과),과일,수박/참외/메론,참외,,farmspring,12900,food
69071575,꿀당도 성주 가정용 참외 5kg 랜덤과,과일,수박/참외/메론,참외,,goodtable,14900,food
1068089361,품질우수 정품 팬시 레몬 10개(개당100g내외),과일,오렌지/자몽/레몬,레몬,,햇살조은,7900,food
1068089367,품질우수 정품 팬시 레몬 20개(개당100g내외),과일,오렌지/자몽/레몬,레몬,,햇살조은,11900,food
1074171686,품질우수 정품 팬시 레몬 20개(개당120g내외),과일,오렌지/자몽/레몬,레몬,,햇살조은,14900,food
1078969545,"[웰굿] 프리미엄 팬시 생 레몬 2kg(20과내외,개당90g내외)",과일,오렌지/자몽/레몬,레몬,,웰굿,15500,food
1131013734,Dole 프리미엄 네이블 오렌지 3kg(중과/13~16개),과일,오렌지/자몽/레몬,오렌지,,햇살조은,15900,food
1131013724,Dole 프리미엄 네이블 오렌지 5kg(중과/20~27개),과일,오렌지/자몽/레몬,오렌지,,햇살조은,23900,food
1079777519,Dole 프리미엄 네이블 오렌지 10개(중과/개당200g내외),과일,오렌지/자몽/레몬,오렌지,,햇살조은,10900,food
1079777538,Dole 프리미엄 네이블 오렌지 20개(중과/개당200g내외),과일,오렌지/자몽/레몬,오렌지,,햇살조은,18900,food
1053935756,[딜픽]카라카라 오렌지 중과 20과(총3.8kg내외),과일,오렌지/자몽/레몬,오렌지,,딜픽,16900,food
1053624738,프리미엄 생 레드자몽 특대과 10과 총 4kg내외 (개당 400g내외),과일,오렌지/자몽/레몬,자몽,,맛군,16900,food
1016477545,최상급 레드 자몽 5.3kg (14-16입),과일,오렌지/자몽/레몬,자몽,,익스프레쉬,24900,food
1016477550,최상급 레드 자몽 2.3kg (6-7입),과일,오렌지/자몽/레몬,자몽,,익스프레쉬,14900,food
1053935733,[딜픽]레드자몽 대과 12과/총3.8kg내외,과일,오렌지/자몽/레몬,자몽,,딜픽,24900,food
1132041122,26년 햇 붉은빛깔 청결 고춧가루 500g,기타가공식품,가루/조미료/향신료,고추가루,,예천청결고추,16500,food
1132041137,26년 햇 붉은빛깔 청결 고춧가루 2kg (500gX4팩),기타가공식품,가루/조미료/향신료,고추가루,,예천청결고추,57900,food
1132041157,26년 햇 붉은빛깔 청결 고춧가루 4kg (500gX8팩),기타가공식품,가루/조미료/향신료,고추가루,,예천청결고추,109000,food
1097209150,2026년 경북 의성(국내산) 청아띠 골드 고춧가루 보통맛 1kg,기타가공식품,가루/조미료/향신료,고추가루,,기타브랜드,22900,food
1068553058,HACCP 국내산 고춧가루 500g,기타가공식품,가루/조미료/향신료,고추가루,,푸드앳홈,13500,food
1128051852,[거북이방앗간] 유기농 진도 강황가루 (커큐민) 120g,기타가공식품,가루/조미료/향신료,기타가루,,거북이방앗간,13900,food
1053420970,프리미엄 1kg 가정용 업소용 식당용 볶음참깨 통깨 깨소금 식자,기타가공식품,가루/조미료/향신료,기타가루,,기타브랜드,10000,food
1062084679,헬로우그린 100% 국산 명품 생강가루 200g (통),기타가공식품,가루/조미료/향신료,기타가루,,헬로우 그린,11310,food
97507986,유기농 실론시나몬 계피 가루 분말 100g 시나몬 계피차,기타가공식품,가루/조미료/향신료,기타가루,,오허브,14500,food
1114689763,[천하코퍼레이션] 계피가루 45g,기타가공식품,가루/조미료/향신료,기타가루,,현대백화점식품,3710,food
1109136645,더맛있는 쌀눈 분말육수 멸치 샤브샤브 가루 45포 x2개 (총90포) (2세트구매시 EVENT),기타가공식품,가루/조미료/향신료,기타조미료,,디어레시피,15800,food
1102053694,"더 진한 코인 육수 65정+65정 (총 130정), 멸치 코인 만능 한알 동전 고체 국물 조미료",기타가공식품,가루/조미료/향신료,기타조미료,,오감식탁,22900,food
1063791591,[해통령]육수한알 분말 스틱형 80g x 5팩 (100포) / 천연조미료,기타가공식품,가루/조미료/향신료,기타조미료,,해통령,36900,food
1085863733,"빅마마 이혜정의시크릿코인 코인형8팩(편안한6+개운한2)+스틱형2팩(편안한2)+편안한5알,총205개",기타가공식품,가루/조미료/향신료,기타조미료,,빅마마 이혜정,59900,food
1004583549,[사조대림] 중력밀가루1kg(당진) x10개,기타가공식품,가루/조미료/향신료,밀가루,,사조,15700,food
1066688135,백설 우리밀 밀가루 750g x2개,기타가공식품,가루/조미료/향신료,밀가루,,CJ제일제당,8900,food
1072349527,백설 통감자 바삭 부침가루 1kg x1개+우리쌀로 만든 바삭 튀김가루 1kg x1개,기타가공식품,가루/조미료/향신료,밀가루,,CJ제일제당,11900,food
1066688100,백설 통감자 바삭 부침가루 1kg x2개,기타가공식품,가루/조미료/향신료,밀가루,,CJ제일제당,11900,food
1066688031,백설 중력 밀가루 2.5kg x2개,기타가공식품,가루/조미료/향신료,밀가루,,CJ제일제당,9900,food
1102976799,[마이노멀] 설탕 대신 쓰는 알룰로스 액상 500gx 1개,기타가공식품,가루/조미료/향신료,설탕,,마이노멀,8900,food
1066687380,백설 프락토 올리고당 2.45kg x2개,기타가공식품,가루/조미료/향신료,설탕,,CJ제일제당,15900,food
1066687402,백설 요리올리고당 1.2kg x2개,기타가공식품,가루/조미료/향신료,설탕,,CJ제일제당,12900,food
1083150530,[몽크슈] 설탕대체 액상 알룰로스 1.3kg 대용량,기타가공식품,가루/조미료/향신료,설탕,,몽크슈,18800,food
1084125169,팔레오 저당 저칼로리 알룰로스 680g 2병,기타가공식품,가루/조미료/향신료,설탕,,팔레오,13900,food
1031241497,[함양군]경남함양 인산죽염 9회 인산자죽염 고체 60g,기타가공식품,가루/조미료/향신료,소금,,함양군,33900,food
1133804086,[26년 추석 선물세트] 히말라야 핑크솔트 프라임x5개,기타가공식품,가루/조미료/향신료,소금,,오가니스트,153650,food
1056462017,인산죽염 9회 자죽염 (고체 240g),기타가공식품,가루/조미료/향신료,소금,,인산죽염,105260,food
99246338,히말라야 핑크소금 굵은입자 1kg,기타가공식품,가루/조미료/향신료,소금,,탑스코리아,3900,food
1063090999,[오뚜기] 순후추(캔) 100g 2개,기타가공식품,가루/조미료/향신료,향신료,,오뚜기,12900,food
56736271,통후추 블랙페퍼 흑후추 향신료 500g,기타가공식품,가루/조미료/향신료,향신료,,오허브,12500,food
91025387,4색혼합 통후추 믹스페퍼 캠핑용 리필용 후추 400g (200gX2개),기타가공식품,가루/조미료/향신료,향신료,,INCHA,23000,food
1032565300,코스트코 오뚜기 순후추 450g,기타가공식품,가루/조미료/향신료,향신료,,코스트코,14900,food
1063090996,[오뚜기] 순후추 45g 5개,기타가공식품,가루/조미료/향신료,향신료,,오뚜기,14500,food
51213752,하남쭈꾸미 500g×5팩(무료배송),기타가공식품,간편식품,기타간편식품,,하남쭈꾸미,67900,food
1021739156,용두동 할매 쭈꾸미 300g x 2개,기타가공식품,간편식품,기타간편식품,,뉴본,16650,food
1089476181,[아워홈] 온더고 슬기로운 점심세트 12종,기타가공식품,간편식품,기타간편식품,,아워홈,53000,food
1009882015,[GS단독] 이연복 팔보채 5세트 (해산물 5팩 + 야채 5팩 + 소스 5팩),기타가공식품,간편식품,기타간편식품,,이연복,69900,food
60962576,[사옹원] 모듬전 3종세트 (고기완자480g+오미산적450g+동태전300g),기타가공식품,간편식품,기타간편식품,,사옹원,25900,food
1049774658,[체험특가] 3초 떡볶이 230g 2팩+2팩 (총920g) (보통맛/매운맛),기타가공식품,간편식품,떡볶이/분식,,3초떡볶이,7580,food
1130030345,국떡 KPOP 구슬라볶이 구슬컵떡볶이 6개입 x 4종 택일,기타가공식품,간편식품,떡볶이/분식,,추억의국민학교떡볶이,7900,food
1049740461,[체험특가] 옥이네 쫄볶이 420g 1팩+1팩 (총840g),기타가공식품,간편식품,떡볶이/분식,,옥이네,7500,food
1061998820,"3초 떡볶이 230g 4팩+4팩 (총1,840g) (보통맛/매운맛)",기타가공식품,간편식품,떡볶이/분식,,3초떡볶이,13890,food
1103331202,"명랑핫도그 명랑 오리지널 쌀 떡볶이 450g, 2팩",기타가공식품,간편식품,떡볶이/분식,,명랑핫도그,15900,food
1120409381,[GS단독] 이연복 꿔바로우 300g 4팩 + 꿔바로우 소스 130g 4팩,기타가공식품,간편식품,튀김류,,이연복,29900,food
1061909395,[마녀바스켓] 명절 모듬전 세트 5종 1.9kg,기타가공식품,간편식품,튀김류,,TODAM,37500,food
1094095844,전시현 명인일품 감자채전 15팩 (총 45장),기타가공식품,간편식품,튀김류,,명인일품감자채전,50900,food
1094405840,전시현 명인일품 감자채전 10팩 (총 30장),기타가공식품,간편식품,튀김류,,명인일품감자채전,39900,food
1017464361,코스트코 사옹원 민속 모둠전 1102g 고기완자 오미산적 동태전,기타가공식품,간편식품,튀김류,,해핑몰,26900,food
1091185250,"최현석 횡성축협 한우 사각피자 20팩(콤비네이션 5팩, 허니불고기 5팩, 콰트로치즈 5팩, 트러플버섯불고기 5팩)",기타가공식품,간편식품,피자,,최현석,69900,food
1061998966,[체험특가] 피자알볼로 사각피자 4종 3팩 (안창살/김치흑돼지/마르게리타/모짜치즈),기타가공식품,간편식품,피자,,피자알볼로,9900,food
1090498175,"최현석 횡성축협 한우 사각피자 20팩(콤비네이션 5팩, 허니불고기 5팩, 콰트로치즈 5팩, 트러플버섯불고기 5팩)",기타가공식품,간편식품,피자,,최현석,69900,food
1078357848,"최현석 횡성축협 한우 사각피자 20팩(콤비네이션 10팩, 콰트로치즈 5팩, 허니불고기 5팩)",기타가공식품,간편식품,피자,,최현석,69900,food
1134187472,"[GOPIZZA] 고피자 10팩 (불고기 3팩, 허니치즈 3팩, 페퍼로니 2팩, 포테이토앤베이컨 2팩)",기타가공식품,간편식품,피자,,고피자,39900,food
1094425196,명랑핫도그 시그니처모짜 핫도그 680g x 1팩 (8개입),기타가공식품,간편식품,핫도그,,명랑핫도그,14900,food
1134839884,명랑핫도그 우리밀 감자쌀 핫도그 480g x 1팩 (4개입),기타가공식품,간편식품,핫도그,,명랑핫도그,12900,food
1083142703,명랑핫도그 통모짜 핫도그 720g x 1팩 (8개입),기타가공식품,간편식품,핫도그,,명랑핫도그,16900,food
1083510665,명랑핫도그 오리지널 핫도그 680g x 1팩 (8개입),기타가공식품,간편식품,핫도그,,명랑핫도그,13900,food
35941935,[오뚜기/농심/삼양/팔도]봉지 라면x20봉  신라면 스낵면 진라면,기타가공식품,라면,봉지라면,,오뚜기,12800,food
1039292213,농심 멸치칼국수 10봉,기타가공식품,라면,봉지라면,,농심,12900,food
1039075192,농심 신라면 10봉,기타가공식품,라면,봉지라면,,농심,11400,food
1004446898,삼양 라면 120g X 5봉,기타가공식품,라면,봉지라면,,삼양식품,3800,food
66795027,팔도 왕뚜껑 x8 맛선택 / 김치 우동 짬뽕 컵라면,기타가공식품,라면,컵라면,,팔도,12900,food
1068575123,닛신 컵누들 컵라면 칠리토마토 12개,기타가공식품,라면,컵라면,,닛신,12900,food
94429556,컵라면 소컵 4개씩 신라면+너구리+튀김우동+새우탕 외,기타가공식품,라면,컵라면,,농심,19800,food
1011926213,[농심] 사발면 x12개 / 육개장사발면 김치사발면 컵라면,기타가공식품,라면,컵라면,,농심,13900,food
1039470106,[농심] 농심 튀김우동 큰사발 111g 10개,기타가공식품,라면,컵라면,,셀러허브 식품샵,11650,food
95273364,[마녀바스켓] 군산 엄마손 칼국수 5인세트(면5팩+소스동봉),기타가공식품,면류,기타면류,,TODAM,9900,food
1135180135,[마이노멀] 100% 국산 메밀 두부면 5개,기타가공식품,면류,기타면류,,마이노멀,18980,food
1039888194,[강원도 감자] 99.89% 옹심이 6팩(+비법소스 동봉),기타가공식품,면류,기타면류,,세이브밀,19900,food
1006075301,[마녀바스켓] 군산 엄마손 칼국수 10인분(면10팩+소스 동봉),기타가공식품,면류,기타면류,,TODAM,15100,food
1051335331,[소소락] 생메밀소바 12인분 반반 세트. 메밀장국/비빔소스 택1 균일가 해썹인증.,기타가공식품,면류,기타면류,,sosorak,11900,food
1083708027,[마녀바스켓] 여름 별미 함흥 물냉면 5인+비빔냉면 5인(냉면 2kg+육수 5개+비빔장 5개),기타가공식품,면류,냉면,,TODAM,12500,food
20937953,[CJ프레시웨이]평양 물냉면 10인분(면10팩 + 육수10팩),기타가공식품,면류,냉면,,기타브랜드,18900,food
1058499750,[소소락] 반반함흥냉면10인분(동치미5봉+비빔5봉),기타가공식품,면류,냉면,,sosorak,10100,food
1058499776,[소소락] 사골 함흥냉면 10인분,기타가공식품,면류,냉면,,sosorak,10100,food
16029161,청수 메밀이좋아 물냉면 280G / 2인분,기타가공식품,면류,냉면,,청수식품,7200,food
1059919412,[오뚜기] 옛날자른당면 500g 4개,기타가공식품,면류,당면,,오뚜기,25900,food
1045825376,오뚜기 알뜰당면 1kg,기타가공식품,면류,당면,,오뚜기,8600,food
1045825634,오뚜기 알뜰당면 2.4kg,기타가공식품,면류,당면,,오뚜기,18300,food
1114691098,[씨제이] 백설중면900g,기타가공식품,면류,당면,,현대백화점식품,2850,food
1045825159,오뚜기 알뜰당면 1kg,기타가공식품,면류,당면,,오뚜기,11200,food
1080664026,폰타나 이탈리아 캄파니아 스파게티 500g 3개 /파스타면/간편조리,기타가공식품,면류,스파게티면,,샘표,8900,food
1050446037,[보라티알] 듀럼기다 아르벨라 스파게티 500g x 5개,기타가공식품,면류,스파게티면,,보라티알,9500,food
1050446018,[보라티알] 듀럼기다 아르벨라 스파게티니 500g x 5개,기타가공식품,면류,스파게티면,,보라티알,9500,food
1050446036,[보라티알] 듀럼기다 아르벨라 스파게티 500g x 3개,기타가공식품,면류,스파게티면,,보라티알,5700,food
1073132458,[풀무원] 바릴라 링귀니 500g,기타가공식품,면류,스파게티면,,풀무원,4980,food
37469560,백제 쌀국수 멸치맛 92g x 30개,기타가공식품,면류,쌀국수,,백제물산,33900,food
1053978761,백제 쌀국수 멸치맛/김치맛/육개장맛/얼큰한맛 30개/즉석쌀국수/컵라면,기타가공식품,면류,쌀국수,,백제식품,33900,food
1086154657,백제 쌀국수 멸치맛 김치맛 얼큰한맛 육개장맛 20개,기타가공식품,면류,쌀국수,,참쌀닷컴,25900,food
1102812492,[오뚜기] 옛날 쌀국수 멸치맛 92g 12개,기타가공식품,면류,쌀국수,,오뚜기,16900,food
1047754101,청정원 컵쌀국수 9개(해물맛/얼큰/멸치 92g 택1),기타가공식품,면류,쌀국수,,청정원,20520,food
1111318655,NISSIN 닛신 돈베이 템푸라 우동 83g x 4개입,기타가공식품,면류,우동,,닛신,7900,food
1111318668,NISSIN 닛신 돈베이 키츠네 유부 우동 82g x 4개입,기타가공식품,면류,우동,,닛신,8900,food
1042249017,사누끼우동 10인분세트(면10개+소스10개+후레이크10개),기타가공식품,면류,우동,,푸르젠,12500,food
1022249153,[마녀바스켓] 일본 전통 사누끼우동 10인(면+소스10+건더기10),기타가공식품,면류,우동,,TODAM,13900,food
1042249020,사누끼우동 10인분세트(면10개+소스10개),기타가공식품,면류,우동,,푸르젠,10900,food
1042754096,코스트코 CJ 고메 불맛 가득한 중화 짬뽕 1956g (326g x 6인분),기타가공식품,면류,짜장면/짬뽕,,해핑몰,24700,food
1129874339,[농가살리기] 20년 전통 손맛 매콤달콤 쫄면 10인분,기타가공식품,면류,쫄면,,농가살리기,13900,food
1128982416,개별포장 남포쫄면180gX5봉+비빔부스터X5봉/5인분,기타가공식품,면류,쫄면,,참도깨비,11900,food
1093390045,올레비다 냉압착 엑스트라버진 아보카도오일(250ml*6병),기타가공식품,식용유/오일,기타기름,,올레비다,48900,food
1091285900,팔레오 아보카도오일 엑스트라버진 250ml 3병,기타가공식품,식용유/오일,기타기름,,팔레오,25900,food
1134191555,청정원 명절선물세트 OS호 5개+1개 증정(2박스),기타가공식품,식용유/오일,기타기름,,청정원,174500,food
1091285875,[사은품] 팔레오 아보카도오일 엑스트라버진 250ml 12병 + 레몬즙 1박스 증정,기타가공식품,식용유/오일,기타기름,,팔레오,88000,food
1102132465,[특가] SMR 유기농 엑스트라버진 코코넛오일 500ml x 2개,기타가공식품,식용유/오일,기타기름,,미성패밀리,20900,food
31176685,[추석선물/ 원데이 25%할인]GNM 저온압착 아보카도오일 엑스트라버진 2병,기타가공식품,식용유/오일,식용유,,GNM자연의품격,21170,food
31176831,[추석선물]GNM 저온압착 아보카도 오일 엑스트라 버진 250mL x 10병,기타가공식품,식용유/오일,식용유,,GNM자연의품격,81520,food
1091249364,[추석특가] 보뚜 아후카틀 엑스트라버진 아보카도오일 250ml 9병,기타가공식품,식용유/오일,식용유,,보뚜,69900,food
1079619304,[추석특가] 보뚜 아후카틀 엑스트라버진 아보카도오일 250ml 3병,기타가공식품,식용유/오일,식용유,,보뚜,23900,food
1079619376,[추석특가] 보뚜 아후카틀 엑스트라버진 아보카도오일 250ml 6병,기타가공식품,식용유/오일,식용유,,보뚜,46900,food
1131515230,[GS단독] 모렌테 유기농 냉압착 엑스트라버진 올리브오일 500ml 2병,기타가공식품,식용유/오일,올리브유,,모렌테,31500,food
1120171366,올록담 올리브3 지중해 올리브오일 8박스 (192포*3캡슐) / 엑스트라버진 올리브오일,기타가공식품,식용유/오일,올리브유,,올록담,158200,food
1065746996,소르바스 스페인 최상급 유기농 냉압착 엑스트라버진 올리브유 500ml 2병 (실속포장) 공복 생식,기타가공식품,식용유/오일,올리브유,,소르바스,31900,food
1135383073,오로 델 데시에르토 엑스트라버진 올리브오일 쿠파주 500ml*2병 + 피쿠알 500ml*2병 + 쇼핑백 4장,기타가공식품,식용유/오일,올리브유,,오로델데시에르토,198000,food
1111296000,온밀담 1회 착유 참기름 350ml x 2병/ GS단독,기타가공식품,식용유/오일,참기름,,온밀담,16900,food
1066641681,홍주부 저온압착 통 참깨 더진한 참기름350ml+350ml / 18일 09시 이후 명절 이후 출고,기타가공식품,식용유/오일,참기름,,산지로드,14900,food
1126286596,고소미가 저온압착 참기름 350ml+350ml (총 2병) 통참깨 100%,기타가공식품,식용유/오일,참기름,,푸르젠,14900,food
1124814687,푸디헤븐 100% 통들깨 맑고 고소한 하늘빛 들기름 350ml+350ml,기타가공식품,식용유/오일,참기름,,푸디헤븐,14500,food
1111296038,온밀담 1회 착유 들기름 350ml/ GS단독,기타가공식품,식용유/오일,참기름,,온밀담,10900,food
1066688200,백설 카놀라유 900ml x2개,기타가공식품,식용유/오일,카놀라유,,CJ제일제당,12900,food
15130332,[사조대림] 해표 식용유(콩기름) 1.8L x3병,기타가공식품,식용유/오일,카놀라유,,해표,18700,food
36442324,국산 호두기름 호두 오일 호두유 375ml,기타가공식품,식용유/오일,카놀라유,,INCHA,40000,food
5433256,[사조대림] 해표 카놀라유 500ml x6병,기타가공식품,식용유/오일,카놀라유,,해표,15000,food
95789054,[동원] 카놀라유 4호 선물세트 x4개 (1box),기타가공식품,식용유/오일,카놀라유,,동원에프앤비,51600,food
1071126592,백설 스페인산 포도씨유 식용유 900ml x4개,기타가공식품,식용유/오일,포도씨유,,CJ제일제당,27900,food
6065156,올리타리아 포도씨유500ml 5병 (스티로폼),기타가공식품,식용유/오일,포도씨유,,올리타리아,59700,food
4572480,[사조대림] 해표 포도씨유 900ml x2병,기타가공식품,식용유/오일,포도씨유,,해표,15900,food
6065153,올리타리아 포도씨유500ml 10병,기타가공식품,식용유/오일,포도씨유,,올리타리아,112400,food
15130345,[사조대림] 해표 포도씨유 900ml x3병,기타가공식품,식용유/오일,포도씨유,,해표,21600,food
1102714950,신앙촌 온정 3호 양조간장 선물세트 쇼핑백,기타가공식품,장/소스류,간장,,신앙촌,29260,food
1102714973,[신앙촌] 양조 생명물간장 860mL 2병 (미니간장2병 증정),기타가공식품,장/소스류,간장,,신앙촌,21900,food
1103101688,[신앙촌] 양조간장 선물세트 특선 4-1호,기타가공식품,장/소스류,간장,,신앙촌,19500,food
1130338034,[신앙촌] 양조간장 선물세트 진 13호 s,기타가공식품,장/소스류,간장,,신앙촌,30100,food
1103101652,[신앙촌] 양조간장 선물세트 레드K 2호,기타가공식품,장/소스류,간장,,신앙촌,16200,food
1110860504,정성곳간 최명희 명인 고추장 만들기 풀세트 (담금독 포함),기타가공식품,장/소스류,고추장,,정성곳간,92900,food
1122002107,[씨제이] 해찬들 국산 고추장 1KG,기타가공식품,장/소스류,고추장,,현대백화점식품,14630,food
1116779351,샘표 국산 조선고추장 500g 2개 /양념,기타가공식품,장/소스류,고추장,,샘표,27500,food
1103101644,[기획특가]순창문옥례식품 국산 전통 찹쌀 고추장 450g 유리용기,기타가공식품,장/소스류,고추장,,순창문옥례식품,17900,food
1103130766,해찬들 100% 우리쌀로 만든 태양초 고추장 1kg x1개,기타가공식품,장/소스류,고추장,,CJ제일제당,12500,food
1057699046,궁키친 이상민 갈릭 감바스 소스 3병,기타가공식품,장/소스류,기타소스,,궁키친 이상민,19900,food
1136108251,[닥터린] 유기농 레드와인 비니거 300ml x 2병,기타가공식품,장/소스류,기타소스,,닥터린,23500,food
1133264862,리센느 Pick)카사베르디 와인비니거4병+발사믹식초1병,기타가공식품,장/소스류,기타소스,,그레인온,67900,food
1136108258,[닥터린] 유기농 레드와인 비니거 300ml x 3병,기타가공식품,장/소스류,기타소스,,닥터린,31500,food
1132337932,유카스 스페인 유기농 발사믹 식초 250ml*2병 (오가닉 비니거),기타가공식품,장/소스류,기타소스,,올레비다,19900,food
92633811,[직영] 롯데칠성 미림 900ml x 2펫,기타가공식품,장/소스류,기타양념,,롯데칠성,8100,food
92633864,[직영] 롯데칠성 미림 500ml x 3펫,기타가공식품,장/소스류,기타양념,,롯데칠성,7900,food
1083472982,CJ 백설 소불고기양념 2.05kg,기타가공식품,장/소스류,기타양념,,레인보우마켓,13200,food
1051569778,샘표 요리에센스 연두 순 830ml 2개 /조미료/양념/육수,기타가공식품,장/소스류,기타장류,,샘표,19500,food
1043431457,[동원xGS] 동원 참치액 진 500g +참치액 순 500g,기타가공식품,장/소스류,기타장류,,동원에프앤비,11900,food
1113778617,(홍일식품) 홍게 맛 액젓 900ml,기타가공식품,장/소스류,기타장류,,홍일점,16900,food
1095428742,샘표 요리에센스 연두 순 830ml,기타가공식품,장/소스류,기타장류,,샘표,8900,food
1066669576,[움트리] 실장님 회초장 2kg,기타가공식품,장/소스류,기타장류,,레인보우마켓,9500,food
1103101768,[기획특가]순창문옥례 우리콩 재래식 된장 2kg 밀폐용기,기타가공식품,장/소스류,된장,,순창문옥례식품,36900,food
1103101764,[테마특가]순창문옥례 명인 우리콩 된장 1kg 밀폐용기,기타가공식품,장/소스류,된장,,순창문옥례식품,21500,food
1103101756,[기획특가]순창문옥례식품 우리콩 된장 450g 유리용기,기타가공식품,장/소스류,된장,,순창문옥례식품,13900,food
37668477,전통식품명인 최명희님의 전통된장 5kg 안동제비원,기타가공식품,장/소스류,된장,,안동제비원,89900,food
1057686821,[특가] 라무따드 홀그레인 머스타드 소스 x 2개 - 스테이크 연어 샐러드 씨겨자,기타가공식품,장/소스류,마요네즈/머스타드,,매크로통상,9900,food
1133307416,[무료배송] 코비노 홀그레인 머스타드 330g × 2개,기타가공식품,장/소스류,마요네즈/머스타드,,양과자몰,8400,food
1053548822,코스트코 마이어 올드스타일 대용량 홀그레인 머스타드 845g,기타가공식품,장/소스류,마요네즈/머스타드,,해핑몰,15200,food
1102976785,"[마이노멀] 저당 마요네즈 엑스트라버진 올리브오일 260g, 1개",기타가공식품,장/소스류,마요네즈/머스타드,,마이노멀,10900,food
1053673893,[파인트리] 홀그레인 머스타드 850g,기타가공식품,장/소스류,마요네즈/머스타드,,레인보우마켓,10100,food
1127122552,[임박특가]캠벨 프레고 머쉬룸 까르보나라 파스타 소스 680G 3개 (소비기한 2026.12.26),기타가공식품,장/소스류,스파게티소스,,Campbell's,9900,food
1068697115,폰타나 파스타소스 600g/430g 2+2병 세트2 +면500g /토마토/크림,기타가공식품,장/소스류,스파게티소스,,샘표,23400,food
1081650993,[특가] 몬티 바질 페스토 180g x 2개,기타가공식품,장/소스류,스파게티소스,,몬티,9900,food
1103131094,해찬들 저당 쌈장 290g x2개+찍장 쌈장 300g x1개+찍장 매콤 쌈장 300g x1개,기타가공식품,장/소스류,쌈장,,CJ제일제당,14500,food
1120862762,해찬들 사계절 쌈장 500g x3개 / 고기쌈장 양념쌈장 캠핑용,기타가공식품,장/소스류,쌈장,,CJ제일제당,9900,food
1103131130,해찬들 저당 쌈장 290g x2개,기타가공식품,장/소스류,쌈장,,CJ제일제당,11900,food
28537894,8가지국산양념쌈장,기타가공식품,장/소스류,쌈장,,씨제이,7610,food
1066697238,해찬들 물로만 끓여먹는 바지락꽃게 된장찌개 양념 450g x4개,기타가공식품,장/소스류,양념장,,CJ제일제당,20900,food
1003932050,[사조대림] 사조프리미엄꽃게액550ML x6개 /참치액,기타가공식품,장/소스류,양념장,,사조,44700,food
28451881,청정원 소갈비 양념장500g,기타가공식품,장/소스류,양념장,,대상,4180,food
36597577,"[청수식품] 청수 비빔장(냉면,국수,쫄면) 2kg x 1개",기타가공식품,장/소스류,양념장,,청수식품,14000,food
59338854,샘표 토장 450g /조미료/양념,기타가공식품,장/소스류,양념장,,샘표,4000,food
65535374,서일농원 서분례 명인 청국장 24팩 (기본12팩+매운12팩),기타가공식품,장/소스류,청국장,,서일농원,67000,food
99348919,서일농원 서분례 명인 청국장 12팩 (기본6팩+매운6팩),기타가공식품,장/소스류,청국장,,서일농원,45300,food
97029562,서일농원 서분례 명인 청국장 8팩,기타가공식품,장/소스류,청국장,,서일농원,32000,food
23970145,충북충주 김명숙님의 옛맛그대로 항아골 청국장 1kg,기타가공식품,장/소스류,청국장,,기타브랜드,13900,food
26681136,담양 생 청국장 170g×6개,기타가공식품,장/소스류,청국장,,푸르젠,17900,food
6916316,[본타몰] 하인즈 토마토 케찹 460g 햄버거 핫도그 감자튀김 케첩,기타가공식품,장/소스류,케찹,,본타,3250,food
1105247456,[오뚜기] 토마토케찹 300g 2개+골드마요네스 300g 1개,기타가공식품,장/소스류,케찹,,오뚜기,10900,food
1102976825,"[마이노멀] 저당 저칼로리 토마토 케찹 310g, 3개",기타가공식품,장/소스류,케찹,,마이노멀,16800,food
1102976819,"[마이노멀] 저당 저칼로리 토마토 케찹 310g, 1개",기타가공식품,장/소스류,케찹,,마이노멀,5600,food
1102976828,"[마이노멀] 저당 저칼로리 토마토 케찹 310g, 2개",기타가공식품,장/소스류,케찹,,마이노멀,11200,food
1052479265,[무료배송] 그레이트 메이플 시럽 250ml x 2병,기타가공식품,잼/시럽,시럽,,양과자몰,18500,food
98861517,토라니 퓨어메이드 시그니처 바닐라 시럽 750ml 1박스 4개,기타가공식품,잼/시럽,시럽,,메가커피,45400,food
98216450,마리브리자드 자몽 시럽 700ml,기타가공식품,잼/시럽,시럽,,메가커피,16900,food
1091559704,오뚜기 오쉐프 벤딩밀크 1kg,기타가공식품,잼/시럽,시럽,,오뚜기,8100,food
1115297136,LIGO 리고 100% 땅콩버터 땅콩잼 453g 천크/크리미 2개입,기타가공식품,잼/시럽,잼,,리고,19900,food
1127928233,[임박특가] 리고 땅콩버터 땅콩잼 크리미 462g x 2개입(26년12월18일까지),기타가공식품,잼/시럽,잼,,리고,11900,food
1066641726,야스티 아르헨티나 코르도바산 하이올레익 땅콩 100% 순 땅콩버터 크리미 500g X 2개,기타가공식품,잼/시럽,잼,,야스티,21900,food
1065975051,야스티 아르헨티나 코르도바산 하이올레익 땅콩 100% 순 땅콩버터 크리미 300g X 2개,기타가공식품,잼/시럽,잼,,야스티,14900,food
1085770380,[비밀특가] 보뚜 짜먹는 100% 땅콩버터 스틱 14포 x 5박스,기타가공식품,잼/시럽,잼,,보뚜,26900,food
1125353845,푸디헤븐 100% 우리쌀 구수한 누룽지 1kg+1kg 지퍼백,기타가공식품,즉석밥/죽/스프,누룽지,,푸디헤븐,11900,food
1074047972,푸디헤븐 100% 우리쌀만 넣은 끓여먹는 한입 누룽지 2kg,기타가공식품,즉석밥/죽/스프,누룽지,,푸디헤븐,11900,food
1064982308,우리 쌀로 만든 솥뚜껑 누룽지 1kg x  2팩,기타가공식품,즉석밥/죽/스프,누룽지,,thesingsing,13500,food
1110771357,우리쌀로 만든 구수한 전통 가마솥 누룽지 1kg x3개,기타가공식품,즉석밥/죽/스프,누룽지,,기타브랜드,16700,food
1076836556,국산쌀로만든 미식백과 오곡누룽지 77봉,기타가공식품,즉석밥/죽/스프,누룽지,,미식백과,39900,food
1027941952,오뚜기컵밥 춘천닭갈비덮밥+톡톡김치알밥+전주돌솥비빔밥,기타가공식품,즉석밥/죽/스프,덮밥/국밥,,오뚜기,11900,food
1101093078,굿스푼 닭한상 슬라이스 7종 7팩 닭가슴살 단백질 운동 식단 도시락,기타가공식품,즉석밥/죽/스프,덮밥/국밥,,미스터네이처,46800,food
1084301349,오뚜기 컵밥 김치참치덮밥 12개,기타가공식품,즉석밥/죽/스프,덮밥/국밥,,오뚜기,34900,food
1133203704,워커힐 고메 곤드레낙지밥 8팩+전복게우밥 6팩,기타가공식품,즉석밥/죽/스프,볶음밥,,워커힐고메,58900,food
1111832649,정성곳간 명인 강순의 전통 수제 나물밥 120g x 10팩,기타가공식품,즉석밥/죽/스프,볶음밥,,정성곳간,29900,food
1038854746,[특가할인]유가네 닭갈비 볶음밥 210g x 8팩,기타가공식품,즉석밥/죽/스프,볶음밥,,유가네,16900,food
1022194615,[빕스]볶음밥 6종 5팩,기타가공식품,즉석밥/죽/스프,볶음밥,,빕스,16900,food
1105756661,[워커힐] 크림스프 6팩(포테이토4팩+머쉬룸크림2팩)+크루통1개 더,기타가공식품,즉석밥/죽/스프,죽/스프,,워커힐고메,19900,food
1091857689,최현석 셰프의 마녀스프 300g 9팩,기타가공식품,즉석밥/죽/스프,죽/스프,,최현석,42210,food
16237648,[동원xGS] 양반죽 285g x12개 (전복+쇠고기+호박+야채+참치+밤단팥),기타가공식품,즉석밥/죽/스프,죽/스프,,동원에프앤비,19900,food
1126847269,"바밤 실온보관 국산 단호박 건강죽 3종 혼합 130g 22팩 (포켓밀 단호박12,병아리콩5,오트5)",기타가공식품,즉석밥/죽/스프,죽/스프,,바밤,54900,food
57853600,[동원xGS] 양반 전복죽 285g x12개,기타가공식품,즉석밥/죽/스프,죽/스프,,동원에프앤비,23400,food
1082642091,햇반 윤기가득 쌀밥 210g x24개,기타가공식품,즉석밥/죽/스프,즉석밥,,CJ제일제당,30900,food
1083471042,햇반 윤기가득 쌀밥 210g x48개,기타가공식품,즉석밥/죽/스프,즉석밥,,CJ제일제당,48900,food
1112184367,햇반 윤기가득 쌀밥 210g x33개+잡곡밥 210g x3개 증정(총 36개),기타가공식품,즉석밥/죽/스프,즉석밥,,CJ제일제당,37900,food
1059355700,한복선 영양한끼 궁중약밥 1박스(25개),기타가공식품,즉석밥/죽/스프,즉석밥,,한복선,19900,food
1082642085,햇반 윤기가득 쌀밥 210g x36개,기타가공식품,즉석밥/죽/스프,즉석밥,,CJ제일제당,40900,food
1099008177,[보라티알] 줄리에토 토마토홀 400g x 12개,기타가공식품,통조림,기타통조림,,보라티알,13600,food
17005848,[동원xGS] 양반 캔볶음김치 160g x8캔 /갓김치,기타가공식품,통조림,기타통조림,,동원에프앤비,17900,food
1049003118,라세빌라나 그린올리브 370g x 2병,기타가공식품,통조림,기타통조림,,마르시엔스,13900,food
1073484916,[보라티알] 산줄리아노 볼로티빈 400g x 12개,기타가공식품,통조림,기타통조림,,보라티알,21000,food
1000489890,S&W 셀렉트 홀 토마토 400g x 3개,기타가공식품,통조림,기타통조림,,에스앤더블유,10800,food
1000057017,[동원xGS] 자연산 꽁치 300g x 5캔,기타가공식품,통조림,꽁치/골뱅이/고등어캔,,동원에프앤비,16400,food
1006810278,[동원] 자연산골뱅이 300g 원터치 x4개,기타가공식품,통조림,꽁치/골뱅이/고등어캔,,동원에프앤비,30200,food
1063783389,사조 고등어 300g 6개,기타가공식품,통조림,꽁치/골뱅이/고등어캔,,사조대림,16900,food
96790739,[사조대림] 고등어 300g x4개 +꽁치 300g x4개,기타가공식품,통조림,꽁치/골뱅이/고등어캔,,동원에프앤비,25400,food
1114783166,[동원에프앤비] 동원 김치찌개용 꽁치,기타가공식품,통조림,꽁치/골뱅이/고등어캔,,동원에프앤비,4740,food
1103717466,[22일(화) 오전결제완료/명절전 배송][GS][CJ 스팸 선물세트] 스팸 8호 5개 1박스 쇼핑백포함,기타가공식품,통조림,스팸/캔햄,,CJ제일제당,135600,food
1002325088,CJ제일제당 스팸 클래식 6호 선물세트 (쇼핑백포함),기타가공식품,통조림,스팸/캔햄,,심플잇,37110,food
1103717457,[22일(화) 오전결제완료/명절전 배송][GS][CJ 스팸 선물세트] 스팸 8호 쇼핑백포함,기타가공식품,통조림,스팸/캔햄,,CJ제일제당,36600,food
1002325119,CJ제일제당 스팸 클래식 8호 선물세트 (쇼핑백포함),기타가공식품,통조림,스팸/캔햄,,심플잇,27990,food
1002325173,CJ제일제당 스팸 클래식 12호 선물세트 (쇼핑백포함),기타가공식품,통조림,스팸/캔햄,,심플잇,23800,food
3792851,[동원xGS] 튜나리챔 O-48호 선물세트,기타가공식품,통조림,참치,,동원에프앤비,29300,food
1013586973,[동원] 라이트스탠다드 85g x 6캔+고추참치 85g x 2캔,기타가공식품,통조림,참치,,동원에프앤비,13600,food
3792882,[동원xGS] 동원참치 O-12호 선물세트,기타가공식품,통조림,참치,,동원에프앤비,23500,food
1060886398,[동원xGS] 동원참치 O-18호 선물세트,기타가공식품,통조림,참치,,동원에프앤비,38900,food
5658600,[동원xGS] 튜나리챔 O-8호 선물세트,기타가공식품,통조림,참치,,동원에프앤비,53000,food
31242123,여수농협 여수돌산 갓김치 2kg,김치/반찬,김치,갓김치,,여수농협,16700,food
1128232651,[호랑이김치] 국산100% 여수 돌산 갓김치 3kg,김치/반찬,김치,갓김치,,호랑이김치,20900,food
1082202815,여수돌산갓김치 6kg (2kg+2kg+2kg),김치/반찬,김치,갓김치,,여수돌산갓김치,39900,food
27110280,여수농협 여수돌산 갓김치 3kg,김치/반찬,김치,갓김치,,여수농협,24800,food
1083358521,여수돌산갓김치 2kg,김치/반찬,김치,갓김치,,여수돌산갓김치,17900,food
1044070885,종가 포기김치900g+ 총각김치850g+파김치900g+갓김치1kg,김치/반찬,김치,김치세트,,종가,56900,food
18293722,종가 알뜰맘 별미김치 (포기5kg+총각3kg),김치/반찬,김치,김치세트,,종가,59900,food
5554302,종가 우리땅 깍두기 5kg (외식용),김치/반찬,김치,깍두기,,종가,21900,food
1036931849,[종가집] 무섞박지 5kg(외식),김치/반찬,김치,깍두기,,레인보우마켓,25800,food
1103756966,[조선호텔김치] 조선호텔 깍두기 2kg,김치/반찬,김치,깍두기,,조선호텔,26800,food
14017780,종가 깍두기 3kg,김치/반찬,김치,깍두기,,종가,32900,food
1061035622,[더싱싱] 깍두기 2kg / 아삭아삭 시원한 맛,김치/반찬,김치,깍두기,,thesingsing,9900,food
21690448,[마음심은] 백김치 5kg / 익을수록 시원한,김치/반찬,김치,백김치,,마음심은,20900,food
1092826572,종가 백김치 5kg,김치/반찬,김치,백김치,,종가,33900,food
1105316349,[한가득] 전라도 담양 새콤달콤 죽향 백김치 5kg,김치/반찬,김치,백김치,,한가득식품,23900,food
34670584,[소문난일품] 포천명가 배윤자 백김치 5kg,김치/반찬,김치,백김치,,마음심은,20500,food
32507753,깐깐 송도순 백김치 3kg,김치/반찬,김치,백김치,,깐깐송도순,18900,food
1116768679,[호랑이김치] 전라도식 쌈배추 겉절이 김치 2kg,김치/반찬,김치,별미김치,,호랑이김치,17960,food
1080129579,지예찬 겉절이 2kg / GS 단독 런칭,김치/반찬,김치,별미김치,,지예찬,12960,food
1080288368,지예찬 겉절이 3kg / GS 단독 런칭,김치/반찬,김치,별미김치,,지예찬,17550,food
1043865190,종가 나박김치 5kg (외식),김치/반찬,김치,별미김치,,종가,18400,food
1127133178,[농가살리기] 여수 돌산 전라도 고들빼기김치 1kg,김치/반찬,김치,별미김치,,농가살리기,16900,food
1116373275,[농가살리기] 국내산 프리미엄 여린 열무김치 3kg,김치/반찬,김치,열무김치,,농가살리기,14900,food
1116231814,[호랑이김치] 국산100% 전라도 열무얼갈이 물김치 4kg,김치/반찬,김치,열무김치,,호랑이김치,22710,food
1116231789,[호랑이김치] 국산100% 전라도 열무얼갈이 물김치 2kg,김치/반찬,김치,열무김치,,호랑이김치,15110,food
1065973186,종가 열무김치 2.5kg*2팩 (총 5kg),김치/반찬,김치,열무김치,,종가,44010,food
36004812,종가 알뜰맘 열무김치 3kg,김치/반찬,김치,열무김치,,종가,26900,food
36004654,종가 알뜰맘 총각김치 3kg,김치/반찬,김치,총각김치,,종가,26900,food
1096970258,온밀담 총각김치 2kg/ GS단독,김치/반찬,김치,총각김치,,온밀담,13900,food
1066785041,종가 총각김치 4.6kg (2.3.kg*2팩),김치/반찬,김치,총각김치,,종가,48900,food
5554300,종가 총각김치 2.3kg,김치/반찬,김치,총각김치,,종가,27900,food
1114453237,[농가살리기] 전라도 여수돌산 총각김치 2kg (국내산),김치/반찬,김치,총각김치,,농가살리기,11900,food
1129393654,푸디헤븐 입맛 살리는 알싸한 감칠맛 파김치 1kg+1kg,김치/반찬,김치,파김치,,푸디헤븐,14900,food
1129920618,[온작] 이영자 고들빼기김치 1kg,김치/반찬,김치,파김치,,온작,19900,food
1116231926,[호랑이김치] 국산100% 전라도 파김치 쪽파김치 1kg,김치/반찬,김치,파김치,,호랑이김치,18910,food
1096970267,온밀담 파김치 1kg/ GS단독,김치/반찬,김치,파김치,,온밀담,18900,food
1029712977,[더싱싱] 국내산 100% 전라도식 파김치1kg,김치/반찬,김치,파김치,,thesingsing,13900,food
1121809688,바다의 진심을 담은 해진담 명태회무침 1kg,김치/반찬,반찬,기타반찬,,해진담,23900,food
1132859194,입맛 돋우는 밑반찬 무말랭이무침 1kg+양념깻잎 1kg+간장깻잎 1kg,김치/반찬,반찬,기타반찬,,푸디헤븐,12900,food
1103102559,[이금선명장] 새콤달콤 맛있는 명태회무침 1kg,김치/반찬,반찬,기타반찬,,이금선명인,22300,food
1045886487,[마녀바스켓] 밥도둑 반찬 무말랭이 1kg x2개,김치/반찬,반찬,기타반찬,,TODAM,13700,food
1050492837,[본죽] 대용량 메추리알 장조림 1kg 2팩,김치/반찬,반찬,기타반찬,,본죽,19900,food
1111507351,홍주부 남원 수제 찹쌀 김부각 40g X 6봉,김치/반찬,반찬,김/김자반,,산지로드,15900,food
1088445611,[대천김] 김자반볶음 60g 5봉,김치/반찬,반찬,김/김자반,,대천김,11900,food
50233771,현대수산맛김 보령 대천김 살짝 구운 재래김 전장김 8g x 8봉,김치/반찬,반찬,김/김자반,,현대수산맛김,14000,food
18733504,[동원xGS] 감태김 [식탁김20봉] x 2개,김치/반찬,반찬,김/김자반,,동원에프앤비,19900,food
1066696104,비비고 더 고소한 들기름김 4.5g 12개입 x4개(총 48개),김치/반찬,반찬,김/김자반,,CJ제일제당,17900,food
1016303353,우뭇가사리묵 420gx4,김치/반찬,반찬,두부/묵,,지투지샵,24900,food
65431247,도토리묵가루 120gx3,김치/반찬,반찬,두부/묵,,지투지샵,27900,food
1107131043,코스트코 청화 국산 도토리묵 가루 500g,김치/반찬,반찬,두부/묵,,해핑몰,19990,food
1110527004,[밋앤밀] 지리산 묵가 춘향골 고품질 국내산 참도토리묵 400g 3팩,김치/반찬,반찬,두부/묵,,밋앤밀,19600,food
28510012,[농협] 안동생명콩 국산콩 두부 찌개용 350g×4팩,김치/반찬,반찬,두부/묵,,프레시데이,15900,food
1132771347,온밀담 아삭 고추장아찌 1kg+1kg 국내제조 HACCP/ GS단독,김치/반찬,반찬,장아찌,,온밀담,14900,food
1103132185,[마녀바스켓] 산마늘 명이나물장아찌 1kg,김치/반찬,반찬,장아찌,,TODAM,12500,food
1103145617,밥도둑 반찬 궁채마늘장아찌 1kg x 2팩,김치/반찬,반찬,장아찌,,푸드앳홈,14900,food
1103131822,[마녀바스켓] 밥도둑 간장고추장아찌 1kg,김치/반찬,반찬,장아찌,,TODAM,9300,food
1103132126,[마녀바스켓] 오독오독 궁채장아찌 1kg x2개,김치/반찬,반찬,장아찌,,TODAM,16700,food
1122149715,[호랑이김치] 진미채 무말랭이 무침 1kg,김치/반찬,반찬,절임류,,호랑이김치,17960,food
1120092224,[호랑이김치] 국산100% 제주 무말랭이 무침 1kg,김치/반찬,반찬,절임류,,호랑이김치,15110,food
1122149716,[호랑이김치] 진미채 무말랭이 무침 500g,김치/반찬,반찬,절임류,,호랑이김치,12260,food
1103131871,[마녀바스켓] 밥도둑 간장고추장아찌 1kg+1kg,김치/반찬,반찬,절임류,,TODAM,12500,food
1122197840,[호랑이김치] 국산 강원도 생더덕무침 1kg,김치/반찬,반찬,절임류,,호랑이김치,30400,food
1086796705,[한설식품] 쫄깃한 쥐포 400g (대사이즈/20장 내외),수산/수산가공식품,건어물,건생선,,기타브랜드,11900,food
1079042135,[2+사은품] 마른안주 BEST 9종(쥐포10장/아귀포/오징어/숏다리/먹태3종/황태튀각),수산/수산가공식품,건어물,건생선,,세이브밀,7300,food
33699788,[바다원] 쫄깃함이 다른 바다원 쥐포 400G(M사이즈/20장 내외),수산/수산가공식품,건어물,건생선,,바다원,14900,food
1090513036,BADAM 쫄깃 인생쥐포 (소) 30장 (150g x 2봉),수산/수산가공식품,건어물,건생선,,수산곳간,12900,food
68679777,꽃보다오징어 오리지날 230g + 230g,수산/수산가공식품,건어물,건오징어,,한양식품,32720,food
1109439508,한양식품 꽃보다오징어 슬라이스 230g + 230g,수산/수산가공식품,건어물,건오징어,,기타브랜드,32720,food
1128180735,포항 구룡포 반건조 피데기 오징어 10미 (700g 내외),수산/수산가공식품,건어물,건오징어,,산지로드,19120,food
1087401970,[한설식품] 국내가공 진미채500g,수산/수산가공식품,건어물,건오징어,,기타브랜드,14900,food
1109439462,한양식품 꽃보다오징어 소프트 230g+230g,수산/수산가공식품,건어물,건오징어,,기타브랜드,32720,food
64292443,[물맛남] 반건조 황금빛 박대 왕특  10미(35-37cm) 군산제조,수산/수산가공식품,건어물,기타건어물,,자연맛남,36900,food
35704333,[너트리] 백진미채 1kg 국내가공,수산/수산가공식품,건어물,기타건어물,,너트리,24900,food
1087847827,"[GS단독]BADAM 가루 없이 깨끗한 국내가공 진미채 150g x 2봉(지퍼백,소포장)",수산/수산가공식품,건어물,기타건어물,,수산곳간,12900,food
64292446,[물맛남] 반건조 황금빛 박대 왕특  5미(35-37cm) 군산제조,수산/수산가공식품,건어물,기타건어물,,자연맛남,20900,food
64292427,[물맛남] 반건조 황금빛 박대 특  10미(31-33cm) 군산제조,수산/수산가공식품,건어물,기타건어물,,자연맛남,25900,food
1133759413,광천김 이모카세1호 곱창캔김 30g*12캔,수산/수산가공식품,건어물,김,,이모카세1호,49900,food
1099105388,[대천김] 명품 캔김 세트 30g 6캔 곱창김 선물세트,수산/수산가공식품,건어물,김,,대천김,28000,food
1093351128,[성경김본사] 녹차 식탁김 4g 12봉 x 2개 (총 24봉),수산/수산가공식품,건어물,김,,성경식품,13900,food
1123723585,인산가 X 광천김 죽염담은 곱창 캔김 30g * 8캔 (프리미엄 골드라벨),수산/수산가공식품,건어물,김,,인산가,37910,food
1058882669,[광천김선물세트] 명란 도시락김 선물세트 (명란도시락김 24봉),수산/수산가공식품,건어물,김,,광천다솔김,17600,food
1080425691,BADAM 볶음용 지리멸치 150g x 2봉 (소포장으로 보관이 용이한),수산/수산가공식품,건어물,멸치,,수산곳간,7120,food
1116903872,[어가찬] 국내산 햇 가이리멸치 400g (볶음용/조림용),수산/수산가공식품,건어물,멸치,,광천다솔김,5910,food
1085597532,[한설식품] 국내산 지리멸치 250g + 250g (지퍼팩포장),수산/수산가공식품,건어물,멸치,,멸치원,11120,food
1135726331,[만복당] 액막이 명태 2종 더블세트,수산/수산가공식품,건어물,멸치,,만복당,69800,food
1116903853,[어가찬] 국내산 햇 고바 멸치 400g (조림용/볶음용/고추장용),수산/수산가공식품,건어물,멸치,,광천다솔김,5910,food
1119643725,밥지을때 넣는 완도산 밥다시마 200g 2통 용기형,수산/수산가공식품,건어물,미역/다시마,,유리아,19900,food
1118894382,BADAM 유기인증 더 안전한 자른미역 80g x 2봉,수산/수산가공식품,건어물,미역/다시마,,수산곳간,10000,food
93629742,[완도맘] 완도맘 밥에넣는톳 찐톳 100g,수산/수산가공식품,건어물,미역/다시마,,신선연구소,9900,food
1029579438,밥지을때 넣는 완도산 밥다시마 200g 용기형,수산/수산가공식품,건어물,미역/다시마,,유리아,9900,food
18210069,홍진경 더다시팩 3봉,수산/수산가공식품,건어물,미역/다시마,,홍진경 더다시팩,25180,food
1022321877,[너트리] 황태채 1kg(500g x 2개) 자연건조,수산/수산가공식품,건어물,황태,,너트리,35920,food
1105842449,고래거너 황태채 1kg 자연건조,수산/수산가공식품,건어물,황태,,기타브랜드,34320,food
50000691,백송식품 자연건조 고담백 황금빛 황태채 1kg,수산/수산가공식품,건어물,황태,,백송식품,33520,food
12117224,용대리 황태포 5미 특대 마리당크기 42~44cm,수산/수산가공식품,건어물,황태,,용대리황태,20400,food
35443962,[너트리] 황태채 500g 자연건조,수산/수산가공식품,건어물,황태,,너트리,19600,food
1034918078,제주직송 왕특갈치 2미 총8토막(마리당 500g이상),수산/수산가공식품,생선,갈치,,동화상협,63920,food
1133190998,해담 제주은갈치 300g 6팩,수산/수산가공식품,생선,갈치,,해담,57900,food
27411413,"[산지직송] 제주어가 은갈치, 참옥돔 선물세트",수산/수산가공식품,생선,갈치,,제주 창해수산,124000,food
27411065,[산지직송] 제주어가 갈치 고등어 선물세트,수산/수산가공식품,생선,갈치,,제주 창해수산,69280,food
1058781544,[해담]제주은갈치(300g 5마리) 총20토막 특갈치선물세트,수산/수산가공식품,생선,갈치,,영어조합법인해담,37900,food
1108240312,[GS단독] 가시제거연구소 고등어밥상 노르웨이 순살고등어 550g 2봉,수산/수산가공식품,생선,고등어,,가시제거연구소,37900,food
1108241611,[GS단독] 가시제거연구소 고등어밥상 노르웨이 순살고등어 550g 3봉,수산/수산가공식품,생선,고등어,,가시제거연구소,59900,food
1109760318,[GS단독] 가시제거연구소 고등어밥상 국내산 제주산 순살고등어 500g 3봉,수산/수산가공식품,생선,고등어,,가시제거연구소,37900,food
1028226861,순살 죽염 이동삼 안동간고등어 120g x 10팩,수산/수산가공식품,생선,고등어,,안동간고등어,24720,food
1108243314,[GS단독] 가시제거연구소 고등어밥상 노르웨이 순살고등어 550g 4봉,수산/수산가공식품,생선,고등어,,가시제거연구소,78900,food
1134860468,인산죽염 부세보리굴비 150g*8팩,수산/수산가공식품,생선,굴비,,인산가,69900,food
1134260490,셰프 송훈 연본 부세 보리굴비 선물세트 8미,수산/수산가공식품,생선,굴비,,셰프 송훈,53910,food
1134864182,인산죽염 부세보리굴비 150g*8팩*2박스 (더블구성),수산/수산가공식품,생선,굴비,,인산가,134800,food
1060423895,영광 법성포 굴비 40미 2.5kg내외 (15~17cm),수산/수산가공식품,생선,굴비,,푸르젠,34320,food
24096013,[영광군수협]몸愛좋은 국내산 영광굴비 40미 진공팩 (2.8㎏이상),수산/수산가공식품,생선,굴비,,영광군수협,63200,food
1133752776,박정수 올바른가 자연산 순살 조기 120토막 2.4kg,수산/수산가공식품,생선,기타생선,,올바른가,43900,food
92241073,[삼치밥상] 가시제거 순살 삼치 2봉 (1봉당 7~8팩 / 800g) 1.6kg,수산/수산가공식품,생선,기타생선,,가시제거연구소,46500,food
1105310576,가시제거 순살 조기 슬라이스 500g 2팩,수산/수산가공식품,생선,기타생선,,푸드앳홈,19900,food
1066323602,"[GS단독] 가시제거연구소 순살가자미 650g*4봉, 총 32~36필렛",수산/수산가공식품,생선,기타생선,,가시제거연구소,62900,food
92708340,"[GS단독] 가시제거연구소 순살가자미 650g*2봉, 총 16~18필렛",수산/수산가공식품,생선,기타생선,,가시제거연구소,37900,food
59374377,노르웨이 딥스킨 생연어 슬라이스 300g,수산/수산가공식품,생선,연어/훈제연어,,비비수산,15900,food
1026474705,"슈페리어 등급 노르웨이 생연어 1kg (초장,간장,와사비 소스증정)",수산/수산가공식품,생선,연어/훈제연어,,thesingsing,44900,food
59374385,노르웨이 딥스킨 생연어 1kg 전체부위,수산/수산가공식품,생선,연어/훈제연어,,비비수산,43900,food
1041871784,[파인밀] 노르웨이 프리미엄 생연어 필렛 1kg + 소스 3종 증정,수산/수산가공식품,생선,연어/훈제연어,,파인밀,56900,food
1026475915,"슈페리어 등급 노르웨이 생연어 500g (초장,간장,와사비 소스증정)",수산/수산가공식품,생선,연어/훈제연어,,thesingsing,25900,food
1110731266,"[OHBADA]GS단독 고창 자포니카 민물장어 1kg(손질후 750g내외)+함초소금,생강채,소스2종",수산/수산가공식품,생선,장어,,오바다,27120,food
1030808306,고창 산지직송 두툼한 풍천 민물장어 2kg 손질후 1.4kg/소스2종+함초소금증정,수산/수산가공식품,생선,장어,,신선연구소,40080,food
1124313635,동경밥상 시그니처 민물장어구이 750g(4미) 블랙소스 50g x 3개 레드소스 50g x 3개,수산/수산가공식품,생선,장어,,동경밥상,79900,food
31649527,고창 산지직송 두툼한 풍천 민물장어 1kg 손질후 700g/소스2종+함초소금증정,수산/수산가공식품,생선,장어,,맛군,21520,food
1011628320,[품질보장] 자포니카 품종 민물장어 2kg(2-3미/손질후 1.2kg-1.3kg)+소스4+생강채,수산/수산가공식품,생선,장어,,자연맛남,48900,food
1125013665,푸디헤븐 꽃게옥 북한강점 연평도산 살이 꽉 찬 양념 꽃게장 1kg,수산/수산가공식품,수산가공식품,간장게장/양념게장,,푸디헤븐,20900,food
1131896869,[해동찬가] 삼점 암꽃게장 간장게장 2kg/7미,수산/수산가공식품,수산가공식품,간장게장/양념게장,,해동찬가,16900,food
1079441494,45년전통 전국3대맛집 똑순이 아구찜 1kg (2~3인분) X 2팩,수산/수산가공식품,수산가공식품,기타,,똑순이아구찜,34900,food
1054659704,[맘스킹]정선청정더덕 최돈철의 깐더덕 1.2kg,수산/수산가공식품,수산가공식품,기타,,맘스킹,39000,food
1042623599,[공룡나라]고성 웅이표고농장 생표고 파지1kg,수산/수산가공식품,수산가공식품,기타,,공룡나라,13500,food
1044927138,[공룡나라]우진푸드 바다야 냉동굴 1kg,수산/수산가공식품,수산가공식품,기타,,공룡나라,14500,food
1042485520,[공룡나라]고성 웅이표고농장 생표고 하품 2kg,수산/수산가공식품,수산가공식품,기타,,공룡나라,23500,food
1030496665,더촉촉한 게맛살 1kg JNS 게맛살,수산/수산가공식품,수산가공식품,맛살,,그램원,7800,food
1062143884,한성기업 크래미 몬스터크랩 72g X 15개,수산/수산가공식품,수산가공식품,맛살,,한성기업,20050,food
1123520251,한성기업 몬스터크랩 72g 10개,수산/수산가공식품,수산가공식품,맛살,,한성기업,11700,food
1104573330,비비고 고단백 올리브 오일 생선구이 연어 스테이크 60g x10개,수산/수산가공식품,수산가공식품,생선구이,,CJ제일제당,57900,food
1029946295,간편한 손질 두절 가자미 구이용 1kgx2팩 (kg당 4-6미 내외),수산/수산가공식품,수산가공식품,생선구이,,맛군,21900,food
1026580542,바로 구워먹는 연어구이 600g(60gx10개),수산/수산가공식품,수산가공식품,생선구이,,한려엔쵸비,16900,food
1066626424,(냉동) 비비고 순살 고등어구이 60g x10개,수산/수산가공식품,수산가공식품,생선구이,,CJ제일제당,48900,food
66515320,[수협인증] 고창 풍천 민물장어 1kg 3미 (초벌구이),수산/수산가공식품,수산가공식품,생선구이,,수협,58900,food
1038644172,[아빠식당] 밀가루 없는 연육83% 어묵탕3팩+매운어묵탕 2팩,수산/수산가공식품,수산가공식품,어묵,,아빠식당,27900,food
1019114845,[마녀바스켓] 연육 80% 부산깡통시장 꼬치어묵 40개(10개입x4봉)+소스4봉,수산/수산가공식품,수산가공식품,어묵,,TODAM,15900,food
1103677815,[마녀바스켓] 연육 80% 부산깡통시장 꼬치어묵 60개(10개입x6봉)+소스6봉,수산/수산가공식품,수산가공식품,어묵,,TODAM,18900,food
1070181467,"[미식배송]NO밀가루+프리미엄 SA등급 연육, 가마보꼬어묵바 새우맛 700g(70gx10개)",수산/수산가공식품,수산가공식품,어묵,,미식배송,13900,food
1084054946,[GS ONLY] 착한낙지세트 4팩(손질낙지4팩+양념4팩),수산/수산가공식품,수산가공식품,오징어/주꾸미/낙지볶음,,착한낙지,21900,food
1105265972,지예찬 쭈꾸미볶음 400gX5팩 / GS단독 브랜드,수산/수산가공식품,수산가공식품,오징어/주꾸미/낙지볶음,,지예찬,44910,food
68679780,꽃보다오징어 소프트 230g+230g,수산/수산가공식품,수산가공식품,오징어/주꾸미/낙지볶음,,한양식품,32720,food
1105264918,지예찬 쭈꾸미볶음 400gX3팩 / GS단독 브랜드,수산/수산가공식품,수산가공식품,오징어/주꾸미/낙지볶음,,지예찬,27990,food
50401425,[착한낙지] 착한낙지세트 (손질낙지6팩+양념6팩),수산/수산가공식품,수산가공식품,오징어/주꾸미/낙지볶음,,착한낙지,36900,food
1103102578,지예찬 백명란 젓갈(실속형/파치) 1kg / GS 단독 브랜드,수산/수산가공식품,수산가공식품,젓갈류/명란,,지예찬,19980,food
1132044252,대한민국 명장 장석준 명란 한명란 120g x 5팩,수산/수산가공식품,수산가공식품,젓갈류/명란,,장석준명란,52160,food
1103131865,[소소락] 강경젓갈 무색소저염 백명란파지 1kg,수산/수산가공식품,수산가공식품,젓갈류/명란,,sosorak,20500,food
1103171795,밥도둑 백명란젓 파지 1kg,수산/수산가공식품,수산가공식품,젓갈류/명란,,푸드앳홈,19900,food
1103102583,지예찬 백명란 젓갈(실속형/파치) 500g / 단독,수산/수산가공식품,수산가공식품,젓갈류/명란,,지예찬,13410,food
1118869239,[연평도 꽃게] 제철 활 숫꽃게 3kg (kg당 3-4미/빙장포장),수산/수산가공식품,해산물,게,,자연맛남,48900,food
1016991088,26년 신진도 제철 활 꽃게 2kg (6~12미)/산지직송/빙장포장,수산/수산가공식품,해산물,게,,은하수산,29900,food
1060974607,서해안 당일조업 가을 활 숫꽃게 2kg (kg당 3~5미내외) 빙장포장,수산/수산가공식품,해산물,게,,맛군,29900,food
1085369086,연평도 급냉 암꽃게 손질 절단 냉동 꽃게 2kg (12-20조각),수산/수산가공식품,해산물,게,,기타브랜드,38900,food
1134199382,26년 제철 활 숫꽃게 2kg (kg당4-5미/서해안 꽃게),수산/수산가공식품,해산물,게,,자연맛남,31900,food
1132049867,[바다영] 국산 활 흰다리 새우 생 새우 1kg,수산/수산가공식품,해산물,기타해산물,,기타브랜드,30000,food
1034692212,"간편한 신선 해물모듬 1.2kg (600g x 2봉)_오징어채,자숙가리비,자숙바지락,새우살",수산/수산가공식품,해산물,기타해산물,,맛군,14500,food
1032050258,한입 가리비관자 500g 가리비 관자 조개구이 버터구이 캠핑,수산/수산가공식품,해산물,기타해산물,,그램원,7900,food
1122536552,[밋앤밀] 당일수확 벌교 산지직송 맛조개 2kg,수산/수산가공식품,해산물,기타해산물,,밋앤밀,58900,food
1017396700,당일조업 달큰한 통영 홍가리비 3kg (kg당25~30미내외),수산/수산가공식품,해산물,기타해산물,,맛군,23900,food
1057625489,박정수 블랙타이거새우 3팩(총 60미) 저당칠리소스 증정,수산/수산가공식품,해산물,새우,,올바른가,29900,food
1031466422,왕특대 노바시새우 20미 450g 가성비 튀김용 손질 새우,수산/수산가공식품,해산물,새우,,그램원,10700,food
1082223496,박정수 블랙타이거새우 5팩(총 100미) 저당칠리소스 증정,수산/수산가공식품,해산물,새우,,올바른가,59900,food
1031466443,깔끔 손질 노바시새우 30미 300g 가성비 튀김용새우,수산/수산가공식품,해산물,새우,,그램원,6690,food
52123186,[씨테이블] 손질된 노바시새우 450g*2팩 특대 총40마리 새우튀김,수산/수산가공식품,해산물,새우,,씨본,29900,food
1010412342,[물맛남] 자연산 손질 통오징어 10마리(260gx5팩),수산/수산가공식품,해산물,오징어,,자연맛남,22320,food
1052624690,자연산 손질 통오징어 320g x 5팩 (10마리),수산/수산가공식품,해산물,오징어,,삼해진미,28720,food
1027964869,[삼해진미] 자연산 손질 통오징어 260g x 10팩 (20마리),수산/수산가공식품,해산물,오징어,,삼해진미,39920,food
1081555426,궁키친 이상민 알찬 갑오징어 3팩 60미 + 버터 구이 소스 1병,수산/수산가공식품,해산물,오징어,,궁키친 이상민,39000,food
1084931082,[강영수산]자연산 손질오징어 통오징어 2미(270g) x 5팩 (10마리),수산/수산가공식품,해산물,오징어,,기타브랜드,23920,food
1082594755,[산지직송]특대 완도 활전복 1kg(12-13미) 산소포장(세척솔+칼 증정),수산/수산가공식품,해산물,전복,,기타브랜드,26320,food
20922385,[완도전복]활전복 특특대 고급횟감용(8-9미) 1kg 산소포장_국내양식산,수산/수산가공식품,해산물,전복,,청해진미완도전복,29520,food
20259853,완도전복 특특대 6-7미 1kg 산소포장_국내양식산,수산/수산가공식품,해산물,전복,,청해진미완도전복,39120,food
20007325,"[완도전복]특특대활전복7-8미 1kg, 수출 고급횟감용_국내양식산",수산/수산가공식품,해산물,전복,,청해진미완도전복,35600,food
1045555563,"완도활전복 1kg 9-10미(미당100g내외) [산소팩, 무료배송]",수산/수산가공식품,해산물,전복,,연프레시,25520,food
1004528589,[산지직송] 당일어획 통영 자연산 돌문어 800g(1-3마리내외),수산/수산가공식품,해산물,주꾸미/낙지,,맛군,27120,food
1133190313,정호영셰프의 신선담은 손질왕낙지 170g x 9팩 + 비법담은 볶음소스 50g x 9팩,수산/수산가공식품,해산물,주꾸미/낙지,,정호영,52900,food
1099067718,궁키친 이상민 손질 킹 낙지 400g*3팩 총 1.2kg + 만능 매콤 양념 소스 1팩,수산/수산가공식품,해산물,주꾸미/낙지,,궁키친 이상민,39000,food
1135186480,국내산 돌문어1kg 2-4미,수산/수산가공식품,해산물,주꾸미/낙지,,산지로드,27920,food
1099067991,궁키친 이상민 손질 킹 낙지 400g 5팩 총 2kg (소스x 오직 낙지만),수산/수산가공식품,해산물,주꾸미/낙지,,궁키친 이상민,56900,food
1094012189,[25년 햅쌀] 통에 담은 국산 상황버섯 쌀 2kg(1kgx2통),쌀/잡곡,쌀,기타쌀,,큰나무,35990,food
36131841,[토종마을]HACCP인증 오리지널 곤약쌀 500g X 2개,쌀/잡곡,쌀,기타쌀,,토종마을,22800,food
92944374,[바비조아] 백미에 섞어먹는 컬러쌀_ 강황미 1kg,쌀/잡곡,쌀,기타쌀,,바비조아,10900,food
26469937,2026년 햅쌀 국산 백미 쌀 5kg 상등급,쌀/잡곡,쌀,백미,,현대농산,19400,food
26466251,2026년  햅쌀 국산 찹쌀 5kg,쌀/잡곡,쌀,찹쌀,,현대농산,20300,food
1115387335,2026년 햅쌀 국산 찹쌀 3kg,쌀/잡곡,쌀,찹쌀,,현대농산,14800,food
1071257453,더알찬곡물 국산 찹쌀 1kg 1봉 25년산 잡곡,쌀/잡곡,쌀,찹쌀,,대한농산,6900,food
26466252,2026년 햅쌀 국산 현미 5kg,쌀/잡곡,쌀,현미,,현대농산,18400,food
26466247,2026년 햅쌀 국산 현미찹쌀 찰현미 5kg,쌀/잡곡,쌀,현미,,현대농산,19200,food
1115387293,2026년 햅쌀 국산 현미찹쌀 찰현미 3kg,쌀/잡곡,쌀,현미,,현대농산,14200,food
1115387257,2026년 햅쌀 국산 현미3kg,쌀/잡곡,쌀,현미,,현대농산,13800,food
25520100,2026년 햅쌀 국산 찰흑미 2kg,쌀/잡곡,쌀,흑미,,현대농산,10300,food
26466250,2026년 햅쌀 국산 찰흑미 5kg,쌀/잡곡,쌀,흑미,,현대농산,19900,food
25519930,2026년 햅쌀 국산 찰흑미 4kg (2kgx2봉),쌀/잡곡,쌀,흑미,,현대농산,16900,food
1115387367,2026년 햅쌀 국산 찰흑미 3kg,쌀/잡곡,쌀,흑미,,현대농산,14200,food
91523336,2026년 햅쌀 국산 찰흑미 1.5kg (500gx3봉),쌀/잡곡,쌀,흑미,,현대농산,9700,food
37952233,2026년 햇곡 국산 귀리 2kg (1kgx2봉),쌀/잡곡,잡곡,귀리,,현대농산,10400,food
1118694291,국산 26년산 귀리 5kg 국내산 햇 귀리 쌀,쌀/잡곡,잡곡,귀리,,푸드앤픽,18900,food
27061598,수입 귀리 5kg,쌀/잡곡,잡곡,귀리,,현대농산,9200,food
32092071,[산과들에] 한끼대용 롤드 오트밀(압착귀리) 500g x3봉,쌀/잡곡,잡곡,귀리,,산과들에,10900,food
1015281967,오트밀 1.5kg (500gX3봉) 귀리 100% 시리얼,쌀/잡곡,잡곡,귀리,,현대농산,8900,food
1135292155,2026년 햇곡 국산 찰기장 1kg (500gx2봉),쌀/잡곡,잡곡,기장,,현대농산,13600,food
56047853,2026년 햇곡 국산 찰기장 2kg,쌀/잡곡,잡곡,기장,,현대농산,22600,food
1108267403,곡물앤픽 26년 국산 찰기장 2kg 노랑좁쌀 노란차조,쌀/잡곡,잡곡,기장,,푸드앤픽,24300,food
1066706601,수입 기장쌀 4kg (2kgx2봉) 기장 노란 차조 좁쌀,쌀/잡곡,잡곡,기장,,대한농산,8900,food
1108267381,곡물앤픽 26년 국산 찰기장 1kg 노랑좁쌀 노란차조,쌀/잡곡,잡곡,기장,,푸드앤픽,14500,food
1051179738,그레인온 파로 280g 20봉 5.6kg,쌀/잡곡,잡곡,기타잡곡,,그레인온,82900,food
1055451549,그레인온 파로 1KG 5봉,쌀/잡곡,잡곡,기타잡곡,,그레인온,44500,food
1055451495,그레인온 파로 1KG 3봉,쌀/잡곡,잡곡,기타잡곡,,그레인온,29900,food
1102196378,더알찬곡물 파로 2kg / 25년산 고대곡물 이집트쌀,쌀/잡곡,잡곡,기타잡곡,,대한농산,10900,food
1051660129,그레인온 파로 280g 10봉 2.8kg,쌀/잡곡,잡곡,기타잡곡,,그레인온,46900,food
1131515138,[거북이방앗간] 국산100% 껍질벗긴 들깨가루 거피 탈피 200g,쌀/잡곡,잡곡,깨,,거북이방앗간,13900,food
1135059546,[거북이방앗간] 국산100% 껍질벗긴 들깨가루 거피 탈피 500g,쌀/잡곡,잡곡,깨,,거북이방앗간,28900,food
2751819,[영월농협] 동강마루 국산 볶음참깨500g,쌀/잡곡,잡곡,깨,,농협,39800,food
1088235405,볶은 시골 통깨 참깨 1kg,쌀/잡곡,잡곡,깨,,자연맛남,13900,food
1026765306,세 번 씻고 두 번 볶아 더 고소한 볶음 참깨 500g 통깨,쌀/잡곡,잡곡,깨,,현대농산,7600,food
27061604,2026년 햇곡 국산 깐녹두 1kg (500gx2봉),쌀/잡곡,잡곡,녹두,,현대농산,19400,food
94687076,수입 깐녹두 2kg 기피녹두 거피녹두,쌀/잡곡,잡곡,녹두,,현대농산,11500,food
1070053972,26년산 국산 깐녹두 700g 잡곡,쌀/잡곡,잡곡,녹두,,대한농산,14500,food
1066706647,25년산 수입 깐녹두 2kg (1kgx2봉) 녹두,쌀/잡곡,잡곡,녹두,,대한농산,10900,food
1090746264,수입 대깐녹두 2kg 기피 거피 껍질없는 녹두,쌀/잡곡,잡곡,녹두,,현대농산,14800,food
56408233,국내산 통메밀 메밀 1kg (500gX2팩) 메밀차,쌀/잡곡,잡곡,메밀,,INCHA,17000,food
35795625,[토종마을]HACCP인증 국산 볶은귀리가루 800g,쌀/잡곡,잡곡,미숫가루/곡물가루,,토종마을,19900,food
59505840,산과들에 시원한 한봉 더 고소한 미숫가루 스틱 25g x50봉,쌀/잡곡,잡곡,미숫가루/곡물가루,,산과들에,16900,food
12870271,[국내산 30곡] 보의당 통곡물 한끼선식 12박스,쌀/잡곡,잡곡,미숫가루/곡물가루,,박경호,69900,food
59505837,[산과들에] 더고소한 미숫가루 스틱 25g x30봉 (든든한한끼대용),쌀/잡곡,잡곡,미숫가루/곡물가루,,산과들에,11500,food
1109820921,헬로우그린 국내산 생 율무 가루 분말 500g(팩),쌀/잡곡,잡곡,미숫가루/곡물가루,,헬로우 그린,8080,food
1054861001,25년 햇곡 이탈리아산 고대곡물 파로 1kgx2팩 파로쌀 파로밥 엠머 밀 파로효소 용,쌀/잡곡,잡곡,밀,,큰나무,19900,food
1090893777,고대 곡물 파로 2kg 고대 곡물 밀쌀 파로쌀,쌀/잡곡,잡곡,밀,,현대농산,11500,food
1088736113,25년산 햇곡 파로 엠머 밀 파로 쌀 5kgx1개(총 5kg),쌀/잡곡,잡곡,밀,,큰나무,28900,food
1104762786,고대 곡물 파로 5kg 엠머밀 파로밥 파로밀,쌀/잡곡,잡곡,밀,,현대농산,23400,food
1055997751,25년 햇곡 이탈리아산 고대곡물 파로 1kgx5팩 파로쌀 파로밥 엠머 밀 파로효소 용,쌀/잡곡,잡곡,밀,,큰나무,43900,food
29085074,2026년 햇곡 국산 찰보리 5kg,쌀/잡곡,잡곡,보리,,현대농산,10900,food
29085073,2026년 햇곡 국산 늘보리 5kg 겉보리쌀 꽁보리밥,쌀/잡곡,잡곡,보리,,현대농산,11300,food
1115387233,[GS단독]2026년 햇곡 국산 찰보리 3kg,쌀/잡곡,잡곡,보리,,현대농산,9100,food
56047849,국산 찰수수 2kg,쌀/잡곡,잡곡,수수,,현대농산,15300,food
1046132339,국산 찰수수 1kg (500gx2봉),쌀/잡곡,잡곡,수수,,현대농산,9800,food
1080238547,대한농산 국산 찰수수 1kg 1봉 / 25년산 잡곡,쌀/잡곡,잡곡,수수,,대한농산,9900,food
1080238556,대한농산 국산 찰수수 1kg 2봉 / 25년산 잡곡,쌀/잡곡,잡곡,수수,,대한농산,16900,food
4101129,[정선농협] 5일장잡곡 찰수수쌀2kg,쌀/잡곡,잡곡,수수,,정선농협,18800,food
28218796,국산 율무 1kg (500gX2봉),쌀/잡곡,잡곡,율무,,현대농산,20700,food
1135292073,국산 율무 2kg,쌀/잡곡,잡곡,율무,,현대농산,37500,food
32219226,율무 500g 국산,쌀/잡곡,잡곡,율무,,밥선생,10900,food
1016004712,건강 잡곡 3종 선물세트,쌀/잡곡,잡곡,잡곡세트,,현대농산,12600,food
1016004721,참살이 혼합 잡곡 3종 선물세트,쌀/잡곡,잡곡,잡곡세트,,현대농산,11500,food
1001021164,"[웰굿]국산 잡곡 4종 선물세트 1호(귀리,찰보리,찰진주,혼합곡)",쌀/잡곡,잡곡,잡곡세트,,웰굿,38900,food
1016004707,웰빙 혼합곡 4종 선물세트,쌀/잡곡,잡곡,잡곡세트,,현대농산,14800,food
1073169514,참살이 국산 혼합곡 2종 선물세트,쌀/잡곡,잡곡,잡곡세트,,현대농산,13600,food
90056865,정품 카무트 쌀 1.2kg (400gX3봉),쌀/잡곡,잡곡,카무트,,현대농산,15400,food
67824033,고대곡물 정품 카무트 쌀 500gX2봉,쌀/잡곡,잡곡,카무트,,카무트,12900,food
90056863,정품 카무트 쌀 800g (400gX2봉),쌀/잡곡,잡곡,카무트,,현대농산,11500,food
66376779,고대곡물 정품 카무트 쌀 1kg X 5개 (용기),쌀/잡곡,잡곡,카무트,,카무트,55900,food
1081746789,[곡물마켓] 더프레시 카무트 500g x 6,쌀/잡곡,잡곡,카무트,,더프레시,17500,food
1130030340,[그리스 직수입] 그릭 곡물 간편식 혈당 식단 관리 퀴노아 렌틸콩 믹스 x 2개입,쌀/잡곡,잡곡,콩,,추억의국민학교떡볶이,5900,food
1134303601,강봉석 명인조청 서리태 견과범벅 15g 96개(8개x12봉),쌀/잡곡,잡곡,콩,,강봉석,59900,food
26365408,국산 서리태 2kg 속청,쌀/잡곡,잡곡,콩,,현대농산,18500,food
25519948,수입 병아리콩 4kg (2kgx2봉) 이집트콩 밤콩,쌀/잡곡,잡곡,콩,,현대농산,10200,food
50208114,국산 서리태 1kg (500gx2봉) 속청,쌀/잡곡,잡곡,콩,,현대농산,11900,food
1103756110,농부미학 국내산 적두 팥 1kg,쌀/잡곡,잡곡,팥,,푸드앳홈,17900,food
34820111,페루 적두 팥 2kg,쌀/잡곡,잡곡,팥,,현대농산,10700,food
1001055705,국산 적두 1kg (500gx2봉),쌀/잡곡,잡곡,팥,,현대농산,20300,food
34830144,페루 적두 5kg 팥,쌀/잡곡,잡곡,팥,,현대농산,21700,food
1080238566,더알찬곡물 국산 적두 700g 1봉 25년산 잡곡,쌀/잡곡,잡곡,팥,,대한농산,13900,food
25519931,렌틸콩 귀리혼합 20곡 5kg 혼합곡,쌀/잡곡,잡곡,혼합곡,,현대농산,11500,food
27035406,균형 혼합 18곡 4kg (2kgX2봉) 잡곡,쌀/잡곡,잡곡,혼합곡,,현대농산,10700,food
65466303,발아현미 21곡 1.8kg (600gx3봉),쌀/잡곡,잡곡,혼합곡,,현대농산,7700,food
1003927581,국산혼합 19곡 3kg (1kgX3봉),쌀/잡곡,잡곡,혼합곡,,현대농산,14700,food
31394573,국산 혼합15곡 4kg (2kg+2kg) 잡곡,쌀/잡곡,잡곡,혼합곡,,밥선생,21900,food
1130030303,코스트코 링티  쿨 가드 레몬에이드 음료 분말 324.8g(11.6g x 28포) 베이스,음료,기능성음료,기타기능성음료,,해핑몰,37900,food
1107133477,매일 메디웰 고단백 프러스 K 200ml x 24개,음료,기능성음료,기타기능성음료,,기타브랜드,31720,food
65169243,광동 위생천 75ml x 50병,음료,기능성음료,기타기능성음료,,광동제약,26000,food
65169240,광동 위생천 75ml x 20병,음료,기능성음료,기타기능성음료,,광동제약,12900,food
1053539870,[한국야쿠르트의 새이름 HY]한국야쿠르트 갓비움 애플민트 230ml x 24개입,음료,기능성음료,기타기능성음료,,한국야쿠르트,31600,food
1104097541,RU21 숙취해소엔 웨이크업 스틱 젤리 10포 x 2박스,음료,기능성음료,꿀물/숙취음료,,알유-21,36900,food
1132143853,히말라야 숙취해소 파티스마트 망고 10개입 6BOX+(증정)베리 2개입 5BOX+미니 립밤,음료,기능성음료,꿀물/숙취음료,,히말라야,33210,food
1127720828,히말라야 숙취해소제 젤리형 파티스마트 소프트 츄스 망고 10개입 2BOX,음료,기능성음료,꿀물/숙취음료,,히말라야,19800,food
1134205129,알디콤P 숙취해소제 5포입 3박스,음료,기능성음료,꿀물/숙취음료,,알디콤,36870,food
1132143843,히말라야 숙취해소 파티스마트 베리 10개입 6BOX+(증정)망고 2개입 5BOX+미니 립밤,음료,기능성음료,꿀물/숙취음료,,히말라야,33210,food
65169292,광동 비타500 100ml x 50병 (마시는비타민 비타민C 집들이선물),음료,기능성음료,비타민/에너지음료,,광동제약,24900,food
1005510023,광동 비타500 100mlx(10병)+박카스F120mlx(10병)(총20병),음료,기능성음료,비타민/에너지음료,,광동,20900,food
65169110,광동 비타500 C PLUS(칼슘) 100ml X 50병,음료,기능성음료,비타민/에너지음료,,광동제약,26900,food
65169413,광동 비타500 치어팩 250ml x 30입,음료,기능성음료,비타민/에너지음료,,광동제약,28900,food
1000664499,[직영] 롯데칠성 비타파워 180ml x 60캔,음료,기능성음료,비타민/에너지음료,,롯데칠성,23900,food
1127243157,[직영] 롯데칠성 게토레이 레몬 300ml x 24펫,음료,기능성음료,스포츠/이온음료,,롯데칠성,17900,food
1046020807,포카리스웨트 340ml X 24캔 뚱캔 이온음료 스포츠,음료,기능성음료,스포츠/이온음료,,동아오츠카,17870,food
1061923340,코카콜라음료 파워에이드 마운틴 블라스트 600ml 20개,음료,기능성음료,스포츠/이온음료,,코카콜라,30000,food
1080819324,포카리스웨트 1.5L x 4페트 이온음료,음료,기능성음료,스포츠/이온음료,,동아오츠카,14900,food
1051802957,[코카콜라] 코카콜라 파워에이드 퍼플스톰 600ml 12개,음료,기능성음료,스포츠/이온음료,,코카콜라,14020,food
1033331215,동원샘물 미니 생수 300ml x 20개,음료,생수/탄산수,생수,,동원에프앤비,5000,food
1007932838,풀무원 워터루틴 무라벨 생수 2L X 12병(무라벨/유라벨 랜덤발송),음료,생수/탄산수,생수,,풀무원샘물,6750,food
94884172,제주 삼다수 무라벨 2LX12병(유/무라벨 랜덤발송),음료,생수/탄산수,생수,,삼다수,12960,food
22230121,[무료배송] 동원샘물 2L x 12병 (무라벨),음료,생수/탄산수,생수,,동원에프앤비,6900,food
13866536,[무료배송] 동원샘물 2L x 6병 (무라벨),음료,생수/탄산수,생수,,동원에프앤비,3900,food
1133661682,[직영] 롯데칠성 트레비레몬ECO 350ml 20펫+아이시스 300ml 20펫,음료,생수/탄산수,탄산수,,롯데칠성,12500,food
1083677943,[풀무원] 탄산음료/탄산수 브리지톡 500mL X 20병(레몬/플레인/라임),음료,생수/탄산수,탄산수,,풀무원샘물,10900,food
98245372,[직영] 롯데칠성 트레비 300ml x 20펫 (5종),음료,생수/탄산수,탄산수,,롯데칠성,10100,food
1133661686,[직영] 롯데칠성 트레비플레인ECO 350ml 20펫+아이시스 300ml 20펫,음료,생수/탄산수,탄산수,,롯데칠성,12500,food
1108432885,동아오츠카 라인바싸 플레인 500ml×20개 탄산수 탄산음료,음료,생수/탄산수,탄산수,,동아오츠카,15290,food
1051995809,[삼경]오트사이드 바리스타블렌드 1L 6개 비건 식물성귀리 우유대체,음료,유제품,기타유제품,,오트사이드,26880,food
1134443074,삼육두유 검은콩 흑임자 두유 64팩,음료,유제품,두유,,삼육두유,35900,food
1104285714,[풀무원] 특등급 국산콩두유16팩,음료,유제품,두유,,풀무원,15900,food
1110422732,오색칠콩두유 무가당 185mLx40팩,음료,유제품,두유,,오색칠콩두유,16800,food
1131120574,GS단독 한박스 더 한국인의 두유 무가당 국산 서리태 콩물두유 3박스(60팩) + 백태 콩물두유 1박스(20팩),음료,유제품,두유,,한국인의두유,72900,food
1068362870,삼육두유 검은콩호두와아몬드 80팩,음료,유제품,두유,,삼육두유,42900,food
1103294595,무가당 자연발효 그릭요거트스타터 5포 4박스+1박스,음료,유제품,요거트/요구르트,,헬로바이오,13900,food
1103294516,무가당 자연발효 그릭요거트 스타터 5포 10+1박스 (총 55포),음료,유제품,요거트/요구르트,,헬로바이오,24900,food
1101554279,빌트루 상온발효 그릭 요거트 스타터 플레인 3박스 (총30포),음료,유제품,요거트/요구르트,,빌트루,15900,food
1081908120,후디스 그릭요거트 플레인 450g 2개,음료,유제품,요거트/요구르트,,일동후디스,12800,food
1102381857,웅진 무첨가 상온발효 그릭요거트 스타터 5+1박스,음료,유제품,요거트/요구르트,,웅진식품,39900,food
1079238409,믈레코비타 멸균우유 3.5% 소형 250ml 24입,음료,유제품,우유,,믈레코비타,17000,food
1002343448,소화가잘되는우유 오리지널 190ML 48팩,음료,유제품,우유,,매일유업,42830,food
1088046386,맛있는우유GT 200ml 멸균 흰우유 X 24팩,음료,유제품,우유,,남양유업,16980,food
1098471992,[건국우유] 건국 멸균 우유(오리지널) 200ml 24팩 (1박스),음료,유제품,우유,,건국유업,16860,food
1113622242,서울우유 멸균우유 1000mlx10개,음료,유제품,우유,,서울우유,26500,food
1039240394,"하동 매실액 1,000ml X 2 (2병) 황매실 산지직송",음료,차류,과실차,,몽미당,22900,food
1105236372,3년 숙성 하동 황매실청 1000ml*2,음료,차류,과실차,,thesingsing,23900,food
1061163745,문경몰 문경 자일로스 오미자청 1L 4병 총 4L,음료,차류,과실차,,문경몰,59900,food
1055805051,하동매실로 만든 3년숙성 하동매실원액 900ml (매실청),음료,차류,과실차,,하동매실,16400,food
1102976699,"[마이노멀] 100% 국산 매실 저당 저칼로리 매실청 580g, 2개",음료,차류,과실차,,마이노멀,27800,food
1024832981,[쟈뎅] 아워티 DIY 6종 혼합 선물세트 (4px6개)+리프레셔 1박스 추가 증정,음료,차류,기타차류,,쟈뎅,23900,food
1132336733,쟈뎅 로스티크 아워티 리프레셔 3종 피치망고/딸기아사이/유자핑크민트(총30입)+쇼핑백,음료,차류,기타차류,,쟈뎅,11700,food
1126883566,데일리어니언 양파껍질차 80병,음료,차류,기타차류,,데일리어니언,109000,food
1123405769,데일리어니언 양파껍질차 40병,음료,차류,기타차류,,데일리어니언,64000,food
1060667573,"[1,000적립]오설록 프리미엄 티 컬렉션 10종x4입 (총40입) 선물세트 / 티백",음료,차류,녹차,,오설록,24000,food
1060933079,"[1,000적립]오설록 티 베리에이션 O 6종x6입 (총36입) 선물세트 / 티백",음료,차류,녹차,,오설록,24000,food
1098472021,오설록 베스트 세트(웨하스+와플+프레첼),음료,차류,녹차,,오설록,14400,food
1073246791,오설록 제주영귤 세트(3종x3입) 선물세트 / 피라미드 티백,음료,차류,녹차,,오설록,16000,food
1073245322,(IN) 오설록 티&와플 세트(4종x3입+와플) 선물세트 / 피라미드 티백,음료,차류,녹차,,오설록,25200,food
1051003089,공식]브래그 애사비 사과식초 946mlx2병+473mlx2병+1병 더,음료,차류,농축액/원액,,브래그,59900,food
1050371087,공식]브래그 유기농 애사비 사과식초 946ml 2병,음료,차류,농축액/원액,,브래그,31900,food
1105726551,[참앤들] 국내산 배도라치청+약도라지청 250g 4병 선물세트+전용쇼핑백,음료,차류,농축액/원액,,참앤들황토농원,45900,food
1105084775,"웅진식품 차음료 6종 3개씩 (하늘보리, 누룽지차, 결명자차, 카무트현미차, 옥수수수염차, 자색옥수수수염차)",음료,차류,둥글레/옥수수차,,웅진식품,14900,food
65169322,광동 옥수수수염차 500ml x 24병 (무/유라벨 랜덤발송),음료,차류,둥글레/옥수수차,,광동제약,20900,food
1014709615,녹차원 팔방미인 옥수수수염차 100T,음료,차류,둥글레/옥수수차,,동서식품,8900,food
1084425143,엔칸토 옥수수수염차 480g 국내산 옥수수수염차베이스 98% 진액 액상,음료,차류,둥글레/옥수수차,,엔칸토,15900,food
58785829,[동원] 순백보리차 500ml x20입,음료,차류,보리/우엉/결명자차,,동원에프앤비,12900,food
1127860349,"웅진식품 하늘보리 325ml, 20개",음료,차류,보리/우엉/결명자차,,웅진식품,13970,food
1083641732,엔칸토 보리차  290g 국내산 보리베이스 98% 진액 액상,음료,차류,보리/우엉/결명자차,,엔칸토,6900,food
1065947208,청년차 100%국산 볶은 보리차 300g x 2팩,음료,차류,보리/우엉/결명자차,,전라도청년,8900,food
1127860186,"웅진식품 하늘보리 500ml, 20개",음료,차류,보리/우엉/결명자차,,웅진식품,15960,food
1080359725,[무료배송] 립톤 아이스티 복숭아맛 1.2kg,음료,차류,아이스티,,립톤,10900,food
1017294686,[티랑]  순수 작두콩차 300g,음료,차류,작두콩차/호박차/팥차,,티랑,14200,food
1047542002,저온으로 볶은 작두콩차 100g 2통,음료,차류,작두콩차/호박차/팥차,,유리아,19900,food
1133496148,비오바이 국산 작두콩 100g 볶은작두콩 작두콩꼬투리 작두콩칩 작두콩차,음료,차류,작두콩차/호박차/팥차,,비오바이,9900,food
50909178,서리지 작두콩차 삼각티백 100개입,음료,차류,작두콩차/호박차/팥차,,서리지,14500,food
1047542006,저온으로 볶은 작두콩차 100g 1통,음료,차류,작두콩차/호박차/팥차,,유리아,11900,food
1051528074,코스트코 느린 식혜 4000ml (1000ml x 4병) 아이스박스 발송,음료,차류,전통음료,,해핑몰,17010,food
1061830534,코스트코 서정쿠킹 느린 식혜 1000ml x2병 + 수정과 1000ml x2병,음료,차류,전통음료,,해핑몰,16900,food
1046382012,팔도 비락식혜 238ml x 24캔입,음료,차류,전통음료,,팔도,15730,food
1052434920,이롬 든든한컵 검은콩과율무 18g x 60포(1박스),음료,차류,전통음료,,이롬황성주,19800,food
93987592,[서정쿠킹] 느린식혜 1병+느린식혜 호박 2병,음료,차류,전통음료,,서정옥의느린부엌,14000,food
66504571,[1 + 1] 녹차원 정성가득 홍삼차세트+선물쇼핑백,음료,차류,전통차,,녹차원,41900,food
1030887774,[마트인코리아_MIK]담터 쌍화차 플러스 100T,음료,차류,전통차,,기타브랜드,25500,food
61608760,김오곤 원장 진한 쌍화차 침향 15gx50개 고명 50g 1개 포함,음료,차류,전통차,,김오곤원장,22900,food
1022071647,[오설록]달빛걷기 10입,음료,차류,전통차,,오설록,13040,food
1039308718,늘해찬 볶은  맥문동차 전통차 삼각티백 대용량 100티백,음료,차류,전통차,,늘해찬,26900,food
1027470438,[쟈뎅] 제주의 봄 청보리차 1.5L X 12PET,음료,차류,차음료,,쟈뎅,14900,food
65169389,광동 헛개차 1.5L x 12병 (무/유라벨 랜덤발송),음료,차류,차음료,,광동제약,18900,food
1030079528,광동 옥수수수염차 무라벨 330ml X 20병,음료,차류,차음료,,광동,16900,food
1130813559,연세 당백차 루핀콩 바나바잎 245ml 48팩,음료,차류,차음료,,연세두유,63900,food
1104752689,하이트진로 블랙보리 무라벨 보리차 500ml x 20pet,음료,차류,차음료,,광동제약,20200,food
1000740456,[1 +1] 녹차원 제주말차라떼 10T (무료배송/특가),음료,차류,코코아/라떼/기타분말,,녹차원,13500,food
1026411934,제티 쵸코스틱 340g,음료,차류,코코아/라떼/기타분말,,동서식품,7800,food
1113461886,100% 네덜란드 무가당 코코아 파우더 D-11-S  500g,음료,차류,코코아/라떼/기타분말,,우리가스토리,14900,food
90010305,[토종마을]카카오파우더 350g_코코아파우더_두바이쫀득쿠키_두쫀득,음료,차류,코코아/라떼/기타분말,,토종마을,13500,food
1050573503,[이디야] 바닐라라떼 30T x2,음료,차류,코코아/라떼/기타분말,,이디야,20500,food
1130663253,"티젠 콤부차 30스틱 (16종 택1) 당류 0g, 유산균 함유 - 정가 21,000원음료",음료,차류,허브/콤부/꽃차,,티젠,10900,food
1122288070,"티젠 콤부차 30스틱+30스틱 (16가지 맛 중 택2) 정가 42,000원",음료,차류,허브/콤부/꽃차,,티젠,18900,food
1109266071,[GS ONLY] 티젠 콤부차 10가지맛 혼합 100스틱 + 라즈베리 10스틱 증정,음료,차류,허브/콤부/꽃차,,티젠,28900,food
93501936,캐모마일차 카모마일차 삼각티백차 100개 캐모마일티 카모마일티,음료,차류,허브/콤부/꽃차,,오허브,17500,food
1046236435,티젠 콤부차 라즈베리 30스틱입 X 2박스,음료,차류,허브/콤부/꽃차,,티젠,18900,food
1013582460,[동원] 보성홍차 아이스티 제로 복숭아 500ml x24개,음료,차류,홍차/밀크티,,동원에프앤비,18900,food
1104576227,[적립금 5%] 동원 보성홍차 아이스티 제로 복숭아 500ml x18개,음료,차류,홍차/밀크티,,동원에프앤비,16900,food
1120668409,스타벅스 커피 크래프트 프리미엄 커피 원액 2종 x 2개 세트,음료,커피,기타커피,,네슬레,15680,food
1098899223,맥심 카누 말차 라떼 24T x 4개,음료,커피,기타커피,,맥심,50800,food
1120669270,네스카페 에스프레소 커피 원액 2종 x 2개 세트,음료,커피,기타커피,,네슬레,15680,food
36728844,코델리 원두커피/ 에티오피아 예가체프 G2 200g+200g,음료,커피,원두커피,,코델리커피,15000,food
57536790,핸드드립커피 드립백커피 6개국 모듬 8g x 36개입,음료,커피,원두커피,,웰던커피,26900,food
36903910,코델리 원두커피/ 케냐 AA 1kg(홀빈),음료,커피,원두커피,,코델리커피,28500,food
1111288343,아지노모토 포션커피 깔끔한 블랙 24P 432g,음료,커피,원두커피,,매크로통상,12980,food
1030099182,코스트코 스타벅스 브랙퍼스트 블렌드 홀빈 커피 원두 1.13kg,음료,커피,원두커피,,해핑몰,58500,food
1092188050,[26년 추석 선물세트] 스타벅스 스틱 커피 선물세트(80T+그린 머그) + 쇼핑백,음료,커피,커피믹스,,네슬레,31260,food
1092837434,[26년 추석 선물세트] 스타벅스 스틱 커피 선물세트(40T+머그) + 쇼핑백,음료,커피,커피믹스,,네슬레,23660,food
1091862355,1.[혼합구성] 프렌치카페 마일드 100T x 1 개 + 미니 아메리카노 10T,음료,커피,커피믹스,,남양유업,15800,food
1069253349,맥심 모카골드 커피믹스 180T+사은품랜덤(ID당1개),음료,커피,커피믹스,,맥심,28900,food
1066513152,[특가]마요라 코피코 블리스터 12개입 택1 (커피/무설탕/카푸치노),음료,커피,커피믹스,,코피코,11900,food
1125702282,UCC 하와이 코나 커피 337ml 12개입,음료,커피,커피음료,,유씨씨,13900,food
58489798,[직영] 롯데칠성 칸타타파우치 190ml x 20팩 (3종),음료,커피,커피음료,,롯데칠성,10900,food
1052960567,[화제의 커피] 빙그레 아카페라 심플리 디카페인 400ml 20개입,음료,커피,커피음료,,빙그레,24900,food
1052960551,빙그레 아카페라 아메리카노 대용량 1L 12개입,음료,커피,커피음료,,빙그레,21900,food
10331876,레쓰비 마일드 175MLx30캔,음료,커피,커피음료,,롯데칠성,12500,food
1061177780,[26년 추석 선물세트] 스타벅스 드립백 선물세트 2호(25개입) + 쇼핑백,음료,커피,티백/드립백커피,,네슬레,40760,food
1023210615,코스트코 하마야 드립백 커피 288g (8g x 36개) 블랙 드립커피,음료,커피,티백/드립백커피,,기타브랜드,18900,food
57534019,웰던커피 핸드드립커피 드립백커피 케냐AA 8g x 36개입,음료,커피,티백/드립백커피,,웰던커피,27200,food
1051298928,[핸드립] GS 단독특가 오리지널 드립커피 4종 택2 (총100입) (분쇄원두+국내제조 드립퍼),음료,커피,티백/드립백커피,,핸드립,59900,food
1076657291,[직영] 롯데칠성 클라우드 논알콜 350ml 24캔,음료,탄산음료,기타탄산음료,,롯데칠성,16900,food
1051941219,[직영] 롯데칠성 핫식스 더킹 355ml x 24캔 (10종),음료,탄산음료,기타탄산음료,,롯데칠성,20320,food
1136431863,하이트진로음료 하이트제로 0.00 무알코올 맥주 500ml x 24캔,음료,탄산음료,기타탄산음료,,하이트진로음료,24610,food
1019432341,"카스 0.00 350ml X 24캔, 제로 논알콜 맥주맛",음료,탄산음료,기타탄산음료,,오비맥주,25500,food
1020984778,하이트제로 무알콜 올프리 350ml 24캔,음료,탄산음료,기타탄산음료,,하이트진로음료,21380,food
1135844629,[직영] 롯데칠성 펩시제로슈거 라임향 500mlX12펫 + 제로카페인500mlX6펫,음료,탄산음료,콜라/사이다,,롯데칠성,15900,food
1053559109,[직영] 오트몬드 오리지널 190ml x 24팩,음료,탄산음료,콜라/사이다,,롯데칠성,15900,food
93338101,칠성사이다 190ml x 30캔,음료,탄산음료,콜라/사이다,,롯데칠성,14200,food
1034246857,[직영] 롯데칠성 펩시콜라 제로슈거 라임향 210ml x 30캔,음료,탄산음료,콜라/사이다,,롯데칠성,14790,food
1053977999,[무농약/GAP] 수경재배로 신선한 유럽종 샐러드채소 1kg,채소,간편채소/샐러드,간편채소,,다농이네,21900,food
1053740625,자연미가 어린잎 채소 1kg / SJ 무농약 인증 친환경 야채,채소,간편채소/샐러드,간편채소,,자연미가,15000,food
91383206,한끼야 된장찌개용 아채믹스 120gx10팩,채소,간편채소/샐러드,간편채소,,그린피아,26500,food
1132333510,북안동농협 참마 깐마 100g x 10팩 / 총 1kg,채소,간편채소/샐러드,간편채소,,계절품은,31900,food
1029913452,당일수확 유럽샐러드 채소1kg,채소,간편채소/샐러드,샐러드,,푸르젠,12500,food
1015618679,산정마을 국내산 샐러리 3kg,채소,간편채소/샐러드,샐러드,,산정마을,15300,food
1054150596,[소소락] 유러피안샐러드 채소 1kg(3~6종) 무농약인증. 당일수확,채소,간편채소/샐러드,샐러드,,sosorak,17900,food
1015618528,산정마을 국내산 샐러리 2kg,채소,간편채소/샐러드,샐러드,,산정마을,10900,food
1117717245,산정마을 국내산 샐러리 1kg,채소,간편채소/샐러드,샐러드,,산정마을,6500,food
57668979,[한정특가] 포슬포슬 26년 햇 감자 5kg 대,채소,고구마/감자,감자,,싱싱유통,8500,food
1044024858,[9월22일오전9시마감] 26년 햇 감자 3kg(특/반찬용),채소,고구마/감자,감자,,HEY DALDA,8900,food
1090212570,해남 포슬포슬 수미감자 왕특 5kg (180~280g 내외),채소,고구마/감자,감자,,산해직송,15900,food
1056795969,[9월22일오전9시마감] 카스테라 햇 홍감자 3kg(왕특/왕),채소,고구마/감자,감자,,HEY DALDA,9900,food
98297155,26년수확 해남 꿀 밤고구마 3kg 한입 베니하루카,채소,고구마/감자,고구마,,신선연구소,7800,food
23136768,26년수확 해남 꿀 밤고구마 5kg 한입 베니하루카,채소,고구마/감자,고구마,,신선연구소,10900,food
66143584,[신선연구소] 해남 꿀 밤고구마 3kg 특상급(100-300g),채소,고구마/감자,고구마,,신선연구소,11900,food
14899023,26년 국내산 신품종 햇 호박고구마 호풍미 5kg 왕특/대품,채소,고구마/감자,고구마,,농부마음,16900,food
1039462180,펀치볼 강원도 양구 삶은시래기 200g 10팩 (2kg),채소,나물/콩나물/숙주,나물,,명태잡는날,19900,food
1046136983,강원도 양구 펀치볼 삶은시래기 무청시래기 1kg (200g*5봉),채소,나물/콩나물/숙주,나물,,맛군,11900,food
1090509100,자연미가 양구펀치볼 무청시래기 2kg (200g x 10팩) / 산지직송 신선냉동포장 개별 포장 보관 및 이용 편리~,채소,나물/콩나물/숙주,나물,,자연미가,18800,food
1103175193,12월햇시래기/강원도 양구 펀치볼 삶은시래기 2kg(200g* 10봉),채소,나물/콩나물/숙주,나물,,맛군,19900,food
1090199570,강원도 펀치볼 무청 시래기 200g x 5봉,채소,나물/콩나물/숙주,나물,,기타브랜드,11500,food
1040335890,[100프로 국산콩] 무농약 산소 콩나물 1kg,채소,나물/콩나물/숙주,콩나물/숙주,,HEY DALDA,5500,food
1040578833,[100프로 국산콩] 무농약 산소 콩나물 2kg,채소,나물/콩나물/숙주,콩나물/숙주,,HEY DALDA,7900,food
20414421,천연암반수로 키운 꼬불이 콩나물 1kg,채소,나물/콩나물/숙주,콩나물/숙주,,농부마음,4900,food
20415024,천연암반수로 키운 꼬불이 콩나물 2kg,채소,나물/콩나물/숙주,콩나물/숙주,,농부마음,6500,food
1040578827,[100프로 국산콩] 무농약 산소 콩나물 3kg,채소,나물/콩나물/숙주,콩나물/숙주,,HEY DALDA,10900,food
1109267791,[밋앤밀] 국내산 창원 가지 특상품 2kg(14-20개 내외),채소,버섯/가지,가지,,밋앤밀,18800,food
1082692317,귤마을 국내산 가정용 가지 2kg,채소,버섯/가지,가지,,기타브랜드,11900,food
2715926,상락수 차가버섯 추출분말 루치스페셜 22.5g 4병 총90g 명품차가버섯,채소,버섯/가지,버섯,,상락수,210000,food
1098562577,[25년 햅쌀] 대용량 국산 상황버섯쌀 상황버섯 백미 5kgx1개(총 5kg),채소,버섯/가지,버섯,,큰나무,48900,food
1089305395,[25년 햅쌀] 국산 상황버섯쌀 1kg,채소,버섯/가지,버섯,,큰나무,13880,food
1110655173,[K-참송이] 참송이버섯 가정용 300g 친환경 국내산 무농약,채소,버섯/가지,버섯,,기타브랜드,11700,food
1088050424,[25년 햅쌀] 국산 상황버섯쌀 5kg(1kgx5),채소,버섯/가지,버섯,,큰나무,59800,food
1053620741,무농약 유럽 샐러드 채소 유러피안 쌈채소 1kg,채소,상추/쌈채소,상추,,farmspring,16900,food
1053620738,무농약 유럽 샐러드 채소 유러피안 쌈채소 600g,채소,상추/쌈채소,상추,,farmspring,13900,food
92096247,[자연맛남] 세척 손질 궁채나물 1kg 줄기상추 뚱채 황채,채소,상추/쌈채소,상추,,자연맛남,16100,food
1126916219,무농약 유럽 샐러드 채소 유러피안 쌈채소 2kg,채소,상추/쌈채소,상추,,farmspring,24900,food
1058345759,[무농약] 유러피안 샐러드 유럽 샐러드 쌈채소 1kg,채소,상추/쌈채소,쌈채소,,HEY DALDA,13500,food
1082168526,국내산 알배기 배추4kg내외(5-12포기),채소,상추/쌈채소,쌈채소,,철따라농산물,20900,food
1058345747,[무농약] 유러피안 샐러드 유럽 샐러드 쌈채소 600g,채소,상추/쌈채소,쌈채소,,HEY DALDA,11500,food
28391350,유기농 GAP인증 제철 모듬 쌈채소 1kg 당일수확 산지직송,채소,상추/쌈채소,쌈채소,,청춘농장,16900,food
1089855911,[채선당]야채가 신선한집 모듬쌈 1kg,채소,상추/쌈채소,쌈채소,,채선당,16900,food
1015045542,국내산 브로콜리(특품) 2kg,채소,양채류/아스파라거스,브로콜리,,산정마을,27400,food
1052885250,싱싱한 브로콜리(특품) 2kg,채소,양채류/아스파라거스,브로콜리,,산정마을,23000,food
1015512840,산정마을 생 아스파라거스 500g,채소,양채류/아스파라거스,아스파라거스,,산정마을,13700,food
1099652297,국내산 양배추 5kg이상/ 섬유소가 풍부한 아삭다른 건강채소,채소,양채류/아스파라거스,양배추,,삼대장,9700,food
1015797448,산정마을 국내산 양배추 1통(2kg내외),채소,양채류/아스파라거스,양배추,,산정마을,3200,food
29013151,속이 꽉찬 아삭하고 신선한 제주 햇 양배추 5kg,채소,양채류/아스파라거스,양배추,,기타브랜드,13900,food
1106508144,국내산 제주 양배추 5kg,채소,양채류/아스파라거스,양배추,,기타브랜드,8900,food
1128155949,제주 적채양배추 4kg,채소,양채류/아스파라거스,양배추,,지투지샵,18500,food
1028874071,26년 햇 국내산 냉장 다진마늘 2kg,채소,양파/마늘/파/생강,마늘,,thesingsing,15900,food
1028874066,26년 햇 국내산 냉장 다진마늘 1kg,채소,양파/마늘/파/생강,마늘,,thesingsing,11500,food
1132858985,온밀담 알마늘 1kg+1kg 국내제조 HACCP/ GS단독,채소,양파/마늘/파/생강,마늘,,온밀담,16900,food
1013584636,간편한 다진마늘 1kg,채소,양파/마늘/파/생강,마늘,,싱싱유통,13900,food
1128428329,남해군농협 2026년 햇 마늘 보통급 1kg 국내산 김치용 요리용 남해 남도 통마늘 nnh,채소,양파/마늘/파/생강,마늘,,초록초록팜,10400,food
24979378,26년 수확 국내산 햇 흙생강 1kg(특품),채소,양파/마늘/파/생강,생강,,햇살조은,9690,food
1065103995,26년 수확 국내산 햇 흙생강 2kg(특품),채소,양파/마늘/파/생강,생강,,햇살조은,22900,food
1070792441,국내산 다진 생강 1kg(500g*2개) 냉동,채소,양파/마늘/파/생강,생강,,늘솜,16900,food
1042032337,전북 완주 봉동생강 햇생강 세척생강 1kg,채소,양파/마늘/파/생강,생강,,자연진리,15900,food
1101022837,무안 자색양파 3kg(중대혼합),채소,양파/마늘/파/생강,양파,,산지로드,8900,food
4592165,[선별배송] 26년 햇양파 5kg(특),채소,양파/마늘/파/생강,양파,,푸르젠,10900,food
1084998065,26년 햇 자색 양파 3kg(특대),채소,양파/마늘/파/생강,양파,,HEY DALDA,10500,food
1045908015,[선별배송] 26년 햇양파 3kg(소),채소,양파/마늘/파/생강,양파,,푸르젠,5900,food
1015066338,국내산 못난이 파프리카(빨/노 혼합) 1kg,채소,양파/마늘/파/생강,파,,산정마을,12000,food
1117396478,산정마을 국내산 대파 1kg 내외,채소,양파/마늘/파/생강,파,,산정마을,4900,food
1015525346,국내산 못난이 파프리카(빨/노 혼합) 2kg,채소,양파/마늘/파/생강,파,,산정마을,23000,food
66899681,신선한 파프리카 2kg 혼합,채소,양파/마늘/파/생강,파,,goodtable,36900,food
1015692010,산정마을 국내산 깐쪽파 1단(1kg내외),채소,양파/마늘/파/생강,파,,산정마을,17500,food
1052819828,국내산 아삭 신선 미니오이 2kg,채소,오이/파프리카/피망,오이,,더자인,15900,food
1089460248,[참맛나] 옛날 전통식 통 오이지 1kg x 1팩(오이7개) 국내산오이 별미반찬,채소,오이/파프리카/피망,오이,,참맛나김치,9900,food
1087816544,국내산 미니오이 1kg,채소,오이/파프리카/피망,오이,,케이엠푸드,10200,food
1115472736,경북 스낵처럼 즐기는 아삭 오이 미니오이 2kg(40개내외),채소,오이/파프리카/피망,오이,,웰리즈,18800,food
1079419531,[엠픽]스마트팜 백다다기 오이 (6kg내외/30개),채소,오이/파프리카/피망,오이,,엠픽,29900,food
1053930520,국내산 가정용 파프리카 1kg 색혼합,채소,오이/파프리카/피망,파프리카,,케이엠푸드,15800,food
1094255942,국내산 못난이 파프리카 2kg 빨강노랑,채소,오이/파프리카/피망,파프리카,,지지팜,30400,food
1015488812,국내산 피망 청피망 1kg,채소,오이/파프리카/피망,피망,,산정마을,15300,food
1079229146,국내산 초록 청 피망 상품 1kg,채소,오이/파프리카/피망,피망,,기타,12900,food
1135721911,쪄서가는 쫀득 홍찰옥수수 (대) 10개,채소,옥수수/호박,옥수수,,산해직송,10900,food
1071533562,26년 햇 홍찰 급냉 찐 찰옥수수 10개 (왕특대-15~18cm),채소,옥수수/호박,옥수수,,thesingsing,11500,food
1071533564,26년 햇 홍찰 급냉 찐 찰옥수수  20개 (왕특대-15~18cm),채소,옥수수/호박,옥수수,,thesingsing,19500,food
1135721063,쪄서가는 쫀득한 백찰옥수수 10개 왕특대,채소,옥수수/호박,옥수수,,산해직송,13900,food
1135721971,쪄서가는 쫀득한 백찰옥수수 20개 왕특대,채소,옥수수/호박,옥수수,,산해직송,22900,food
1036389671,[자연진리] 세척 큐어링 제주 미니단호박(밤호박) 보우짱 3kg 특품,채소,옥수수/호박,호박,,자연진리,15900,food
1036389653,[당일선별] 세척 큐어링 제주 미니 밤호박 4kg 특품 보우짱,채소,옥수수/호박,호박,,자연진리,19900,food
50089633,국내산 제주 햇 미니 밤호박 2kg(특품) 단호박 보우짱 보짱,채소,옥수수/호박,호박,,햇살조은,9900,food
24704319,국내산 햇 단호박 5kg,채소,옥수수/호박,호박,,햇살조은,12900,food
94114942,국내산 제주 햇 미니 밤호박 5kg(특품) 단호박 보짱 보우짱,채소,옥수수/호박,호박,,햇살조은,19900,food
1079777341,싱싱한 햇 수확 제주 무우 3kg,채소,절임배추/무,무,,일농,9900,food
1117396492,산정마을 국내산 알타리 총각무 1.5kg내외,채소,절임배추/무,무,,산정마을,6000,food
1079777358,싱싱한 햇 수확 제주 무우 5kg,채소,절임배추/무,무,,일농,15900,food
1105397750,산정마을 국내산 흙 무 3kg,채소,절임배추/무,무,,산정마을,13100,food
1127670420,정성곳간 명인 강순의 매운 실비 포기김치 5kg,채소,절임배추/무,절임배추,,정성곳간,45900,food
98415283,[바라던] 잡내없는 암돼지 통 삼겹살 보쌈용 수육용 1kg,축산,돼지고기,국산돼지고기,,바라던,19900,food
23970002,오늘자연 한돈 명품 LA 갈비세트 3kg,축산,돼지고기,국산돼지고기,,기타브랜드,54900,food
1010430459,[서서갈비]양념돼지왕구이 600g x 4팩 2.4kg,축산,돼지고기,국산돼지고기,,왕조실록 서서갈비,36800,food
59505741,[으뜸한돈] 국내산 한돈 뒷다리살 (불고기용) 300gX3팩 (냉동),축산,돼지고기,국산돼지고기,,으뜸한돈,12400,food
59505737,[으뜸한돈] 국내산 한돈 냉동 돼지 LA갈비 500g+500g (구이용),축산,돼지고기,국산돼지고기,,으뜸한돈,23900,food
1133671376,구이용 냉동 대패 삼겹살 1kg,축산,돼지고기,수입돼지고기,,맛군,14900,food
1103521167,[정돈공방] 촘촘칼집 벌집삼겹살 300g x 4,축산,돼지고기,수입돼지고기,,기타브랜드,18900,food
1133671382,구이용 냉동 대패 삼겹살 1kg*2팩,축산,돼지고기,수입돼지고기,,맛군,24900,food
1010553263,[포천이동갈비]양념돼지왕구이500gx4팩 (2kg),축산,돼지고기,수입돼지고기,,포천이동식갈비,33800,food
1097658068,메로 목살 구이용 600g(칠레산),축산,돼지고기,수입돼지고기,,맛있는날,35800,food
1061067904,[추석 전 도착 가능] 신라목장 프리미엄 LA갈비 4kg(2kg+2kg) 선물세트,축산,소고기,수입소고기,,신라목장,105200,food
1104650074,신세계푸드 LA갈비 꽃갈비 총2kg (1kg 2팩),축산,소고기,수입소고기,,신세계푸드,119900,food
1071757913,[추석 전 도착 가능] 신라목장 프리미엄 찜갈비 4kg(2kg+2kg) 선물세트,축산,소고기,수입소고기,,신라목장,107300,food
1104649541,신세계푸드 LA갈비 꽃갈비 총4kg (1kg 4팩),축산,소고기,수입소고기,,신세계푸드,219800,food
1031238082,"[9/22(화)오전09시까지 주문시, 명절전 도착][립51] 호주청정우 S등급 LA갈비 4.0kg 꽃갈비 선물세트 [수입신고필증동봉]",축산,소고기,수입소고기,,호주청정우,141900,food
1078935817,[농협안심한우] 1등급 한우 추석 명절 선물세트 1.2kg (꽃등심/차돌박이/실속구이/불고기),축산,소고기,한우/국내산,,농협안심한우,109000,food
1078935755,[농협안심한우] 1등급 한우 추석 명절 선물세트 1.2kg (꽃등심/채끝/차돌박이/실속구이),축산,소고기,한우/국내산,,농협안심한우,135000,food
95339624,[농협안심한우] 정성 한우 구이선물세트 1호 1.2kg (1등급/등심500g+채끝500g+특수부위200g),축산,소고기,한우/국내산,,기타브랜드,139000,food
1078935798,[농협안심한우] 1등급 한우 추석 명절 선물세트 1.2kg (불고기/불고기/국거리/국거리),축산,소고기,한우/국내산,,농협안심한우,75000,food
1004011249,농협안심한우 선물세트 구이 1.2kg (등심300g+부채살300g+채끝300g+안심300g ),축산,소고기,한우/국내산,,thesingsing,139000,food
1076409981,(초특가) 공부가주 자약 40.8도 500ml (백주계의 티파니),음료,주류,기타주,고량주,wine25Plus,36000,food
1105110042,라오왕 연태구냥 블루 42도 500ml,음료,주류,기타주,고량주,wine25Plus,49300,food
1105064304,라오왕 연태구냥 플러스 34.2도 500ml (2입),음료,주류,기타주,고량주,wine25Plus,43000,food
1108669380,(초특가) 노주노교 블랙 42도 500ml 기획세트,음료,주류,기타주,고량주,wine25Plus,18900,food
1086757485,서봉주 블랙핑크 10년 52도 500ml,음료,주류,기타주,고량주,wine25Plus,135000,food
1092615693,대만 진년소흥주 600ml,음료,주류,기타주,기타주,wine25Plus,37900,food
1092882915,중국 경주 35도 520ml,음료,주류,기타주,기타주,wine25Plus,31000,food
1056806692,다카라 시마네 샤인머스캣 700ml (리큐르 추천),음료,주류,기타주,기타주,wine25Plus,35000,food
1120320553,간바레 오또상/오까상 기획세트 (힘내세요. 아빠 엄마),음료,주류,기타주,사케,wine25Plus,53000,food
1063471597,"(대용량) 월계관 죠센 다루사케 1,800ml",음료,주류,기타주,사케,wine25Plus,45900,food
1034758430,(초특가) 쿠보타 준마이 다이긴죠 720ml (선물 추천),음료,주류,기타주,사케,wine25Plus,49000,food
1095216956,닷사이 준마이 다이긴죠 39 / 45 300ml,음료,주류,기타주,사케,wine25Plus,55000,food
1132824561,(초특가) 닷사이 준마이 다이긴죠 23 720ml,음료,주류,기타주,사케,wine25Plus,153000,food
1053280181,요카이치 이모 900ml,음료,주류,기타주,일본소주,wine25Plus,45000,food
1112903213,오니비 900ml (고구마 소주),음료,주류,기타주,일본소주,wine25Plus,52000,food
1000770159,아까 기리시마 900ml,음료,주류,기타주,일본소주,wine25Plus,54300,food
1093439020,아카 엔마 720ml (보리 소주),음료,주류,기타주,일본소주,wine25Plus,52000,food
1133674739,다이야메 25도 720ml (선물용),음료,주류,기타주,일본소주,wine25Plus,60000,food
1053969971,칭따오 논알콜릭캔 330ml 24캔,음료,주류,맥주,기타맥주,wine25Plus,21800,food
1088216123,담 레몬 500ml*24입,음료,주류,맥주,기타맥주,wine25Plus,49900,food
1122278110,카발란드라이하이볼320ML*6입,음료,주류,맥주,기타맥주,wine25Plus,25000,food
1056728752,코젤 논알콜 500ml 24입,음료,주류,맥주,기타맥주,wine25Plus,24000,food
1064167731,미니 카스250ml * 24캔,음료,주류,맥주,라거맥주,wine25Plus,32400,food
1102453135,산토리 나마비어 500ml 24입,음료,주류,맥주,라거맥주,wine25Plus,59900,food
1070770307,한맥 464ml 12캔 + 거품기,음료,주류,맥주,라거맥주,wine25Plus,20200,food
1125320726,코로나 330ml 24병,음료,주류,맥주,라거맥주,wine25Plus,48000,food
1067176432,미켈롭 울트라 330ml 24병,음료,주류,맥주,라거맥주,wine25Plus,49900,food
1113414652,제주위트에일 355ml 24입,음료,주류,맥주,수제맥주,wine25Plus,53000,food
1108041904,홉모사피엔스팩 500ML 12입,음료,주류,맥주,수제맥주,wine25Plus,32000,food
1057427417,맥덕) 시에라네바다 페일에일 6입,음료,주류,맥주,수제맥주,wine25Plus,34000,food
1056615551,이네딧담 500ML 24캔,음료,주류,맥주,에일맥주,wine25Plus,69000,food
1062193794,구스 IPA 473ml*24캔,음료,주류,맥주,에일맥주,wine25Plus,63400,food
1052713898,바이엔슈테판)비투스500ML*12입,음료,주류,맥주,에일맥주,wine25Plus,73900,food
1105249794,기네스 나이트로서지 558ML 4캔(디바이스포함),음료,주류,맥주,에일맥주,wine25Plus,23900,food
1023734622,바이엔슈테판)페스트비어500ML*20병,음료,주류,맥주,에일맥주,wine25Plus,80000,food
1056381298,기네스드래프트24캔+축구공증정,음료,주류,맥주,흑맥주,wine25Plus,63000,food
92479495,아가베로 750ml,음료,주류,양주,기타양주,wine25Plus,78000,food
1059643169,탄두 아이다크 럼,음료,주류,양주,데킬라/럼/브랜디,wine25Plus,16000,food
1103541445,헤네시 V.S.O.P 700ml,음료,주류,양주,데킬라/럼/브랜디,wine25Plus,89900,food
1089186091,아라랏드빈 700ML,음료,주류,양주,데킬라/럼/브랜디,wine25Plus,208000,food
1017541652,호세쿠엘보 750ml 기획세트,음료,주류,양주,데킬라/럼/브랜디,wine25Plus,32000,food
1132819941,레미마틴 VSOP EOY,음료,주류,양주,데킬라/럼/브랜디,wine25Plus,88000,food
1030423382,봄베이 사파이어 750ml,음료,주류,양주,보드카/진,wine25Plus,36000,food
1038197900,텐커레이 런던 드라이 진 750ml,음료,주류,양주,보드카/진,wine25Plus,35500,food
1074388696,베트남 넵머이 보드카 700ml,음료,주류,양주,보드카/진,wine25Plus,22800,food
1030946577,봄베이 브램블 700ml+전용잔,음료,주류,양주,보드카/진,wine25Plus,41000,food
95250368,알렉산더 보드카 레몬 700ml,음료,주류,양주,보드카/진,wine25Plus,36300,food
1093495559,산토리 가쿠빈 700ml,음료,주류,양주,싱글몰트/프리미엄위스키,wine25Plus,36800,food
1018082821,더 글렌그란트 15년 700ml,음료,주류,양주,싱글몰트/프리미엄위스키,wine25Plus,109000,food
1037380441,카발란 솔리스트 비노바리끄 700ml,음료,주류,양주,싱글몰트/프리미엄위스키,wine25Plus,302000,food
1065984898,발베니 16년 프렌치오크 700ml,음료,주류,양주,싱글몰트/프리미엄위스키,wine25Plus,227500,food
1063552640,발베니 14년 700ml,음료,주류,양주,싱글몰트/프리미엄위스키,wine25Plus,144000,food
1132246808,26추석)조니워커 그린 700ml 세트,음료,주류,양주,위스키,wine25Plus,74500,food
1113414627,조니워커 더블블랙 700ml 전용잔 증정,음료,주류,양주,위스키,wine25Plus,57900,food
1082622483,스카치블루 21년 로우볼 잔 기획 세트,음료,주류,양주,위스키,wine25Plus,84000,food
1134544891,26추석)로얄 살루트 21년 700ml,음료,주류,양주,위스키,wine25Plus,258000,food
1030862874,발렌타인 21년 700ml,음료,주류,양주,위스키,wine25Plus,227000,food
1096229544,블룸 파이게 700ml,음료,주류,양주,칵테일,wine25Plus,34000,food
1017541635,예거마이스터 700ml 기획세트,음료,주류,양주,칵테일,wine25Plus,32000,food
1033762855,팔리니 리몬첼로 1L,음료,주류,양주,칵테일,wine25Plus,44500,food
90304455,베일리스 700ml,음료,주류,양주,칵테일,wine25Plus,36500,food
1018113269,디카이퍼 아마레또 700ml,음료,주류,양주,칵테일,wine25Plus,22500,food
1096398626,선물추천)1865 스페셜 에디션 비러브드 카베르네소비뇽 세트,음료,주류,와인,기타와인,wine25Plus,30600,food
1135294055,엄정화 와인) 엄메이징 레드&화이트 2입 세트,음료,주류,와인,기타와인,wine25Plus,53900,food
1132776502,노제코 논알콜릭 2본입 세트+피크닉매트,음료,주류,와인,기타와인,wine25Plus,38000,food
1096398621,"한글날에디션)1865 스페셜 에디션 비러브드 세트 (카베르네 소비뇽, 소비뇽 블랑)",음료,주류,와인,기타와인,wine25Plus,69900,food
1042626582,하프와인 3종 기획세트 375ml(6입),음료,주류,와인,기타와인,wine25Plus,17600,food
1135253495,엄정화 와인) 엄메이징 선셋오브타란토,음료,주류,와인,레드,wine25Plus,59900,food
1105132962,라크라사드카버네쉬라6본,음료,주류,와인,레드,wine25Plus,62000,food
1108046031,아이캔디+수퍼네세서리 기획세트,음료,주류,와인,레드,wine25Plus,88900,food
1016506220,덕혼 디코이 멀롯,음료,주류,와인,레드,wine25Plus,39900,food
1058144611,(6입)G7 메를로,음료,주류,와인,레드,wine25Plus,45900,food
1129476021,와인인어글라스핑크모스카토187ml*24개(1박스),음료,주류,와인,로제,wine25Plus,120000,food
1080071698,제라르 베르트랑 꼬뜨 로즈 뮈스까 로제,음료,주류,와인,로제,wine25Plus,15900,food
91978097,브라운 브라더스 모스카토 로사,음료,주류,와인,로제,wine25Plus,15900,food
1106886049,골든블랑 오로라 로제 - 러블리 리미티드 에디션,음료,주류,와인,로제,wine25Plus,59900,food
1060483963,리카솔리 알비아 로제 토스카나 IGT,음료,주류,와인,로제,wine25Plus,22800,food
1135253506,엄정화 와인) 엄메이징 피치카,음료,주류,와인,스파클링,wine25Plus,27900,food
1132585585,폴로져 로제 빈티지 2019+전용잔,음료,주류,와인,스파클링,wine25Plus,187500,food
1061892921,토마스파클링 모스카토 12입,음료,주류,와인,스파클링,wine25Plus,72000,food
1092709443,파스쿠아)스윗로제/스윗화이트/뀌베넘버5 375ml 기획팩,음료,주류,와인,스파클링,wine25Plus,33000,food
1070657055,앙리 지로 누벨 에스쁘리 나뚜르 G 브뤼,음료,주류,와인,스파클링,wine25Plus,88000,food
1030169060,칸티 모스카토 다스티(2입),음료,주류,와인,화이트,wine25Plus,29600,food
90289807,산타헬레나 샤르도네,음료,주류,와인,화이트,wine25Plus,9000,food
1128918098,화제의와인)배터 하프 말보로 소비뇽 블랑,음료,주류,와인,화이트,wine25Plus,19900,food
1078350494,러시안잭 소비뇽블랑 6입,음료,주류,와인,화이트,wine25Plus,155000,food
1061679801,네이쳐 사운드 샤도네이 2입,음료,주류,와인,화이트,wine25Plus,15100,food
1047056538,(초특가) 순금 매취순 700ml 2입 (명절 추천),음료,주류,전통주,기타전통주,wine25Plus,33900,food
1088097129,(초특가) 보해 매취순 15년 3L,음료,주류,전통주,기타전통주,wine25Plus,49900,food
1054530509,보해 복분자주 750ml (6입),음료,주류,전통주,기타전통주,wine25Plus,89500,food
1123638431,"(한정) 보해 복분자 375ml 기획세트 (3입, 전용잔 포함)",음료,주류,전통주,기타전통주,wine25Plus,30600,food
1049173524,"매취순 오리지날 375ml, 3입 (선물추천)",음료,주류,전통주,기타전통주,wine25Plus,13500,food
1074872583,국순당 쌀 막걸리 캔 350ml (24입),음료,주류,전통주,막걸리,wine25Plus,32400,food
1074872581,국순당 1000억 프리바이오틱스 막걸리 750ml (12입),음료,주류,전통주,막걸리,wine25Plus,40800,food
1113350975,순희 막걸리 750ml (12입),음료,주류,전통주,막걸리,wine25Plus,22000,food
1074872587,국순당 쌀 바밤바밤 캔 350ml (24입),음료,주류,전통주,막걸리,wine25Plus,43200,food
1074872577,국순당 쌀 바나나 막걸리 750ml (12입),음료,주류,전통주,막걸리,wine25Plus,31500,food
1052895591,(초특가) 화요 375ml 3종 세트 (선물 추천),음료,주류,전통주,소주/고량주,wine25Plus,48900,food
1134257691,"화요 진심 35도 750ml (홍삼주 에디션, 한정판)",음료,주류,전통주,소주/고량주,wine25Plus,57000,food
90312907,화요 53도 750ml (선물 추천),음료,주류,전통주,소주/고량주,wine25Plus,69900,food
1114891271,(초특가) 화요 53도 500ml 전용 잔 기획세트,음료,주류,전통주,소주/고량주,wine25Plus,45000,food
1047970688,보해 소주 375ml (20입),음료,주류,전통주,소주/고량주,wine25Plus,25900,food
95403410,(초특가) 경주법주 초특선 16도 700ml (한정수량),음료,주류,전통주,청주/사케,wine25Plus,55000,food
90304847,월계관 준마이 다이긴죠 720ml,음료,주류,전통주,청주/사케,wine25Plus,36000,food
90304591,모모카와 준마이슈 720ml (2입),음료,주류,전통주,청주/사케,wine25Plus,30500,food
1047634117,청하 300ml (12입),음료,주류,전통주,청주/사케,wine25Plus,23200,food
1074373581,[정품] 베트남 고산지대 생꿀 천연벌꿀 2.4kg 오리지널 토종꿀 야생화꿀,영양제,꿀/로얄젤리,,,다정이네 천연벌꿀,37900,food
1101666139,메리비 Mary.B 마누카꿀 MGO 1300+ 250g 1병,영양제,꿀/로얄젤리,,,메리비,399000,food
58841950,아카시아 벌꿀 2.4kg,영양제,꿀/로얄젤리,,,소백산꿀아저씨,56900,food
1057793589,콤비타 UMF10+ 마누카 꿀스틱 사셰 28입 + 쇼핑백,영양제,꿀/로얄젤리,,,콤비타,81750,food
35588884,콤비타 UMF20+ 마누카꿀 250g 2개 세트+스푼+쇼핑백,영양제,꿀/로얄젤리,,,콤비타,319000,food
38125038,[비밀특가][순둥이]베이직 물티슈 리필 80매 20팩/S-BR,물티슈,리필형물티슈,,,순둥이,39400,living
92693891,헬로키티 시그니처 물티슈 엠보싱 70매 X 10팩,물티슈,리필형물티슈,,,홈스웰,24900,living
36772768,아이러브베베 아기물티슈 아이보리 72매 X 10팩 리필형,물티슈,리필형물티슈,,,아이러브베베,12900,living
1071114254,리벤스 퓨어 워터 순수 도톰한 앰보싱 물티슈 100매 20팩,물티슈,리필형물티슈,,,리벤스,20900,living
1133734315,순둥이 포켓 물티슈 9매 24팩 (4번들),물티슈,리필형물티슈,,,순둥이,13100,living
1091384554,그린핑거 엠보싱 소독티슈 캡60매X10팩,물티슈,손입/제균티슈,,,그린핑거,19900,living
1068540937,의약외품 메디와이퍼 소독티슈 80매(캡형)x5팩 항균 식약처인증,물티슈,손입/제균티슈,,,메디와이퍼,14900,living
1079182194,닥터아토 손소독 티슈 20매 36팩,물티슈,손입/제균티슈,,,닥터아토,39530,living
1023179001,이지팜 손소독티슈 50매 6팩(의약외품),물티슈,손입/제균티슈,,,이지팜,12000,living
94208933,[9/21 5%더블쿠폰] [GS]세균아꼼짝마 손소독티슈 50매 x 3개,물티슈,손입/제균티슈,,,온더바디,18960,living
1114535584,블루나 [GS단독] 카모그랑 물티슈 120매 10팩 캡형 대용량,물티슈,캡형물티슈,,,블루나,10890,living
1049001516,[비밀특가/대용량] 리벤스 대용량 엠보싱 캡형 아기물티슈 오리지널플러스 100매(10팩),물티슈,캡형물티슈,,,리벤스,10900,living
1082518314,[GS단독/1위상품] 리벤스 알로그랑 고평량(70gsm) 프리미엄 물티슈 70매x10팩,물티슈,캡형물티슈,,,리벤스,10900,living
1001652699,[베베숲] 시그니처 위드블루 아기물티슈 70매 캡 20팩,물티슈,캡형물티슈,,,베베숲,36000,living
1029445876,[베베숲] 시그니처 위드레드 아기물티슈 70매 캡 20팩,물티슈,캡형물티슈,,,베베숲,36900,living
1123168422,모나리자 휴대용 포켓 물티슈 6입 4팩 (총24개),물티슈,휴대용물티슈,,,모나리자,6900,living
1059681345,올챌린지 초미니 휴대용 물티슈 8매 10팩,물티슈,휴대용물티슈,,,올챌린지,5900,living
1062109199,[크리넥스] 휴대용티슈 쁘띠 70매x10팩,물티슈,휴대용물티슈,,,크리넥스,10700,living
12485900,네츄럴오가닉 오리지널 플레인 휴대용 리필형30매[12팩],물티슈,휴대용물티슈,,,네츄럴오가닉,7900,living
1063115079,엠보싱 휴대용 고급원단 미니 물티슈 10개입,물티슈,휴대용물티슈,,,기타브랜드,7000,living
1052475967,카스 디지털 알람 온습도계 T012 /알람/스누즈기능,위생/건강/세제,온습도계,,,카스,11900,living
21304413,[GS특가] 휴비딕 디지털 백라이트 시계 온습도계 HT-1 화이트N 탁상형,위생/건강/세제,온습도계,,,휴비딕,11900,living
52972367,E0 국내생산 블랑 메이크업 LED 조명 거울 수납화장대(콘센트),가구,화장대,,,트루베퍼니처,259900,living
67483465,파로마 솔트 프렌치 확장형 수납화장대 세트 mnt009,가구,화장대,,,파로마,287370,living
1068595673,파로마 로리 세리 LED 확장형 화장대 의자 세트 RLJ1143,가구,화장대,,,파로마,254400,living
1055719407,보루네오 마르체 밀리 콘솔 수납 화장대+거울세트 800 BCM657C (착불),가구,화장대,,,보루네오,116100,living
1026852756,파로마 피츠 이자벨 확장형 수납거울 화장대 PLJ023,가구,화장대,,,파로마,145080,living
91256299,이케아 VARIERA 바리에라 선반인서트 32x13x16cm,셀프인테리어,부속품/부자재,,,이케아,9090,living
1055702953,다용도 수건걸이 무타공 욕실 슬리퍼 걸이 DD-12705,시공,욕실/바스시공,,,SELLERHUBSHOP,1000,living
1076353109,진짜같은 작약 조화꽃 실크플라워 조화장식 식물인테리어,원예,조화,,,LUCLO,4600,living
1086754346,아트박스/데팡스 조화 가지 꽃 인테리어 조화 코스모스A79,원예,조화,,,데팡스,4180,living
1057182462,달개비 조화 화분 미니 17cm 2타입 인테리어 식물 테이블 장식 소품 꾸미기,원예,조화,,,플라워트리,12000,living
63365239,백마도 팔마도 칠마도 말 그림 액자 프레임 40호,인테리어소품,액자,,,SELLERHUBSHOP,169000,living
1101889665,골드프레임 위너컬렉션 중형 시즌4,인테리어소품,액자,,,미드센,39900,living
24848202,젬-레이첼 보석 사진액자 46,인테리어소품,액자,,,크레디스,20000,living
1047077980,제인-장미 타원 은도금  미니- 초미니 사진액자 2개 세트,인테리어소품,액자,,,크레디스,15000,living
1090752372,국내제작 유리포함 사진관용 사진액자 6x8인치 9종   택일,인테리어소품,액자,,,액자엠,4500,living
1120095881,크리스탈 큐빅 모네 장미정원 명화 그림 인테리어 아크릴 액자 (120X60),인테리어소품,홈갤러리,,,artgolddesign,139000,living
1106582149,크리스탈 큐빅 명화 클림트 사과나무 그림 액자 중 (50x50cm),인테리어소품,홈갤러리,,,artgolddesign,49500,living
1127637952,황금 물고기 분할 캔버스 그림 액자 2개 세트 A1,인테리어소품,홈갤러리,,,SELLERHUBSHOP,157800,living
1106582170,크리스탈 큐빅 명화 클림트 사과나무 그림 액자 대 (70x70cm),인테리어소품,홈갤러리,,,artgolddesign,79500,living
1121990607,행잉 패브릭 포스터 꽃피는아몬드나무 M 사무실 명화 매장,인테리어소품,홈갤러리,,,기타,27610,living
1120303038,[SOMPEX] 트롤 테이블 조명 2.0 (화이트/핑크/올리브그린/블랙),조명,단스탠드,,,솜팩스,309000,living
1053232515,모노피아 KC 인증 대용량 배터리 밝기조절 무선 인테리어조명 단스탠드,조명,단스탠드,,,21CTREND,29800,living
1123918258,[Villeroy&Boch] 빌레로이앤보흐 서울 테이블 무선 조명 (그린/그레이/화이트/크롬),조명,단스탠드,,,빌레로이앤보흐,271200,living
1037260614,레토 높이조절 LED 무드등 인테리어조명 수유등 수면등 LML-HL33,조명,단스탠드,,,레토,7900,living
1084014617,LED취침등 무드등 수유등 휴대용 플러그일체형 LED전구,조명,단스탠드,,,기타,5900,living
1120303197,[SOMPEX] 트롤 플로어 장스탠드 조명 2.0 (화이트/그레이),조명,장스탠드,,,솜팩스,409000,living
1056652878,[이케아 무료배송] 스탠드조명 무드등 장스탠드(전구포함) TP124,조명,장스탠드,,,인터데코,29400,living
24125131,E26 색상랜덤 전구증정_마켓비 RUSTA 장스탠드 E26 KS1322F (건메탈/앤틱블랙/앤틱코퍼),조명,장스탠드,,,마켓비,33750,living
1040640189,[무료배송]균일가 겨울 극세사 침대패드 카페트 SS/Q,침구,극세사침구,,,바숨,28900,living
1098648571,플로라 [GS단독] 리프온 프리미엄 극세사 침대패드 SS,침구,극세사침구,,,플로라,31200,living
1098648568,플로라 [GS단독] 리프온 프리미엄 극세사 침대패드 K,침구,극세사침구,,,플로라,47200,living
1065441738,바숨 플라워 5mm 겨울 극세사 차렵이불 슈퍼싱글 SS,침구,극세사침구,,,바숨,46900,living
1130329601,[무료배송] 줄무늬 바닥요매트 3단 접이식 토퍼 더블 2인용,침구,기타침구단품,,,기타브랜드,99050,living
1072242227,더릭스홈 3단 접이식 토퍼 매트리스 보관가방 10cm 멀티싱글(MS),침구,기타침구단품,,,더릭스홈,21900,living
1058784074,[체험특가] 4P+4P 침대패드 시트 고정 클립 밴드 이불 밀림방지,침구,기타침구단품,,,상상앤드,6500,living
1101254916,[라꾸라꾸] NEW 보관커버_싱글,침구,기타침구단품,,,라꾸라꾸,22000,living
1051750654,[무료배송] 균일가 순면 피그먼트 침대 매트리스 이불패드 SS/Q,침구,담요/스프레드/패드,,,바숨,28900,living
1080761073,아망떼 시그널 먼지없는 피그먼트 고정밴드 침대패드SS/Q 균일가 6colors,침구,담요/스프레드/패드,,,아망떼,35010,living
1080702200,[GS단독 균일가] 데시뉴 먼지없는 사계절 항균 누빔 고정밴드 침대패드 SS/Q,침구,담요/스프레드/패드,,,데시뉴,13900,living
1117419949,[루나앤슬립][균일가] 고주파 워싱 스프레드 3장+누빔베개커버6장세트,침구,담요/스프레드/패드,,,루나 앤 슬립,63920,living
1066877362,[GS단독 균일가] 데시뉴 먼지없는 사계절 항균 논슬립 누빔 밴딩 침대패드 방수 매트리스커버 SS/Q,침구,담요/스프레드/패드,,,데시뉴,14900,living
29869887,[리브맘]프리미엄 3D 경추 메모리폼 국민베개 2개+커버2개,침구,베개/베개커버,,,리브맘,39900,living
1038707129,[무료배송][자자홈]사계절 먼지없이 부드러운 베개커버 40X60_2장,침구,베개/베개커버,,,자자홈,9900,living
1110375327,더자리 [전사이즈 균일가] 먼지없는 별누빔 베개커버 2장 40x60/ 50x70 택 1,침구,베개/베개커버,,,더자리,8910,living
1065538925,[GS단독 균일가] 2+2 데시뉴 사계절 항균 누빔 베개커버 40x60 50x70,침구,베개/베개커버,,,데시뉴,11970,living
1065538967,[GS단독 균일가] 2+2 간편교체 항균 누빔 밴딩 베개커버 40x60 50x70 5종,침구,베개/베개커버,,,데시뉴,13950,living
1021794553,[박술녀] 자수광목 도톰한 요세트/보료/매트 (작품명 화연) 더블,침구,요커버,,,박술녀침장,152100,living
1021794524,[박술녀] 자수광목 도톰한 요세트/보료/매트 (작품명 화연) 싱글,침구,요커버,,,박술녀침장,89100,living
1081303893,한스갤러리 누빔 이불 바닥 매트 패드 요 세트 요매트 솜포함(Q),침구,요커버,,,한스갤러리,89800,living
1081303812,한스갤러리 누빔 이불 매트 패드 요 세트 요매트 솜포함(SS),침구,요커버,,,한스갤러리,74800,living
1047772157,소프트무드 요커버(누빔)+허브요솜5cm 세트 싱글(S) 바닥요매트,침구,요커버,,,애프터식스,47900,living
1127339039,[선물가방] 박술녀 양모 순면 워싱 이불2장+베개커버2장 K킹 (작품명 영화3) 한국생산,침구,이불커버,,,박술녀침장,164250,living
1127136864,[선물가방] 박술녀 사계절양모 순면 워싱 이불2장+베개커버2장 SS슈퍼싱글 (작품명 청연) 한국생산,침구,이불커버,,,박술녀침장,115500,living
1000235606,[품절임박][헬렌스타인][3종 택1][균일가] 5성급 호텔 이불커버 세트 S/Q/K/LK,침구,이불커버,,,헬렌스타인,79000,living
1030569536,[닥스침구]모달 브릭스2 홑겹 이불커버 퀸,침구,이불커버,,,닥스침구,90000,living
1098408541,[선물가방] 박술녀 양모 순면 삶은 이불2장+베개커버2장 SS+SS 슈퍼싱글 (작품명 연모4),침구,이불커버,,,박술녀침장,141750,living
68737734,바숨 여름 냉감 인견이불 홑이불 SS,침구,인견/모시침구,,,바숨,23900,living
1086059749,[Q] 드모아쿨냉감양모이불100%,침구,인견/모시침구,,,드모아,129000,living
58077708,바숨 여름 냉감 인견 침대패드 겸 카페트 SS,침구,인견/모시침구,,,바숨,29900,living
93495119,플로라 도브 풍기인견 100% 천연냉감 여름 침대패드 Q,침구,인견/모시침구,,,플로라,39900,living
1032886634,에어룸 순면 인견시어서커 바람길 여름 이불베개세트SS,침구,인견/모시침구,,,에어룸,69900,living
1116609446,GS단독특가  애끌리아 간절기 차렵이불 3종세트 전사이즈 균일가,침구,차렵이불,,,벨리에르,49900,living
1136482192,더자리 항균 스트라이프 간절기 침구 이불 패드 풀세트 S/SS Q,침구,차렵이불,,,라이크홈,29900,living
1114583774,[애끌리아] 포근 워싱 차렵이불/담요 1장(SS~SK),침구,차렵이불,,,벨리에르,19900,living
63442198,[건조기가능/무료배송]먼지없는 사계절 차렵이불(SS/Q)/간절기 이불세트 균일가,침구,차렵이불,,,바자르,34560,living
55525674,[건조기가능]먼지없는 사계절 이불세트+패드+베개솜(SS) 싱글이불세트 28종,침구,차렵이불,,,바자르,62100,living
1092116364,[더플레오]브리드 호텔식 워싱 침구세트 Q,침구,침구세트,,,THE PLEO,44930,living
1127331948,[선물가방] 박술녀 프리미엄 도톰양모 이불 침구세트 Q퀸 (작품명 다온) 이불/패드/베개커버 한국생산,침구,침구세트,,,박술녀침장,156750,living
1111934949,[미세스문] 프리미엄 블랙라벨 달빛정원 SK 모달침구 풀세트 슈퍼킹,침구,침구세트,,,미세스문,187600,living
1127333076,[선물가방] 박술녀 프리미엄 도톰양모 이불 침구세트 K킹 (작품명 다온) 이불/패드/베개커버 한국생산,침구,침구세트,,,박술녀침장,179250,living
1127137730,[선물가방] 박술녀 사계절양모 순면 워싱 이불2장+베개커버2장 Q퀸 (작품명 청연) 한국생산,침구,침구세트,,,박술녀침장,149250,living
1104821722,[애끌리아] 아센느 HR 극세사 목화솜 자수 퀼팅 소파토퍼 1장,침구,토퍼/요토퍼,,,벨리에르,16900,living
1029527335,드림웰 알러지케어 바닥매트리스 토퍼 라텍스커버 SS 높이 10cm,침구,토퍼/요토퍼,,,아망떼,33900,living
1077881483,[돌침대토퍼] 현대의료기 도도 에어코일 토퍼매트리스 퀸사이즈,침구,토퍼/요토퍼,,,포그니처,231200,living
58693532,아토앤알로 빌리프 알러지케어 침대 바닥 매트리스 토퍼 SS,침구,토퍼/요토퍼,,,아토앤알로,39900,living
90033348,[시몬스] N32 토퍼 스트라이프 슬리브 SS,침구,토퍼/요토퍼,,,시몬스,73700,living
1062055568,[모던하우스] ON 소프트브리즈 얇은 이불 150200 6color,침구,홑이불,,,모던하우스,16240,living
1031746953,시어서커 여름이불 슈퍼싱글 SS,침구,홑이불,,,바숨,23900,living
68786907,[한정특가] 믹스 시어서커 얇은 여름 이불 홑이불  SS/Q,침구,홑이불,,,바숨,10900,living
1063270252,[더플레오] 니트 자카드 극세사 담요 3종세트 Q,침구,홑이불,,,THE PLEO,49900,living
1102829923,모니즈 그레이시 부드러운 극세사 홑이불 겸 패턴담요 컬러5종,침구,홑이불,,,모니즈,16900,living
1089291766,13mm 프리미엄 마작자리 대나무돗자리 150x190cm,카페트/러그/발매트,여름자리/대자리,,,기타,89900,living
1085760300,쿨섬머 마작소파자리  내추럴 45x130cm 2인 대자리소파,카페트/러그/발매트,여름자리/대자리,,,갤러리데코,19900,living
37941428,[한빛카페트] 17mm 오크무늬 대자리 150x190cm,카페트/러그/발매트,여름자리/대자리,,,한빛카페트,49900,living
60159939,[한일카페트] 향균 스페이스 사계절 거실러그 카페트 200x250,카페트/러그/발매트,카페트/러그,,,한일카페트,55710,living
1039824463,뉴나인 체크 방수 거실 러그 대형카페트 특대형 200x350cm,카페트/러그/발매트,카페트/러그,,,라이크리빙,155900,living
1109318445,[한일카페트] 순면 사계절용 크리센트 소파패드 90x300 5~6인용,카페트/러그/발매트,카페트/러그,,,한일카페트,49410,living
1094768037,사계절 헤링본 사이잘룩 거실러그 카페트 200X300,카페트/러그/발매트,카페트/러그,,,modoorug,74800,living
62059130,[한일카페트] 모던/클래식 극세사 워싱 소파패드 4인용 65x230,카페트/러그/발매트,카페트/러그,,,한일카페트,30150,living
1054455299,아일렛 린넨룩 쉬어 2장 여름 대형 안방 거실커튼,커튼/블라인드,로만쉐이드/벌룬쉐이드,,,까르데코,45900,living
1123600266,창문블라인드 롤 블라인드 창문 방염 암막 스크린 실버 65X125cm,커튼/블라인드,버티컬/롤스크린,,,기타브랜드,12290,living
1273206,[올더까사] 베란다용버티컬 125x230,커튼/블라인드,버티컬/롤스크린,,,올더까사,78000,living
1049777407,커버없는 듀얼 암막 콤비 블라인드 인테리어 블라인드 100x160cm,커튼/블라인드,블라인드,,,창벗,41900,living
1049777545,커버없는 듀얼 암막 콤비 블라인드 인테리어 블라인드 190x240cm,커튼/블라인드,블라인드,,,창벗,118500,living
1025064128,바나나빌딩 무타공 1초 블라인드 1세트 / 못없이 흡착식 벽부착,커튼/블라인드,블라인드,,,바나나빌딩,12900,living
1049810160,마일드 롤 블라인드 안방 거실 스크린 무지 블라인드 160x160cm,커튼/블라인드,블라인드,,,창벗,33200,living
1040129301,윈홈스 항균 베이직 콤비블라인드 185x240 (규격),커튼/블라인드,블라인드,,,윈홈스,67900,living
1041396919,더블레이어 방한 방풍 누빔 패딩 암막 커튼 특대형 265x240cm,커튼/블라인드,암막커튼,,,뷰하우스,49500,living
1090164661,[사은품] 데시뉴 블랑쉐이드 호텔식 3중직 아일렛 암막커튼 긴창+커튼봉세트 4컬러,커튼/블라인드,암막커튼,,,데시뉴,51210,living
96675676,뷰하우스 벨라 투톤 사계절 아일렛 암막커튼 슈퍼특대형 거실 침실 호텔,커튼/블라인드,암막커튼,,,뷰하우스,98370,living
1080130112,슈가파우더 형상기억 암막 안방 거실 대형 도톰 방한 커튼 2장,커튼/블라인드,암막커튼,,,까르데코,64710,living
53636992,까르데코 사계절 아일렛 디망쉬 거실 안방 대형 암막 커튼 2장,커튼/블라인드,암막커튼,,,까르데코,48900,living
58241034,까르데코 플뢰르쉬어 긴창 대형 자수 거실 레이스커튼 2장,커튼/블라인드,일반커튼,,,까르데코,49410,living
1014551275,뷰하우스 소프트밀크 나비주름 쉬폰커튼 특대형,커튼/블라인드,일반커튼,,,뷰하우스,75600,living
1049771915,피오레 쉬폰커튼 특대형 나비주름 아일렛 핀 거실커튼,커튼/블라인드,일반커튼,,,뷰하우스,43200,living
56552148,[바자르/긴창형/2장] 고밀도 광목 가리개 커튼 균일가 신상출시,커튼/블라인드,일반커튼,,,바자르,40410,living
1029586626,스트라이프 화이트 쉬폰커튼 특대형,커튼/블라인드,일반커튼,,,뷰하우스,40500,living
1002247062,[뷰하우스] 길이조절 25mm커튼봉세트_브라켓포함,커튼/블라인드,커튼부자재,,,뷰하우스,12000,living
54339993,윈테리어 25mm 플레인캡 커튼봉세트 10호(160~300cm),커튼/블라인드,커튼부자재,,,윈테리어,16500,living
1039783285,마켓플랜 초강력 스테인레스 압축봉 70~120cm,커튼/블라인드,커튼부자재,,,마켓플랜,7200,living
1034497366,호텔룸 화이트 쉬폰커튼끈,커튼/블라인드,커튼부자재,,,마틸라,2500,living
10159954,[데코뷰] 베이직 커튼봉 12자(180-360cm),커튼/블라인드,커튼부자재,,,데코뷰,17600,living
22139257,"[쁘리엘르]스판 에어컨커버 스탠드형(삼성,LG,무풍,멀티형)",홈패브릭,기타패브릭소품,,,쁘리엘르,19900,living
11874453,[체험특가][쁘리엘르]스판 벽걸이 에어컨커버 모음,홈패브릭,기타패브릭소품,,,쁘리엘르,9900,living
32414907,[체험특가][쁘리엘르]스판 벽걸이 에어컨커버(트라이앵글),홈패브릭,기타패브릭소품,,,쁘리엘르,8900,living
36947371,[하임앤하임] 루핀 아이보리 레이스 식탁보-6인용,홈패브릭,기타패브릭소품,,,하임앤하임,37400,living
1099099375,리진 보네르 방수 식탁커버 4인용 (160X140cm),홈패브릭,기타패브릭소품,,,리진,20800,living
1134308151,[l+l 특별구성] 스위트홈/아날도바시니 층간소음 룸슈즈 실내슬리퍼 실내화,홈패브릭,슬리퍼/실내화,,,기타브랜드,6940,living
32302877,"[상시가 9,900원]면 퀼트 실내화 5켤레 거실화 덧신실내화 거실슬리퍼",홈패브릭,슬리퍼/실내화,,,서울양말,8900,living
1056681276,구디푸디 [체험특가] 1P+1P 클로버 쿠션 실내화 거실화 층간소음 슬리퍼,홈패브릭,슬리퍼/실내화,,,구디푸디,8460,living
25472811,컴피 면 거실화 거실 슬리퍼 실내화,홈패브릭,슬리퍼/실내화,,,기타브랜드,9500,living
1081811745,실내 슬리퍼 거실 실내화 린넨 사무실 층간소음 방지,홈패브릭,슬리퍼/실내화,,,SELLERHUBSHOP,3200,living
1090789293,포트메리온 보타닉가든 H형 앞치마(순면) 1p,홈패브릭,앞치마/러너/티슈커버,,,포트메리온,21000,living
1088828023,구디푸디 [체험특가] 코지 데일리 포켓 방수 앞치마 어린이집 주방 카페 앞치마 3color 1개+1개,홈패브릭,앞치마/러너/티슈커버,,,구디푸디,11970,living
1108413026,[양면착용] 방수 앞치마 카페 미용실 바리스타 주방 조끼형 미술 공방 고급 앞치마,홈패브릭,앞치마/러너/티슈커버,,,깨비다,11900,living
1056471130,구디푸디 [체험특가] 1P+1P 모던 방수 앞치마 미용실 공방 원피스앞치마,홈패브릭,앞치마/러너/티슈커버,,,구디푸디,8910,living
1112051326,[한빛카페트] 클라세 순면 워싱 쇼파패드 3인용 4인용 균일가,홈패브릭,쿠션/방석/소파매트,,,한빛카페트,23900,living
1107149497,[루나앤슬립] (4인용와이드)통워싱 목화솜 자수퀼팅 소파패드 3종 (소파패드*2+다용도매트+1),홈패브릭,쿠션/방석/소파매트,,,루나 앤 슬립,48930,living
1071841208,먼지없는 극세사 목화솜 겨울 거실 돌 소파 패드 쇼파 매트 돌 (90x200),홈패브릭,쿠션/방석/소파매트,,,모더브,36800,living
1057765029,마켓플랜 먼지없는 사계절 논슬립 소파패드 4인용 70x210cm,홈패브릭,쿠션/방석/소파매트,,,마켓플랜,24900,living
1095554874,리진 엘레강스 순면 소파패드 4인용 (90X240cm),홈패브릭,쿠션/방석/소파매트,,,리진,34800,living
1098896354,[상품권5만원증정]LG 울트라 HD TV AI 65UA751C0NA,TV/영상가전,TV,,,LG전자,1217050,living
1135500302,[1등급] LG QNED AI TV 55형 55QNED70BKA,TV/영상가전,TV,,,LG,1312500,living
1135560501,[상품권5만원증정]LG 울트라 HD TV AI 65UA7500GNA,TV/영상가전,TV,,,LG전자,1109660,living
1126813075,프로젝터거치대 트레이/빔프로젝트 빔 스탠드 받침대,TV/영상가전,빔프로젝터/스크린,,,Eagles Trading,18800,living
1099689775,신일 스마트 욕실 화장실 온풍기 26년형 신제품 IPX4 방수 / 홈쇼핑 즉시발열 스탠드겸용 벽걸이 무타공 난방기 PTC 전기 히터,계절가전,온풍기/컨벡터,,,신일전자,159000,living
1101232038,루메나 가정용 벽걸이 욕실 온풍기 WARMER FRAME,계절가전,온풍기/컨벡터,,,루메나,139000,living
1098560743,프롬비 따뜻샤워 거울 욕실 화장실 벽걸이 온풍기 FF255 무타공 무소음 난방기 미니 전자식 화이트그레이,계절가전,온풍기/컨벡터,,,프롬비,145000,living
1045261578,짐머만 PTC 벽걸이 전기 히터 발난로 욕실 온풍기 ZMH-1514CBS,계절가전,온풍기/컨벡터,,,짐머만,49900,living
1068111340,파세코 실내 캠핑용 23평형 등유 석유 히터 로터리 난로 P-12000F,계절가전,전기/가스/석유히터,,,파세코,539000,living
1101466572,[[ GS런칭 특가 ]] 신일 더슬림 듀얼 히팅 PTC+석영관  복합 온풍기 히터 / 난로 전기 가정용 거실 사무실 난방기 온열기 / 2026년형 최신형,계절가전,전기/가스/석유히터,,,신일전자,139000,living
1067613736,신일 프리미엄 오방향 전기스토브 퓨어화이트 SEH-FHS180A,계절가전,전기/가스/석유히터,,,신일,89000,living
1103157162,신일 2단 석영관 히터 자동전원 차단 SEH-KP80H,계절가전,전기/가스/석유히터,,,신일,26900,living
53440238,독일크루거 2단 석영관 미니 히터 KRH-2914W 소형히터,계절가전,전기/가스/석유히터,,,크루거,16900,living
1054321162,[본사인증점][자동건조] 위닉스 제습기 12리터 DXAE120-NYK,계절가전,제습기,,,위닉스,259000,living
1102720283,[위닉스] (본사직영) 21L 인버터 제습기 DXWE210-NGK,계절가전,제습기,,,위닉스,521320,living
1083605694,[ GS특가+쿠폰 혜택 ] 신일 저소음 13L 최신형 제습기 SDH-S167IMN / 욕실 원룸 드레스룸 습기제거 결로 곰팡이,계절가전,제습기,,,신일전자,199000,living
1052894544,(기간한정특가) 캐리어 클라윈드 18L 제습기 연속배수 자동제습 오토스윙 CDHC-180AXMWOYH 빠른발송,계절가전,제습기,,,캐리어,249000,living
1133740543,[위닉스] (본사직영) 16L 제습기 DN2E160-KWK,계절가전,제습기,,,위닉스,309000,living
1129877332,보아르 슈트쏙 99% 탈취 살균 미니 의류관리기 휴대용 소형 건조기 원룸 옷 열풍 고온 여행용 출장용,생활가전,건조기,,,보아르,49900,living
1088831950,[상품권5만원증정]LG 트롬 오브제컬렉션 건조기 20kg RD20VN,생활가전,건조기,,,LG전자,1431770,living
1132054862,아트박스/다이슨 에어랩 오리진 멀티스타일러(블루코퍼)[국내AS,생활가전,기타생활가전,,,다이슨,459000,living
1116455862,베스트하임 UVC 자외선 다목적 변기 살균 소독기 충전,생활가전,기타생활가전,,,베스트하임,15900,living
1132142535,오닉스 북스 GO6 6인치 흑백 (Gen.2) 이북리더기,생활가전,기타생활가전,,,오드,320000,living
1028384356,가정용 미니재봉틀 휴대용 핸드미싱 바느질 리폼 바지수선,생활가전,재봉틀,,,디어마켓,13900,living
1103218146,글리너 수동 보풀제거기 세탁소 전문가용(캐나다 본사 정품) 본체+전용날 3종+보관용 파우치,생활가전,보풀제거기,,,글리너,34860,living
90045129,만능 필립스 보풀제거기 필립스보풀제거기,생활가전,보풀제거기,,,브라운,17990,living
1063037859,온아워 세탁소 무선 보풀제거기 만능 가정 업소용,생활가전,보풀제거기,,,온아워,14500,living
1123227490,상의 점보보풀제거기 C타입 충전방식_1725,생활가전,보풀제거기,,,기타브랜드,21580,living
5030024,[벨라홈] 마하 보풀제거기 808(CN8507),생활가전,보풀제거기,,,르시아,10900,living
1128844310,"LG 오브제 워시콤보 스팀+미니워시 FH25ESX,FH25GSX",생활가전,세탁기건조기세트,,,LG,3406000,living
1128843970,"LG 오브제 워시콤보 스팀 세탁건조기 FH25ES,FH25GS",생활가전,세탁기건조기세트,,,LG,3304800,living
1117357770,클럭 스트레칭 마사지기 울트라,생활가전,안마기/안마의자,,,클럭,380000,living
1127764518,[코지마][최대영업일3주소요][비밀특가] 소프라 4D 안마의자 CMC-A350,생활가전,안마기/안마의자,,,코지마,2350000,living
1128224837,[코지마]코지마 목어깨마사지기 CMN-850WL,생활가전,안마기/안마의자,,,코지마,198000,living
1026151022,아이텍 전화기 IK-200WH 화이트 빅버튼 유선전화 가정용전화기,생활가전,유/무선전화기,,,ITEK,19900,living
54895693,맥슨 발신자표시 유선전화기 MS-350 강력벨 빅버튼,생활가전,유/무선전화기,,,맥슨,34000,living
1089056214,오빌폰 유선전화기 발신자표시 집사무실 관공서 삼성/LG키폰호환 OP-830 화이트,생활가전,유/무선전화기,,,리버앤오빌,30000,living
59959057,대명전자통신 유선전화기 DM-710 벽걸이 겸용,생활가전,유/무선전화기,,,대명,14100,living
37932486,발신자표시 맥슨 유선전화기 MS-350 [대형LCD/빅버튼/큰벨소리],생활가전,유/무선전화기,,,맥슨,28000,living
1135944059,LG 스타일러 오브제컬렉션 슈케어 4컬례 SS4RWS60E 화이트,생활가전,의류관리기,,,LG,1206900,living
1000432412,인비오 시력보호 무선 책상 공부 LED스탠드 조명 INVIO LIGHT,생활가전,책상/사무용스탠드,,,인비오,39800,living
1101541140,인비오 LED 스탠드 듀얼헤드 책상 공부 학생 시력보호 LIGHT DUO,생활가전,책상/사무용스탠드,,,인비오,34800,living
1046307592,맥스 LED스탠드 눈부심방지 터치패널 4단밝기조절 국내산 전원 좌우선택,생활가전,책상/사무용스탠드,,,에보니아,75300,living
1092979942,고네오 심플 LED스탠드 5W 3색변환 LED스텐드 독서등 책상용 휴대용 캠핑용 USB 충전식 C타입 무전선(wireless),생활가전,책상/사무용스탠드,,,기타브랜드,14600,living
1106428192,[한올스]크로바 단수링,생활가전,책상/사무용스탠드,,,기타,10630,living
58831602,가쯔 벌레퇴치 휴대용 스마트 전기모기채 2개(무료배송),생활가전,해충퇴치기,,,가쯔,9900,living
1058270528,해피홈 모기포충기 에어트랩 360 플러스 2개,생활가전,해충퇴치기,,,유한양행,103000,living
1012184655,한일 디어린 미니 전기모기채 3color 건전지형,생활가전,해충퇴치기,,,한일,16900,living
1128327120,홈매트 리퀴드 맥스 제로 훈증기2+리필4 무향 홈키파 액체 액상 전기 전자,생활가전,해충퇴치기,,,SELLERHUBSHOP,30700,living
1114382859,바겐슈타이거 스텐 프레스형 샌드위치메이커,주방가전,간식제조기,,,바겐슈타이거,26800,living
1031487510,[위즈웰]대용량 듀얼반죽 제빵기 식빵 발효 잼 요거트 WSB8000,주방가전,간식제조기,,,위즈웰,129000,living
93595758,키친아트 와플메이커/샌드위치 KWAF-75N,주방가전,간식제조기,,,키친아트,16900,living
1060836309,키친아트 렉스 와플메이커 교체형 플레이트 와플기계 붕어빵 샌드위치 호떡 토스트기,주방가전,간식제조기,,,키친아트,26900,living
1074515805,[26년형] 클래파 올스텐레스 2단 계란찜기 전기찜기 에그쿠커 30분 타이머 대용량 멀티찜기 2color,주방가전,기타주방가전,,,클래파,28900,living
1112091363,[간편하게 만드는 찐계란] 키친아트 1단 계란찜기 멀티찜기 KA-1070 / 화이트,주방가전,기타주방가전,,,키친아트,10900,living
1070168034,[타이머기능으로 안전하게 사용가능한] 키친아트 304올스텐 1단 계란찜기 KA-1577S1,주방가전,기타주방가전,,,키친아트,23900,living
1133563228,키친아트 라팔 1단 에그찜기 멀티 계란찜기 KAE-1091S,주방가전,기타주방가전,,,키친아트,9900,living
64556971,본사직영) 쿠쿠 스피드팟 5.7L 멀티쿠커 CMC-A0655FB,주방가전,기타주방가전,,,쿠쿠,105600,living
1125235715,[1등급]LG 디오스 오브제컬렉션 김치톡톡 Fit & Max 324L Z334GBB151,주방가전,김치냉장고,,,LG,2268000,living
1068547992,헤르젠 미니 김치냉장고 32L,주방가전,김치냉장고,,,HERZEN,438000,living
1124991367,[LG전자 직영] LG 디오스 오브제컬렉션 김치톡톡 김치냉장고 Z509MPSF13 (505L),주방가전,김치냉장고,,,LG전자,2062960,living
1133799118,"[풀무원]NEW1등급 인버터 1도어 김치냉장고 KS166EG1W1[김치통4개,휴대용 블레렌더 포함",주방가전,김치냉장고,,,풀무원건강생활,728000,living
1133259767,[LG전자 직영] LG 컨버터블 패키지 오브제컬렉션 김치냉장고 Z323MEF,주방가전,김치냉장고,,,LG전자,1236520,living
1133209337,[26년신제품]델리팬 식기건조기 DEL-DS60 7인용 올스텐 UV살균소독기 젖병소독기 수저 칼 도마 대용량 물때방지,주방가전,식기세척기/건조기,,,델리팬,289000,living
1123873859,[1등급] LG 디오스 AI 오브제컬렉션 식기세척기 열풍+스팀 DEE6BGE,주방가전,식기세척기/건조기,,,LG,1872300,living
1122520380,하임셰프 식기건조기 HTD-2200 6인용 70도 고온 열풍 살균 60L 화이트,주방가전,식기세척기/건조기,,,Heimchef,169000,living
60258919,본사직영) 쿠쿠 6인용 식기건조기 CDD-A9010S,주방가전,식기세척기/건조기,,,쿠쿠,105600,living
1122632761,위드닉스 식기건조기 EDC-5510 6인용 가정용 살균 60L 화이트 9종세균 99% 제거,주방가전,식기세척기/건조기,,,Heimchef,129000,living
1074034449,[신제품] 델리팬 글라스팟 4.5L 유리 에어프라이어 DEL-DA5  저소음 투명 바스켓형,주방가전,에어프라이어/튀김기,,,델리팬,87000,living
1132752071,[비밀특가]코렐 일렉 에어글라스 바사칸 보이는 에어프라이어 4L,주방가전,에어프라이어/튀김기,,,코렐,159000,living
1133740326,[공식] 닌자 크리스피 에어프라이어(FN100KR),주방가전,에어프라이어/튀김기,,,샤크닌자,249900,living
1100825744,코렐 일렉 에어글라스 에어프라이어 기본패키지,주방가전,에어프라이어/튀김기,,,코렐일렉,189000,living
1128240944,모리츠 루시드글래스 유리 에어프라이어 4L+4L바스켓 패드증정 MO-AF04G,주방가전,에어프라이어/튀김기,,,모리츠,79900,living
1122037255,2026년형 NEW 한경희 음식물처리기 AI 미니큐브 가정용 음쓰처리기 음식물 분쇄건조형 건조기 분쇄기 3L,주방가전,음식물처리기,,,한경희생활과학,349000,living
1088208154,(포토리뷰 사은혜택 증정) 휴렉 음식물 처리기 히트 HD-9100HTC (그레이화이트),주방가전,음식물처리기,,,휴렉,499000,living
1116886244,[국내생산] 쿠쿠 건조분쇄형 에코웨일 큐브 2L 음식물처리기 (색상 택1),주방가전,음식물처리기,,,쿠쿠,505120,living
1104814706,(포토리뷰 사은혜택 증정) 휴렉 음식물 처리기 베로 P001,주방가전,음식물처리기,,,휴렉,299000,living
92764034,휴렉 음식물 처리기 지니 설치형,주방가전,음식물처리기,,,휴렉,1409000,living
1092118363,스퀘어가든 폴딩 양면그릴 원터치 전기그릴 GS단독구성 풀세트,주방가전,전기그릴/팬,,,스퀘어가든,208000,living
1103554667,로이첸 자동회전냄비 아이지글 롤팬 인덕션 멀티팬,주방가전,전기그릴/팬,,,로이첸,109000,living
1060440035,신일 전기그릴 [국내제조] 그릴팬 특대형 77Cm 잔치팬 전기후라이팬 SGP-R2929MT,주방가전,전기그릴/팬,,,신일,89000,living
1116177265,[안방그릴 울트라] 연기+냄새+기름잡는 전기그릴 (보관가방+필터10개 포함) AB1101MF/연기 안나는 바베큐 삼겹살 대형 그릴 시즌6,주방가전,전기그릴/팬,,,안방,204000,living
1115377170,[마이어] 와이드 듀얼히팅 생선그릴 (+다용도팬+유분필터10매) (GF-008) / 신애라 3중 필터,주방가전,전기그릴/팬,,,마이어,129000,living
1054852107,해피콜 올스텐 전기포트 에드 전기주전자 통주물 홈카페 커피 티포트 분유포트,주방가전,전기포트,,,해피콜,39900,living
1090510028,[1.8L 로 넉넉하게 이중보온으로 안전하게] 키친플라워 더블 블랙 1.8L 전기포트 주전자 KEK-1825,주방가전,전기포트,,,남양키친플라워,17900,living
1033787011,델리팬 전기포트 1.6L 보온 커피포트 스테인레스 전기주전자 티포트 델리포트 DEL-KW16,주방가전,전기포트,,,델리팬,38900,living
1059772315,키친아트 전기포트 1.2L 무선 스텐 커피포트 미니 소형 전기 주전자 (3color),주방가전,전기포트,,,키친아트,22800,living
1028794727,키친아트 맥스 1.5L 전기주전자  KAEK-MX15 전기포트 무선포트 커피포트 무선주전자 전기무선포트,주방가전,전기포트,,,키친아트,10900,living
1066635148,[공식수입원] NEW 더 토스터 화이트/블랙/쇼콜라 K11B *스텐트레이&망 증정*,주방가전,토스터기,,,발뮤다,299000,living
1103526920,[테팔] 솔레이 토스터 TT303A,주방가전,토스터기,,,테팔,38900,living
94428238,벤소닉 레트로 멀티 무선 포트n토스터 세트,주방가전,토스터기,,,벤소닉,99000,living
1091366694,*라헨느 더퀸 포토프 스팀오븐 토스터기 12리터 LAD-310A,주방가전,토스터기,,,라헨느,64900,living
1098658821,인썸 토스트기 가정용 2구 팝업 토스터기 7단계 토스트기계 ITS-1,주방가전,토스터기,,,인썸,15900,living
1111521894,3M 넥스케어 블레미쉬 클리어커버 릴리프 64매 3개,건강/의료용품,기타건강관리용품,,,3M,17300,living
1133496463,라라무브 클라우드패드 뒤꿈치 각질케어 보습양말 2세트 실리콘 덧신 쿠션 풋케어 발꿈치 갈라짐,건강/의료용품,손/발관리용품,,,라라무브,9410,living
1073330867,라라무브 클라우드패드 뒤꿈치 각질케어 보습양말 4세트 실리콘 덧신 쿠션 풋케어 발꿈치 갈라짐,건강/의료용품,손/발관리용품,,,라라무브,16060,living
33232160,휴족시간 쿨링시트 6매입x12개,건강/의료용품,손/발관리용품,,,휴족시간,29900,living
1106837409,브리타 정수기 스타일에센셜XL 3.6L + 기본필터 1입,건강/의료용품,정수기/연수기,,,브리타,34900,living
1134441981,브리타 큐브 쿨 무타공 냉온정수기 5.3L 화이트,건강/의료용품,정수기/연수기,,,브리타,499000,living
1077980828,브리타 정수기 글라스저그 2.5L + 기본필터 1입,건강/의료용품,정수기/연수기,,,브리타,72000,living
1135527566,예지미인 데일리코튼 입는 오버나이트 6Px7팩 / 중형대형 택1,구강/위생용품,생리대,,,예지미인,34900,living
1033382875,[화이트]수퍼흡수 울트라슬림 4팩,구강/위생용품,생리대,,,좋은느낌,17300,living
1087822509,[좋은느낌]오리지널 입는오버나이트 8매x4팩,구강/위생용품,생리대,,,좋은느낌,25400,living
1078653505,예지미인 날개형 롱 팬티라이너 20P x 10팩 + 입는오버나이트 사은품증정,구강/위생용품,생리대,,,예지미인,27900,living
97962780,[깨끗한나라] 생리대 디어스킨 중형 16P x 3팩 + 중형4p 외 BEST 구성전,구강/위생용품,생리대,,,깨끗한나라,9400,living
1051201181,메르헨트 [99% 탈취효과] 1 +1 퍼퓸 드 섬유탈취제 룸스프레이 250ml 섬유향수 드레스퍼퓸 침구 패브릭 홈,세정/제습/방충,드레스퍼퓸,,,메르헨트,9900,living
1023189084,[에이센트] 3X 드레스퍼퓸 250ml(16종) / 1개 구매시 1개 증정,세정/제습/방충,드레스퍼퓸,,,에이센트,14900,living
58628675,[헨켈]홈매트 코드롤러 훈증기 모기약,세정/제습/방충,살충제/새집증후군,,,홈매트,7900,living
58628549,홈매트 MAX 훈증기+리필 2개입,세정/제습/방충,살충제/새집증후군,,,홈매트,16600,living
93416383,[헨켈]컴배트 맥스 에어졸 500mlx3개,세정/제습/방충,살충제/새집증후군,,,컴배트,13770,living
90939538,홈매트 리퀴드 제로리필 3개입,세정/제습/방충,살충제/새집증후군,,,홈매트,12900,living
1047093740,드로지 워킹가드 뿌리는 바퀴벌레 약 살충제 좀벌레 빈대 먼지다듬이 거미 개미 퇴치제 퇴치법 스프레이,세정/제습/방충,살충제/새집증후군,,,드로지,25900,living
1134204093,[퓨레어] 퍼퓸 탈취제 2개 세트,세정/제습/방충,실내용방향제,,,퓨레어,13140,living
1085884976,[9/21 5%더블쿠폰] 피지 모락셀라 냄새제거 부스터 캡슐 26개입 5종 택1,세정/제습/방충,실내용방향제,,,피지,14950,living
1080599140,욕실의여왕 실내용 고체 탈취제 1개+1개(택1),세정/제습/방충,실내용방향제,,,욕실의여왕,12530,living
1012533190,오르페아 의류방향제 서랍장 및 옷걸이용 12매입,세정/제습/방충,실내용방향제,,,오르페아,18850,living
1059607818,네이쳐리빙 (99.9%항균)피톤치드 편백오일수 스프레이 500ML,세정/제습/방충,실내용방향제,,,네이쳐리빙,8720,living
1030932341,가성비가 브랜드다 강력한 습기타파 제습제 280g*24개 (흡수량 570ml),세정/제습/방충,제습제,,,가성비가 브랜드다,17900,living
1053837358,[습기제로]NEW 200g 대용량 제습제 40개(스탠드형*28개+옷걸이형*12개),세정/제습/방충,제습제,,,습기제로,39900,living
1084242491,"제스타 라벤더향 제습제 250g*18입 (흡습량 450ml, 에센셜오일함유)",세정/제습/방충,제습제,,,제스타,14200,living
1033980728,[물먹는뽀송] 매일매일이 뽀송한 스탠드형 제습제 빅 250g 20입,세정/제습/방충,제습제,,,물먹는뽀송,28800,living
1120091659,데일리클린스 대용량 참숯제습제 280g*24개입 (구슬타입/국내생산) 흡수량570ml,세정/제습/방충,제습제,,,데일리클린스,18900,living
1132129102,[퓨레어] 뉴 퍼퓸 탈취제 더블구성 20개(미드나잇체리8+유칼립포레스트8+무향4),세정/제습/방충,탈취제,,,퓨레어,89800,living
1131849477,살림백서 [2+1] 오브제 에어프레쉬 실내 강력 고체탈취제 350g (화장실 담배 집안 냄새 제거 방향제),세정/제습/방충,탈취제,,,살림백서,19900,living
1136337597,올챌린지 (1 + 1) 실내 고체 탈취제 코튼브리즈 300g*2개,세정/제습/방충,탈취제,,,올챌린지,14900,living
1127440229,[GS단독] 1개+1개 코코도르 고체형 탈취제 300g X 2개 + 디퓨저 120ml 1개 증정 l 화장실 담배 집안 실내 냄세제거,세정/제습/방충,탈취제,,,코코도르,26950,living
1132127149,[퓨레어] 뉴 퍼퓸 탈취제 싱글구성 10개 (미드나잇체리4+유칼립포레스트4+무향2),세정/제습/방충,탈취제,,,퓨레어,69800,living
1085584442,국산원료100% 올리 프리미엄 과탄산소다3kg,세정/제습/방충,표백제/베이킹소다,,,올리,9900,living
96247474,[9/21 5%더블쿠폰] [체험특가]한입 100% 베이킹소다 2kg x 2개,세정/제습/방충,표백제/베이킹소다,,,한입세제,12880,living
1072864370,생활명작 베이킹소다5kg+스푼1개 / 표백 세정 세탁보조제,세정/제습/방충,표백제/베이킹소다,,,생활명작,9900,living
1114003762,올리 미국산 프리미엄 워싱소다 탄산소다 3kg,세정/제습/방충,표백제/베이킹소다,,,올리,8900,living
1131637445,"더푸룸 탄산 워싱소다 5kg 기름때, 찌든때 소다 가루세제",세정/제습/방충,표백제/베이킹소다,,,더푸룸,8600,living
1056640542,다우니 5성급 호텔컬렉션 미스티크 1Lx6 초고농축 섬유유연제 본품,주방/세탁세제/용품,섬유유연제,,,다우니,49400,living
1135883699,"피죤 초고농축 실내건조 섬유유연제 클린데이 리필 1.6L*3개 (5배초고농축, 탈취력99%)",주방/세탁세제/용품,섬유유연제,,,피죤,13900,living
1056640445,다우니 5성급 호텔컬렉션 미스티크 1Lx3 초고농축 섬유유연제 본품,주방/세탁세제/용품,섬유유연제,,,다우니,26100,living
1086275582,피죤 (총 10.8L) 섬유유연제 용기 3.1L*2 + 리필 2.3L*2,주방/세탁세제/용품,섬유유연제,,,피죤,12900,living
1135839666,[임박특가] 프로쉬 독일 아몬드밀크 섬유유연제 750ml (~27년 6월),주방/세탁세제/용품,섬유유연제,,,프로쉬,6600,living
21573133,보노하우스 모던 틈새 슬림 서랍장 5단 22cm 다용도 수납 정리함 투명,수납/정리/생활잡화,기타수납용품,,,보노하우스,39310,living
36279731,구디푸디 [체험특가] 강력 투명 매직후크 걸이 10P,수납/정리/생활잡화,기타수납용품,,,구디푸디,3870,living
1130098807,모기약 모기퇴치 해충퇴치 해피홈 파워매트S 리필 30매,수납/정리/생활잡화,기타수납용품,,,기타 브랜드,7580,living
57005194,보노하우스 모던 틈새 슬림 서랍장 7단 22cm 다용도 수납 정리함 투명,수납/정리/생활잡화,기타수납용품,,,보노하우스,48900,living
1076623700,여성 후드 지퍼 스웨터 가디건 자켓 아우터 간절기 집업 여자 니트,수납/정리/생활잡화,기타수납용품,,,기타,28000,living
1057734374,보노하우스 로코스 리빙박스 정리함 L 4개 수납 바스켓 팬트리 수납박스 (네임택 증정),수납/정리/생활잡화,리빙박스,,,보노하우스,17510,living
1073013535,모니즈 [1 + 1 + 1] 하운드체크 접이식 철제 리빙박스 칸칸 수납정리 (총3P),수납/정리/생활잡화,리빙박스,,,모니즈,10900,living
18961188,[벨라홈] 프리미엄 대용량 리빙박스 66L 6개세트(CN7776),수납/정리/생활잡화,리빙박스,,,레보,41900,living
1032985179,클리나 오픈도어 접이식 리빙박스 수납함 정리함 폴딩박스 40L,수납/정리/생활잡화,리빙박스,,,클리나,16900,living
1036999554,리빙 박스 옷 이불 수납 정리함 보관함 (중형),수납/정리/생활잡화,리빙박스,,,시나몬샵,16800,living
22077385,보노하우스 여름채소 보관용 3단 이동식 바구니,수납/정리/생활잡화,바구니/바스켓,,,보노하우스,15440,living
65086058,네이쳐리빙 데이지가든 내츄럴 뚜껑 라탄 바구니(L),수납/정리/생활잡화,바구니/바스켓,,,네이쳐리빙,24210,living
1077788863,네이쳐리빙 데이지가든 내츄럴 뚜껑 라탄바구니(S),수납/정리/생활잡화,바구니/바스켓,,,네이쳐리빙,17910,living
65086051,네이쳐리빙 데이지가든 내츄럴 깊은 라탄바구니(L),수납/정리/생활잡화,바구니/바스켓,,,네이쳐리빙,23310,living
65086045,네이쳐리빙 관리가편한 PP소재 내츄럴 라탄 바구니 2개 셋트(M+S),수납/정리/생활잡화,바구니/바스켓,,,네이쳐리빙,12960,living
1118368741,구디푸디 [체험특가] 올인원 스트라이프 피크닉 가방 겸용 돗자리 매트 방수 장바구니,수납/정리/생활잡화,돗자리/건강매트,,,구디푸디,11610,living
1060360368,국산 세계여행 컬러돗자리(특대형)180x200cm 방수매트,수납/정리/생활잡화,돗자리/건강매트,,,기타브랜드,19900,living
69374766,국산 휴대용 방수돗자리,수납/정리/생활잡화,돗자리/건강매트,,,파니파오,7500,living
1125826200,구디푸디 [체험특가] 210x200cm 휴대용 경량 피크닉 방수돗자리 대형매트 2color 고정팩+파우치+카라비너,수납/정리/생활잡화,돗자리/건강매트,,,구디푸디,11970,living
1077515185,두꺼운 피크닉매트 방수 돗자리 L사이즈 야외 캠핑 접이식 휴대용 대형 돗자리매트,수납/정리/생활잡화,돗자리/건강매트,,,오엠티,24900,living
1104309891,네이쳐리빙 (1 + 1) 5세대 에어다운 이불 정리함 압축파우치 XXL(117L) 특대형 총2개,수납/정리/생활잡화,압축팩,,,네이쳐리빙,55980,living
1087946046,리브맘 3세대 여행용 공간순삭 의류 이불 압축파우치 정리함 균일가,수납/정리/생활잡화,압축팩,,,리브맘,47900,living
1117313236,[부하우스]NEW컬러출시 대용량 이불 압축 정리함 특대형 3개,수납/정리/생활잡화,압축팩,,,부하우스,79110,living
1128352014,구디푸디 [체험특가] 부피삭제 제로펌프 이불 압축팩 파우치 XL (54x42x30cm),수납/정리/생활잡화,압축팩,,,구디푸디,12510,living
1128351969,구디푸디 [체험특가] 부피삭제 제로펌프 이불 압축팩 파우치 XXXL (54x42x90cm),수납/정리/생활잡화,압축팩,,,구디푸디,15930,living
15301136,네이쳐리빙 [단종특가]베이직 인테리어 우산꽂이,수납/정리/생활잡화,우산꽂이,,,네이쳐리빙,9810,living
36724143,청년리빙 스탠드형 우산꽂이,수납/정리/생활잡화,우산꽂이,,,기타브랜드,9900,living
14693340,네이쳐리빙 심플 인테리어 우산꽂이,수납/정리/생활잡화,우산꽂이,,,네이쳐리빙,15210,living
1056361956,구디푸디 [체험특가] 투명 세숫대야 설거지통 클리어 다용도 대야 소형 3L,욕실용품,기타욕실용품,,,구디푸디,5850,living
1046420337,[무케] 매터사봉_마르세유 리퀴드솝 500ml-시트러스버베나,욕실용품,기타욕실용품,,,무케렌시아,19800,living
1035073361,2장세트 실리콘 욕실 하수구 덮개 커버 냄새차단 배수구마개,욕실용품,기타욕실용품,,,탑스코리아,5900,living
1098334509,디어커스 무타공 소파 비누받침대 2컬러,욕실용품,기타욕실용품,,,디어커스,27900,living
1075094077,[비밀특가] 오리지니크 무선 자동 스텐 디스펜서 2개,욕실용품,디스펜서,,,알텐바흐,94900,living
1075094086,[비밀특가] 오리지니크 무선 자동 스텐 디스펜서,욕실용품,디스펜서,,,알텐바흐,49900,living
1102573750,[비밀특가] 오리지니크 자동 폼타입 디스펜서 세제 거품 손세정제 2개,욕실용품,디스펜서,,,오리지니크,45900,living
1061593694,뽀송버블 비접촉 자동센서 디스펜서,욕실용품,디스펜서,,,21CTREND,27000,living
61080637,[클라덴] 거꾸로 자석 양치컵 n 칫솔걸이,욕실용품,디스펜서,,,프로네이처,8900,living
1043117390,[더블쿠폰확인]대림바스 무소음 슬로우다운 양변기 커버 시트 TSC-417D,욕실용품,변기용품,,,대림 바스&키친,19900,living
1043117387,[더블쿠폰확인]대림바스 일반형 양변기 커버 시트 TSC-201(특대형),욕실용품,변기용품,,,대림 바스&키친,14700,living
1109320943,브라더바스 아메리칸시트 슬로우징시트 변기커버,욕실용품,변기용품,,,기타,26460,living
30099205,모아시스템즈 국산 하드 변기커버 대형 O형/상부체결형,욕실용품,변기용품,,,모아시스템즈,10300,living
1049285839,대림 변기시트 커버 DDC-500S 댐퍼형 상부체결 무소음 최고급형,욕실용품,변기용품,,,도비도스,24900,living
1081758510,[아난티 앳 홈] 아난티 후디 배스로브 네이비,욕실용품,샤워가운,,,아난티앳홈,158000,living
1086786617,와코루 수입레이온 페이즐리나염 원피스 샤워가운 목욕가운 골프가운(WGN792WL),욕실용품,샤워가운,,,신영와코루,133200,living
3742314,[전색상 재입고 ][홈앤하우스] 순면 100% 프리미엄 호텔용 샤워가운,욕실용품,샤워가운,,,홈앤하우스,29900,living
1128214877,[무료배송][선착순한정수량] 데니스골프 여성 슬립라인 샤워가운_네이비,욕실용품,샤워가운,,,데니스골프,18810,living
1102391186,겨울 프리미엄 사우나 목욕 샤워가운 호텔 여행 여성 수면 잠옷 골프 골프장 라운딩 스트라이프 로브 극세사 홈웨어 골프용품,욕실용품,샤워가운,,,효담상회,24900,living
63961140,대림바스 디클린 멀티필터 샤워기+리필필터(4개입) SET,욕실용품,샤워기/샤워호스,,,대림 바스&키친,38700,living
1068100710,네이쳐리빙 물쎈 파워고압 알루미늄 수압상승 샤워기헤드,욕실용품,샤워기/샤워호스,,,네이쳐리빙,12510,living
1121446427,대림바스 꼬임방지 PVC 샤워기 호스 실버 2.0m,욕실용품,샤워기/샤워호스,,,대림 바스&키친,12220,living
1033157724,6단 조절 샤워기 욕실용품 샤워헤드 샤워수전 수압상승,욕실용품,샤워기/샤워호스,,,엘홈,5900,living
1100919524,대흥 프린트 패턴 샤워타올 / 일제 / 욕실용품,욕실용품,샤워용품,,,대흥코리아,11400,living
1128982542,부광약품 얇은헤드 칫솔 초극세모 12입+12입,욕실용품,샤워용품,,,부광약품,12900,living
1037710343,패턴샤워타올(1p)-5개 국산타월 때타올 목욕타올 바디타월 거품,욕실용품,샤워용품,,,기타,11250,living
1056804895,[체험특가] 투톤 파스텔 샤워볼 50gx4개 샤워타올 타월,욕실용품,샤워용품,,,우리가스토리,4900,living
1073367914,송월타올 빅 마사지 때밀이 때수건 40 이태리 타올 때타올 10장,욕실용품,샤워용품,,,송월타월,14000,living
1025281971,빌로위 욕실 샤워기 방수 샤워커튼,욕실용품,샤워커튼/커튼봉,,,JLIFE,19800,living
1102344990,화장실 샤워 커튼 욕실 방수커튼 샤워실 욕실 가림막 방수샤워커튼 샤워실커튼 욕실가림막 욕실커텐 화장실,욕실용품,샤워커튼/커튼봉,,,기타브랜드,18300,living
1042190640,25mm 압축봉 280 무타공커튼봉 부착커튼 탈의실 신축봉,욕실용품,샤워커튼/커튼봉,,,아카시아리빙,14900,living
1073475706,보타닉가든 국내생산 욕실 방수 샤워 커튼 패브릭 가림막 가리개 파티션,욕실용품,샤워커튼/커튼봉,,,JLIFE,49800,living
65941645,안티 곰팡이 패브릭 샤워 커튼,욕실용품,샤워커튼/커튼봉,,,JLIFE,29900,living
1063086137,구디푸디 [체험특가] 1p+1p+1p 올인원 360도 회전 화장실 청소솔 욕실 틈새 타일 줄눈 청소용품,욕실용품,욕실/변기청소용품,,,구디푸디,5850,living
1074171893,모나코올리브 3단 길이조절 촘촘 브러시 욕실 청소솔,욕실용품,욕실/변기청소용품,,,모나코올리브,6900,living
67486265,이지드롭 변기클리너 핸들2개+리필13팩(12p/팩)+체험분12p 총168회분,욕실용품,욕실/변기청소용품,,,이지드롭,49800,living
1046537447,살림의기술 1p+1p 세탁가능한 엔틱 엘레강스 규조토 발매트,욕실용품,욕실발판,,,살림의기술,10900,living
1135238122,모니즈 [1 + 1] 아뜰리에 극세사 발매트 플라워 논슬립 매트 컬러4종,욕실용품,욕실발판,,,모니즈,9980,living
1063179130,살림의기술 1개+1개 라인아트 패턴 규조토 발매트,욕실용품,욕실발판,,,살림의기술,9900,living
1078523957,모니즈 [1 + 1]_메종리프 유럽풍 논슬립 인테리어 규조토 발매트 컬러2종,욕실용품,욕실발판,,,모니즈,8900,living
1002119889,네이쳐리빙 모던데일 뽀송 메모리폼 욕실 발매트,욕실용품,욕실발판,,,네이쳐리빙,9810,living
1032138264,[체험특가] 1 + 1 국내생산 안심성분 미끄럼방지 쿠브 욕실 슬리퍼,욕실용품,욕실화/욕실의자,,,상상앤드,9900,living
1107477963,홈앤미 1개+1개 국산 항균 미끄럼방지 물빠짐 욕실슬리퍼 욕실화,욕실용품,욕실화/욕실의자,,,홈앤미,21800,living
1087063845,[체험특가] 1 + 1 국산 미끄럼방지 욕실화 발등낮은 욕실 화장실 슬리퍼,욕실용품,욕실화/욕실의자,,,상상앤드,11900,living
1058165643,구디푸디 [체험특가] 1P+1P 미끄럼방지 화장실 욕실 슬리퍼 두툼 욕실화,욕실용품,욕실화/욕실의자,,,구디푸디,9810,living
1073364378,(2개세트)락앤락 문 턱 아래 욕실화 270mm(ETM569S2),욕실용품,욕실화/욕실의자,,,락앤락,11500,living
1001222074,접이식욕조 이동식 반신욕조 크라운 대형(덮개O) (CR-01),욕실용품,욕조/반신욕,,,에이치아이,77500,living
1087920593,JUNGRI.KR 접이식 반신욕 욕조 반신욕욕조 접이형욕조 접이형목욕통 간이욕조 욕조 목욕통 휴대용욕조 휴대,욕실용품,욕조/반신욕,,,기타브랜드,62110,living
1094234064,마켓플랜 그라데이션 접이식 욕조,욕실용품,욕조/반신욕,,,마켓플랜,19400,living
1001222070,접이식욕조 이동식 반신욕조 크라운 중형(덮개O) (CR-01),욕실용품,욕조/반신욕,,,에이치아이,72900,living
1074468517,조립없는 간편한 접이식 욕조 반신욕조 와이드형,욕실용품,욕조/반신욕,,,SELLERHUBSHOP,35100,living
1136298931,[코튼클라우드] 프리미엄 호텔수건 150g 5장 타올 타월 세트,욕실용품,타월,,,코튼클라우드,14900,living
63989594,코튼리빙 프리미엄 호텔수건 170g*5 (최고급 코튼100%),욕실용품,타월,,,코튼리빙,19900,living
1058249031,타월로지스트 TUILE 로브 세트 (로브1p+핸드타월4p+박스포장),욕실용품,타월,,,타월로지스트,139000,living
1065071069,아망떼 국내산 호텔수건 40수 200g 10장 타올 타월/5colors,욕실용품,타월,,,아망떼,71910,living
1040643674,테리파머 625gsm 프리미엄 호텔수건 200g 10장 타올 타월 세트,욕실용품,타월,,,테리파머,33900,living
60545408,PN풍년 통5중 IH 스텐압력솥 10인용,주방용품,압력솥,,,PN풍년,139000,living
1135531523,[식당솥밥을 집에서] 레이나 초고압 IH 3중코팅 압력밥솥 PRC-2604 / 나무구성품 포함,주방용품,압력솥,,,레이나,69900,living
60544835,PN풍년 통5중 IH 스텐압력솥 6인용,주방용품,압력솥,,,PN풍년,114000,living
1074006011,PN풍년 베르투P 압력솥3.5L(6인용)+곰솥(9L),주방용품,압력솥,,,PN풍년,149000,living
60544940,PN풍년 통5중 IH 스텐압력솥 2인용,주방용품,압력솥,,,PN풍년,99000,living
1133382226,[모던하우스]데일리 식빵 수세미 4매입 [DY0425010],주방용품,,,,모던하우스,5850,living
1133374162,[모던하우스]절삭력이 좋은 세라믹 가위 - XL 그레이 [CK1225001],주방용품,,,,모던하우스,19710,living
1084410157,모나코올리브 5매+5매 프리미엄 원단 유리 거울 먼지없이 닦는 광클 타월,청소용품,걸레/와이퍼타올,,,모나코올리브,9900,living
1092083292,극세사 바닥 청소 강아지 걸레슬리퍼,청소용품,걸레/와이퍼타올,,,SELLERHUBSHOP,6100,living
60772991,[GS단독특가] 이케아 LILLNAGGEN 유리닦이 욕실 스퀴지 무료배송,청소용품,걸레/와이퍼타올,,,이케아,5590,living
3436721,[라이펀] 청소실내화 리필 5족(10매),청소용품,걸레/와이퍼타올,,,라이펀,18900,living
1134433455,생활만렙 [체험특가] 숨은 집게까지  올인원 40cm 롱핸들 청소 브러쉬,청소용품,기타청소도구,,,생활만렙,8900,living
1008660338,기본에 더스트키퍼 먼지떨이 스마트팩 (리필12매+핸디형스틱1개+보관함),청소용품,기타청소도구,,,기본에,15900,living
1090587559,바겐슈타이거 전문가용 스크래퍼 (우드핸들),청소용품,기타청소도구,,,바겐슈타이거,9200,living
1056951576,구디푸디 [체험특가] 1P+1P 스텐 일체형 스크래퍼 그리들 인덕션 청소칼,청소용품,기타청소도구,,,구디푸디,4950,living
1103672629,[단하루특가/밀대 사은품] 물걸레청소포 대형 청소 먼지 물티슈 4팩+밀대 증정 [GS 단독 런칭],청소용품,막대걸레/청소포,,,아망떼,10900,living
1096279586,[단하루특가/4팩+1팩 사은품] 물걸레청소포 대형 청소 먼지 물티슈 [GS 단독 런칭],청소용품,막대걸레/청소포,,,아망떼,9900,living
1048068957,발로쓱 청소포 200장,청소용품,막대걸레/청소포,,,발로쓱,31000,living
1061094530,발로쓱 실내화 2족+청소포 200장(100켤레),청소용품,막대걸레/청소포,,,발로쓱,42000,living
1060672529,기본에 10cm 길어진 미니 바로-톡 밀대걸레 2개 구성,청소용품,막대걸레/청소포,,,기본에,25900,living
1080449547,구디푸디 [체험특가] 2WAY 무타공 공중부양 주방 싱크대 걸이형 음식물 쓰레기통 12L+리필봉투 20매,청소용품,분리수거함/음식물쓰레기통,,,구디푸디,7920,living
1031829263,[신규컬러] 락앤락 음식물 쓰레기냉장고 5L 플러스 (EJT336),청소용품,분리수거함/음식물쓰레기통,,,제니퍼룸,138700,living
57161167,카라신 모던 스테인레스 분리수거함 30리터/휴지통/쓰레기통,청소용품,분리수거함/음식물쓰레기통,,,카라신,65000,living
93408517,네이쳐리빙 모던데일 더 깊어진 재활용 분리수거함 3P,청소용품,분리수거함/음식물쓰레기통,,,네이쳐리빙,27810,living
1034280860,퓨어 다용도 음식물 쓰레기통 4.5L,청소용품,분리수거함/음식물쓰레기통,,,쿡에버,49900,living
1127525645,구디푸디 [체험특가] 물기싹 2단봉 회전형 제로스틱 스퀴지 1p+1p 빗자루 욕실청소,청소용품,청소블럭/빗자루,,,구디푸디,8910,living
1063058093,생활만렙 [체험특가] 퀵더스터 먼지떨이 숏핸들+리필 30개 코스트코 스위퍼 더스터,청소용품,청소블럭/빗자루,,,생활만렙,11900,living
1060753396,모나코올리브 [체험특가] 나노 밀착 스퀴지 빗자루 1P+1P,청소용품,청소블럭/빗자루,,,모나코올리브,6900,living
1082496388,모니즈 [1 + 1+ 1] 싹쓰리비 먼지 물기제거 청소 빗자루 (총3P),청소용품,청소블럭/빗자루,,,모니즈,8900,living
1071206432,모나코올리브 [체험특가] 쓸고닦고 실리콘 빗자루 더블 매직비,청소용품,청소블럭/빗자루,,,모나코올리브,5900,living
1026246374,네이쳐리빙 사선컷팅 돌돌이 테이프클리너 리필 9입(일반형),청소용품,테이프크리너,,,네이쳐리빙,9810,living
1078937966,[리벤스] 롱 와이드(24cm) 빨간맛 돌돌이 테이프클리너 사선컷팅 스탠드형 10종 세트,청소용품,테이프크리너,,,리벤스,16900,living
91244346,홈앤미 [GS단독]사선컷팅 돌돌이 스트롱 테이프클리너 18종(본체+리필16개),청소용품,테이프크리너,,,홈앤미,19800,living
1026372559,[리벤스] 돌돌이 테이프클리너 사신컷팅 스탠드형 13종 세트,청소용품,테이프크리너,,,리벤스,17900,living
98417351,홈앤미 [GS단독]사선컷팅 돌돌이 스트롱 테이프클리너 리필18개,청소용품,테이프크리너,,,홈앤미,21800,living
1081507951,동글이 핸드스핀 밀대봉 2세트 회전걸레 통돌이걸레 물걸레 청소기 밀대걸레,청소용품,회전청소기,,,퀸마루,13900,living
1053437706,홈쇼핑방영 노터치 이지슬라이드 2세트 파워 물걸레 청소 밀대,청소용품,회전청소기,,,삼성웰비스,26900,living
1028429243,스윙 동글싹싹 일회용 걸레 원형 습식 청소포 16.5cm 100매,청소용품,회전청소기,,,BODMI,29100,living
1062419082,구디푸디 [체험특가] 옥수수 쓰레기통 리필봉투 100매 다용도 쓰레기봉투,청소용품,휴지통,,,구디푸디,5940,living
1055258928,구디푸디 인테리어 원터치 템바보드 원형 쓰레기통 10L,청소용품,휴지통,,,구디푸디,15210,living
1031328670,매직캔 히포 냄새차단 기저귀 휴지통 21L+리필5롤,청소용품,휴지통,,,매직캔,59310,living
1133374376,[모던하우스]틈새 쏙 플라스틱 센서 휴지통세트 12+16L 그레이 [CL1325006],청소용품,휴지통,,,모던하우스,32580,living
1045320662,아이리스 3단 공간박스 책장 수납장 CX-3,가구,DIY/반제품가구,공간박스/소품/소가구,,아이리스코리아,22900,living
1129288955,하우디가구 칼라 공간박스 2단 책장,가구,DIY/반제품가구,공간박스/소품/소가구,,하우디가구,22900,living
26552995,이케아 JUSTINA 의자패드/방석,가구,DIY/반제품가구,공간박스/소품/소가구,,이케아,9100,living
54291293,[키모] 다용도 철제 전면 4단 책장 인테리어 책꽂이 선반,가구,DIY/반제품가구,서랍장/책장/거실장,,키모,47180,living
54290683,[키모] 다용도 철제 전면 3단 책장 인테리어 책꽂이 선반,가구,DIY/반제품가구,서랍장/책장/거실장,,키모,42210,living
59708779,모나코올리브 [체험특가]  스위트 내맘대로 퍼즐 보드 선반,가구,DIY/반제품가구,유아동가구/교구,,모나코올리브,4900,living
1003497771,[숨결]쥴리 무볼트 조립식 철제 시스템행거 800x500x2100x3단,가구,드레스룸/행거,드레스룸,,숨결,95300,living
65627910,왕자 뉴드레스룸 4폴_밀폐 타공선반_937/행거,가구,드레스룸/행거,드레스룸,,왕자행거,150570,living
12868073,왕자 뉴프리미엄드레스룸2p(Non시스루_선택형)/커튼행거,가구,드레스룸/행거,드레스룸,,왕자행거,66870,living
1064942549,홈리 심플리 화이트 드레스룸 2000 시스템 헹거 옷장 A세트,가구,드레스룸/행거,드레스룸,,홈리,247500,living
61603851,왕자 코너형드레스룸_4P_밀폐선반_플레인화이트_945_PW/행거,가구,드레스룸/행거,드레스룸,,왕자행거,194400,living
1074854690,에넥스 매트 화이트 E0 슬라이딩 맞춤 붙박이장(고급형)-330cm,가구,드레스룸/행거,붙박이장,,에넥스,1415700,living
28930727,리바트 뉴트 3000 옷장세트,가구,드레스룸/행거,옷장,,리바트,1280000,living
1027680581,보루네오 마르체 이안 2400 서랍 옷장 세트 BKC733C (착불),가구,드레스룸/행거,옷장,,보루네오,319500,living
90166698,동서가구 헤쉬 800 도어 옷장 이불장 DF919468,가구,드레스룸/행거,옷장,,동서가구,225900,living
1098449195,WR8903 필웰 앨빈 키큰 옷장 1000 (4단서랍형),가구,드레스룸/행거,옷장,,필웰,430000,living
1027680590,보루네오 마르체 이안 2500 전신거울 옷장 세트 BKC735C (착불),가구,드레스룸/행거,옷장,,보루네오,447300,living
13678937,왕자 4단고정행거(nhc545-1)/고정식행거/옷걸이행거/철제행거,가구,드레스룸/행거,행거,,왕자행거,39300,living
5519058,왕자 뉴2단대형이동식행거_선택형/이동형행거/철제행거/헹거,가구,드레스룸/행거,행거,,왕자행거,53730,living
23786823,왕자 어바웃드레스룸3P-기본_체크시스루/헹거/드레스룸행거/행거,가구,드레스룸/행거,행거,,왕자행거,83610,living
1103594179,아트박스/가구느낌 도도행거 1단 1500 철제 스탠드 이동식 옷걸,가구,드레스룸/행거,행거,,가구느낌,18390,living
1105856699,시스템행거 스틸 스텐 옷걸이 행거 스탠드 이동식 드레스룸 선반 튼튼한 원룸,가구,드레스룸/행거,행거,,JLIFE,21900,living
1057629387,[비밀특가]지누스 그린티 메모리폼 토퍼 5cm S 싱글 매트리스 침대 바닥,가구,매트리스,싱글매트리스,,지누스,62270,living
1057629976,[비밀특가]지누스 그린티 플러스 메모리폼 토퍼 10cm S 싱글 매트리스 침대 바닥,가구,매트리스,싱글매트리스,,지누스,103020,living
1035477287,[삼익가구] NEW 라이프 9존 매트리스 토퍼 8cm (멀티싱글),가구,매트리스,싱글매트리스,,삼익가구,42890,living
1051846343,숙면연구소 3단 접이식 토퍼 매트리스 바닥용 15cm MS (멀티싱글),가구,매트리스,싱글매트리스,,숙면연구소,138900,living
1104651702,포세뜨 3단 접이식  매트리스 MS 5cm (멀티싱글),가구,매트리스,싱글매트리스,,포세뜨,52160,living
1057629395,[비밀특가]지누스 그린티 플러스 메모리폼 토퍼 10cm Q 퀸 매트리스 침대 바닥,가구,매트리스,퀸매트리스,,지누스,149060,living
1133500457,누우리 편안한 토퍼 매트리스 5cm 퀸(Q),가구,매트리스,퀸매트리스,,신우팜라텍스,63000,living
1101751157,[GS단독][베드리움] NEW 노블아워 코어 서포트 유로탑 매트리스 Q,가구,매트리스,퀸매트리스,,베드리움,392640,living
1016965443,[비밀특가] 024홈 국민토퍼 3단 접이식 매트리스 푹신한 12cm 퀸,가구,매트리스,퀸매트리스,,024홈,107410,living
1063452293,몽제 딥슬립 매트리스 Q,가구,매트리스,퀸매트리스,,몽제,494000,living
1063452296,몽제 딥슬립 매트리스 K,가구,매트리스,킹매트리스,,몽제,589000,living
66851455,[비특] NEW호텔컬렉션 유로탑 독립 매트리스(킹) 수도권무배,가구,매트리스,킹매트리스,,삼익가구,559000,living
1122660507,삼익가구 모노슬립 독립스프링 롤팩 매트리스(라지킹),가구,매트리스,킹매트리스,,삼익가구,179010,living
1034044116,[비밀특가] 시몬스 뷰티레스트 스위트. 라지킹 매트리스,가구,매트리스,킹매트리스,,시몬스,1462800,living
1072257729,[GS단독]지누스 그린티 에어 하이브리드 스프링 매트리스 25cm K 킹 침대,가구,매트리스,킹매트리스,,지누스,349000,living
1091855935,[다우닝] 플라나 베이직 3.5인 전체 천연가죽 소파,가구,소파,가죽소파,,다우닝,2197600,living
1024170471,[비밀특가] 비비드 천연 통가죽 소파 4인용 쇼파,가구,소파,가죽소파,,레이디가구,1089000,living
17095198,[자코모] 에비뉴엘 4인 오플 천연면피 소가죽 소파,가구,소파,가죽소파,,자코모,2066700,living
1089412438,[자코모]메이트 3인 기능성 슈렁큰 천연면피 소가죽 소파+쿠션1개,가구,소파,가죽소파,,자코모,1828600,living
1034616447,[금/토/일/월 헤드레스트 증정][시스디자인] 휴밍 스윙 4인 천연면피가죽 소파,가구,소파,가죽소파,,시스디자인,2259980,living
1121195856,트리플 5세대 확장형 무빙 4인용 리클라이너(충전/수납),가구,소파,리클라이너소파,,트리플,1458240,living
1118374081,삼익가구 코어세이프 헤드틸팅 모션 확장형 슬라이딩 4인용 리클라이너 소파(홈바형),가구,소파,리클라이너소파,,삼익가구,1003010,living
1130654054,[착불]우아미가구 스윙온 흔들 회전 1인용 전동 리클라이너 소파 이중좌방석 기능성 비건가죽,가구,소파,리클라이너소파,,우아미가구,366480,living
1134709260,[까사미아] NEW 옴므 1인 리클라이너_브라운,가구,소파,리클라이너소파,,까사미아,514800,living
1127066824,[착불]우아미가구 모션업 리프트 1인용 전동 리클라이너 소파 USB 컵홀더형 기능성 비건가죽,가구,소파,리클라이너소파,,우아미가구,344880,living
1030363055,[비밀특가] 보니타 빈백 초대형 파우치 P302 에어매쉬 소파,가구,소파,빈백,,보니타빈백,122000,living
1027300855,마켓민 빈백 중형 110cm,가구,소파,빈백,,아이앤디,78000,living
1014684219,마켓비 앰보 2인 좌식 소파베드 7603.5362,가구,소파,소파베드,,마켓비,149460,living
31587497,동서가구 컴포트151S 좌식 소파베드 DF638182,가구,소파,소파베드,,동서가구,152720,living
1025895399,[비밀특가] 동서가구 컴포트 151S 좌식 소파베드,가구,소파,소파베드,,동서가구,155000,living
1002698223,[GS단독특가] 삼익가구 마일즈 3인용 아쿠아텍스 접이식 소파,가구,소파,소파베드,,삼익가구,248990,living
1097428554,몽글 소파베드 1인용 확장 폴딩형 침대 쇼파 겸용 각도조절 자취방 원룸 생활방수 패브릭,가구,소파,소파베드,,일루일루,208900,living
1093588536,아씨방가구 베라 거실 수납 벤치 의자 1200,가구,소파,수납/벤치소파,,아씨방가구,67900,living
1093588544,아씨방가구 베라 거실 수납 벤치 의자 세트 2000,가구,소파,수납/벤치소파,,아씨방가구,117900,living
63503724,[착불]우아미가구 베소 6인 코너형 가죽 소파 2color,가구,소파,인조가죽소파,,우아미가구,697680,living
61967836,[착불]우아미가구 레브 4인용 무빙헤드레스트 가죽 소파 2color,가구,소파,인조가죽소파,,우아미가구,493920,living
1048326526,타미 팔걸이 안락 릴렉스 1인용 가죽 소파/쇼파,가구,소파,인조가죽소파,,베스트리빙,229000,living
93416118,[착불]우아미가구 카리안 4인용 가죽 스윙 소파,가구,소파,인조가죽소파,,우아미가구,574520,living
1066767609,[착불]우아미가구 브엘 4인 무빙헤드 실리콘 가죽 소파+스툴 2color,가구,소파,인조가죽소파,,우아미가구,546830,living
1133661704,[에몬스] 위브릭 4인 듀얼스윙H 기능성 패브릭 소파,가구,소파,패브릭소파,,에몬스가구,1899000,living
1026016967,[착불](GS단독최저가)우아미 윈 5인코너 코브라스윙 갤럭시패브릭 소파,가구,소파,패브릭소파,,우아미가구,684000,living
1133661560,[에몬스] 위브릭 4인 듀얼스윙H 기능성 패브릭 소파+스툴,가구,소파,패브릭소파,,에몬스가구,2189000,living
1051603534,라자가구 유즈 3.5인 스윙 갤럭시 패브릭 소파,가구,소파,패브릭소파,,라자가구,389000,living
1133661758,[에몬스] 위브릭 3인 듀얼스윙H 기능성 패브릭 소파,가구,소파,패브릭소파,,에몬스가구,1499000,living
69277252,[마루엔개비] 우리목 장거실장 210 원목가구 TV대,가구,수납가구,거실장식장,,마루엔개비,1030000,living
54231768,[지베스] 프리모 2400 거실장세트,가구,수납가구,거실장식장,,지베스,431100,living
1070268347,웨일즈 1800 높은거실장 티비다이 tv다이 도어형 수납장 DECS002(착불),가구,수납가구,거실장식장,,데시앙,155000,living
1031099882,한집가구 웨인스코팅 2000 서랍형 원목 tv거실장 크림화이트,가구,수납가구,거실장식장,,한집가구,468000,living
1029190107,보루네오 마르체 이지 1800 서랍형 TV다이 거실장 BKC754C(착불),가구,수납가구,거실장식장,,보루네오,108900,living
1080115124,보우 전자렌지수납장 밥솥장 렌지대 800,가구,수납가구,렌지대,,포더홈,141050,living
1058267261,[착불]가온리빙 에셀르 400 1단 틈새 밥솥장 미니 렌지대 오븐장,가구,수납가구,렌지대,,가온퍼니처,65900,living
1129772804,아트박스/벨리카가구 착불 위즐 전자 렌지 수납장 다이 선반 800,가구,수납가구,렌지대,,Velika,182320,living
1077259000,라자가구 모드리안 광파 오븐 렌지대 600 홈바 주방 수납장 도어형,가구,수납가구,렌지대,,라자가구,83610,living
58346904,(단독최저가)동서가구 레번 600 다용도 주방 수납장 밥솥 렌지대 2단 (중) DF917088,가구,수납가구,렌지대,,동서가구,92900,living
1038780361,미드센 프리미엄 5단 서랍장,가구,수납가구,서랍장,,미드센,55000,living
1088958651,[데코라인] 나리 원목 7단 서랍장,가구,수납가구,서랍장,,데코라인퍼니처,202350,living
93871422,파로마 피츠 카라 1200 3단 와이드 서랍장 PAP007,가구,수납가구,서랍장,,파로마,157170,living
1047647544,[우아미가구]말렌 5단 서랍장 800 (착불),가구,수납가구,서랍장,,우아미가구,231900,living
96831028,잉글랜더xGS단독 플레이스 오크 템바보드 6단 와이드서랍장,가구,수납가구,서랍장,,잉글랜더침대,197100,living
1030788043,[우아미가구]조지 높은 신발장 600(착불),가구,수납가구,신발장,,우아미가구,107900,living
12410077,아이엔지홈 슈가 갤러리 신발장 8120 (착불),가구,수납가구,신발장,,아이엔지홈,127000,living
1129771056,아트박스/벨리카가구 니콜 신발 수납장 슬림장 아파트 인테리어,가구,수납가구,신발장,,Velika,70320,living
23785252,[베이직팩토리]아베크 신발장 (800 2000),가구,수납가구,신발장,,베이직팩토리,216000,living
1003569753,파로마 솔트 화이트 갤러리 800 중형 신발장 mct153,가구,수납가구,신발장,,파로마,125550,living
1089282682,[25년 최신상] 아티잔 포켓엠보 사각 싱크볼+수전 리폼패키지 [설치포함],가구,수납가구,싱크대,,아티잔,869130,living
60222398,이케아 RASHULT 로스훌트 트롤리 주방카트 수납카트,가구,수납가구,와인랙/왜건,,이케아,54790,living
1057764591,레토 트롤리 3단 투명 아크릴 이동식 웨건 카트,가구,수납가구,와인랙/왜건,,레토,14900,living
1034843174,보루네오 마르체 루보 거실 주방수납장 1000S BMF017C,가구,수납가구,주방수납장,,보루네오,139500,living
1089572574,대용량 간식 보관 다용도 양문 수납장 3Colors,가구,수납가구,주방수납장,,퍼닉에스엠,89000,living
1021075265,냉장고형 광폭 800 팬트리장-상하부 4도어 수납장,가구,수납가구,주방수납장,,퍼닉에스엠,203000,living
1120345267,바스포르 스토우 E0등급 광폭 1400 광파오븐 렌지대 주방 수납장,가구,수납가구,주방수납장,,바스포르,459000,living
1048803768,라자가구 비바 고메 1200 주방수납장 세트 그릇장형 LNK006,가구,수납가구,주방수납장,,라자가구,377100,living
1046308822,노송가구 비바 엔틱 1200 대형 교자상 테이블+상커버,가구,식탁,밥상/다과상,,노송가구,119700,living
54035950,남원공방 남원 SN 교자상이도 81-81 (4~6인용),가구,식탁,밥상/다과상,,남원공방,95000,living
1031212390,[박씨상방] 나전칠기 12각 모란나비 호족반 자개상 51센티 개다,가구,식탁,밥상/다과상,,박씨상방,260400,living
1109665886,라로퍼니처 베리엘 1250 연그레이 포세린 통 세라믹 4인 식탁 세트 (식탁+의자4),가구,식탁,식탁세트,,라로퍼니처,432000,living
1088935976,라로퍼니처 플레인 1250 포세린 통 세라믹 4인 식탁 세트 (식탁+의자4),가구,식탁,식탁세트,,라로퍼니처,419400,living
1111975580,[삼익가구]시에나 포세린 통세라믹 4인용 원목 1400 식탁세트(의자4),가구,식탁,식탁세트,,삼익가구,549010,living
1113566869,스코나 클라시 포세린 세라믹 원목 1200 4인 식탁 세트(원목의자4개),가구,식탁,식탁세트,,SKONA,675000,living
1064831874,[3만원상품권]엘린 패밀리 원목 세라믹식탁 4인 세트 원목카우치코너형,가구,식탁,식탁세트,,레이디가구,999900,living
1093205288,삼익가구 코비오 포세린 세라믹 4인용 수납형 원목 식탁 1400 테이블,가구,식탁,식탁테이블,,삼익가구,368990,living
1096119171,장인가구 해롤드 포세린 세라믹 다이닝 사각 4인 식탁 테이블 1400,가구,식탁,식탁테이블,,장인가구,298800,living
1111398699,클래시코 원목 2인 4인 사각 식탁 다이닝 카페 테이블 아뜰리에 오크 1400,가구,식탁,식탁테이블,,sodamgallery,210600,living
1061336524,올쏘 헤이즐 사각 원목 2인용 식탁 의자 세트,가구,식탁,식탁테이블,,올쏘,169000,living
32246014,나무뜰 플레인 1200 수납형 홈바 아일랜드식탁 GG147C (착불),가구,식탁,아일랜드식탁,,나무뜰,144000,living
32246011,나무뜰 플레인 1200 렌지대형 홈바 아일랜드식탁 GG146C (착불),가구,식탁,아일랜드식탁,,나무뜰,107100,living
90097715,[삼익가구]세이든 홈바 확장형 아일랜드 식탁(A타입 서랍장형),가구,식탁,아일랜드식탁,,삼익가구,263010,living
1079176635,코렉 바른자세 교정의자 슬림형 2개세트 좌식 허리디스크 척추 골반 보호 앉은뱅이 학생 성인 직장동료선물 커플 친구선물 국내제작,가구,의자,기능성/자세교정용의자,,에보니아,65900,living
1051865483,이동형 낮은의자(엠보형 블랙) 바퀴달린 작업의자 바퀴5개 회전,가구,의자,기능성/자세교정용의자,,기타,16590,living
32188796,라꾸라꾸 제로비티 리클라이너체어 CBK-700/무중력느낌,가구,의자,기타의자,,라꾸라꾸,59800,living
1106723908,플라스틱 사각의자 DY-148 행사 야외용,가구,의자,기타의자,,BFMALL,6900,living
1037381749,클라우드백 마이사이즈체어 컴퓨터의자 사무용 사무실 학생 리클라이너 책상 의자 M900MQ,가구,의자,사무용의자,,CLOUDBACK,364000,living
1135812955,리바트하움 뉴 테크닉 의자 메쉬헤드형 블랙쉘,가구,의자,사무용의자,,리바트하움,373000,living
25548295,핀란디아 시프트 화이트 책상의자 사무용의자 학생 컴퓨터의자,가구,의자,사무용의자,,핀란디아,139500,living
1031177013,그레이스미스 프로토 오피스 메쉬 사무용 컴퓨터 책상의자 300,가구,의자,사무용의자,,그레이스미스,122550,living
1026784524,[에이플랜체어]S5 수납 화장대 스툴 의자(S520),가구,의자,스툴,,에이플랜체어,106000,living
1061162364,잉글랜더 센느 조야 원단 화장대 스툴 의자,가구,의자,스툴,,잉글랜더침대,53100,living
59689312,[GS단독특가] 이케아 MARIUS 의자 스툴 무료배송,가구,의자,스툴,,이케아,11990,living
1075926481,지누스 소파 스툴 3컬러 선택 철제 프레임 슈레디드폼 간편조립,가구,의자,스툴,,지누스,49500,living
1115733649,유치원 이지 폴딩 스툴 플라스틱 휴대용 간이 의자 중,가구,의자,스툴,,기타브랜드,8720,living
1111972167,[삼익가구]시에나 원목 디자인 의자,가구,의자,식탁의자,,삼익가구,79010,living
12065500,동서가구 WO모던 식탁 주방 우드 원목 의자/2EA 세트 DF626890,가구,의자,식탁의자,,동서가구,79110,living
1014321437,라로퍼니처 아멜리 식탁 의자 카페 인테리어 체어,가구,의자,식탁의자,,라로퍼니처,19000,living
1046442090,잉글랜더 베라 스마트아쿠아텍스 카페 식탁의자 2EA,가구,의자,식탁의자,,잉글랜더침대,89100,living
1063676013,올쏘 치즈 원목 식탁 의자 인테리어 카페 의자,가구,의자,식탁의자,,올쏘,36900,living
1070868905,의자발커버 소음방지 도토리 체어슈즈 LMCF-0049,가구,의자,의자보조용품,,SELLERHUBSHOP,9200,living
26843842,[체험특가] 층간소음방지 실리콘 의자캡 17~21mm 6호 4개 세트,가구,의자,의자보조용품,,모나코올리브,5900,living
1078269836,식탁 의자커버 덮개 고탄력 벨벳 리품 호텔 사무실,가구,의자,의자보조용품,,우주방위사령부,9900,living
1078943333,모노플랫 테니스공 체어슈즈사각 16입 의자발커버 층간소음방지 바닥보호,가구,의자,의자보조용품,,엘트리,14900,living
1104192648,테니스공 의자받침 1인용 4개 세트 식탁 다리 긁힘 보호 발커버 책상 소음 방지 체어,가구,의자,의자보조용품,,기타브랜드,2300,living
1042117048,이케아 니세 접이식의자/식탁의자/스툴/군데/보조의자/간이의자,가구,의자,인테리어의자,,이케아,18900,living
93788575,카페 암 1인 체어 거실 안락 소파 카페 의자,가구,의자,인테리어의자,,위드퍼니처,160000,living
27755249,일루일루 실론 흔들의자 패브릭 3색상,가구,의자,인테리어의자,,일루일루,67900,living
16625271,일루일루 모아 에펠 엠보싱 체어,가구,의자,인테리어의자,,일루일루,28900,living
60830791,OLLSON 의자 6237.6785,가구,의자,인테리어의자,,마켓비,36570,living
1082562655,체어포커스 리빙좌식 LG80 이동형 바퀴 좌식의자 앉은뱅이 청소 무빙 이동 동글뱅이,가구,의자,좌식의자,,체어포커스,36200,living
1091860255,핀란디아 리프 접이식 등받이 메쉬 각도조절 경량 허리지지 좌식의자,가구,의자,좌식의자,,핀란디아,74700,living
60955088,가볍고 사용이 간편한 접이식의자 좌식의자 매쉬체어,가구,의자,좌식의자,,갤러리데코,31800,living
1051497088,프라 접이식 등받이 좌식의자 간편 허리편한 앉은뱅이 폴딩백 바닥의자 국내생산 (대량구매 견적문의),가구,의자,좌식의자,,에보니아,48300,living
1075019840,휴 조이 좌식의자 샌드베이지,가구,의자,좌식의자,,한샘,62900,living
1043616412,[파트라] 올라 바스툴 높이60cm 홈바 주방 아일랜드 식탁의자 크림화이트 (기본커버 포함),가구,의자,홈바의자,,파트라,139000,living
1039968342,체어센스 린지 저상A 바체어 아일랜드 식탁 홈바 바텐 카페 의자,가구,의자,홈바의자,,체어센스,50900,living
1053178045,브로 바 의자 아일랜드 홈바 빠텐 빠 식탁 높은 체어,가구,의자,홈바의자,,위드퍼니처,41000,living
1091370926,잉글랜더 바움 고무나무 원목 템바보드 책상 테이블 1200,가구,책상,기타책상,,잉글랜더침대,170100,living
1091370930,잉글랜더 바움 고무나무 원목 템바보드 책상 테이블 1400,가구,책상,기타책상,,잉글랜더침대,188100,living
95258792,리바트 프레일 1200 콘센트형 일자책상,가구,책상,기타책상,,리바트 온라인,152000,living
1020539963,리브온(LIVOON) 800 플러스 접이식 책상,가구,책상,기타책상,,리브온,52900,living
52924967,이지심플 컴퓨터책상 120 학생용책상,가구,책상,기타책상,,둘더스,58900,living
1078316488,이스테지아 원목 1800 컴퓨터 S 책상,가구,책상,사무/컴퓨터책상,,디자이너스룸,143300,living
1100839396,보루네오 마르체 플릭 E0 폴딩 접이식 수납 컴퓨터 책상 1600x800 BDF225C (착불),가구,책상,사무/컴퓨터책상,,보루네오,154800,living
1110395571,[비밀특가] 롱코 전동 높이 조절 책상 스탠딩 모션데스크 싱글 슬림 1400,가구,책상,사무/컴퓨터책상,,롱코,128160,living
1029984972,포밍 테이블 사무용 회의실 책상 1800x900,가구,책상,사무/컴퓨터책상,,YDINC,88900,living
59688957,[GS단독특가] 이케아 MICKE 컴퓨터 사무 책상 105cm 무료배송,가구,책상,사무/컴퓨터책상,,이케아,141290,living
28713854,[샤이닝홈] 무드 접이식 액자테이블 720x480 부엉이 밥상/공부상,가구,책상,좌식책상,,샤이닝홈,27800,living
69056844,[투유바이조희선]자세교정 2단 독서대겸 필기대(중형),가구,책상,좌식책상,,투유,39600,living
28715483,[샤이닝홈] 무드 접이식 액자테이블 720x480 튤립 밥상/공부상,가구,책상,좌식책상,,샤이닝홈,27800,living
1061073427,리바트X삼성전자 생체리듬 스마트 조명,가구,책상,학생책상,,리바트,105000,living
1135812857,리바트하움 오브제 행잉 메모판넬,가구,책상,학생책상,,리바트하움,9000,living
11334314,아이리스 3단 수납장/공간박스/책꽂이 CX-3 (높이 88cm),가구,책장/책꽂이,3단책장,,아이리스코리아,22900,living
1054951739,위클리 5단 900 책장 책꽃이 다용도 수납 선반장,가구,책장/책꽂이,5단책장,,우아미홈,62100,living
5631707,리바트 뉴프렌즈 5단 1200 책장,가구,책장/책꽂이,5단책장,,리바트 온라인,120000,living
54614734,[삼익가구]네스트 1200 5단 책장 A타입,가구,책장/책꽂이,5단책장,,삼익가구,89800,living
31958943,우아미가구 모노 조이 400 5단 오픈책장 FO5017,가구,책장/책꽂이,5단책장,,우아미가구,59400,living
1057279908,[데코라인] 하치 도어 수납책장 3단 800,가구,책장/책꽂이,5단책장,,데코라인퍼니처,129680,living
30101263,아이리스 3단 도어형 공간박스 책장 수납함 MDB-3D,가구,책장/책꽂이,기타책장,,아이리스코리아,33900,living
1021067637,라이프 800-4단 하부 도어 책장,가구,책장/책꽂이,기타책장,,퍼닉에스엠,118000,living
1024792848,고급형 아크릴 책꽂이 책보관함 투명정리함,가구,책장/책꽂이,책꽂이/잡지꽂이,,SELLERHUBSHOP,21800,living
1083598011,이동식 북카트 철제 책꽂이 북트롤리,가구,책장/책꽂이,책꽂이/잡지꽂이,,생활살림,32500,living
10114576,[하우디가구] 칼라 공간박스 4단 책장 책꽂이 수납장,가구,책장/책꽂이,책꽂이/잡지꽂이,,하우디가구,35900,living
28471972,원목 디자인 인테리어 책정리함 스텐드 미니 책꽂이 GS030,가구,책장/책꽂이,책꽂이/잡지꽂이,,동화속나무,30600,living
1119563302,휴리브 [특가/5%추가] 쉼담 흙소파 황토숯볼 온열 소파 카우치 (SF),가구,침대,기능성침대,,휴리브,411400,living
1063191450,[GS비밀] [명품의료기] 205SS 서랍형 슈퍼싱글 진드기방지 황토숯볼,가구,침대,기능성침대,,명품의료기,367200,living
1104817439,[현대의료기] 포그니처 LED 템바 황토 흙카우치+리프트테이블,가구,침대,기능성침대,,포그니처,699000,living
1072363061,라꾸라꾸 프리미엄 골드 온열 접이식침대 CBK-006S(G),가구,침대,기능성침대,,라꾸라꾸,339000,living
1051577660,[서랍형]현대의료기 G206V2SF 카우치 홍맥반석 돌소파,가구,침대,기능성침대,,현대의료기,637600,living
1065006156,라꾸라꾸 4탄 접이식침대 더블 2인용 원룸 간이침대,가구,침대,더블침대,,라꾸라꾸,265000,living
1065006165,라꾸라꾸 6탄 온열 접이식침대 더블 2인용 원룸 간이침대,가구,침대,더블침대,,라꾸라꾸,349000,living
1065424648,마르체 리움 LED통서랍 더블 수납침대+독립40T매트리스 BKC800C (착불),가구,침대,더블침대,,보루네오,548100,living
1033372480,삼익가구 앤더슨 LED 4단 수납 원목 침대 (7존 독립스프링 매트리스-슈퍼싱글),가구,침대,슈퍼싱글침대,,삼익가구,359000,living
1071435352,보루네오 제니아 국내제작 LED 수납침대 프레임 슈퍼싱글 SS 시리즈(매트 미포함),가구,침대,슈퍼싱글침대,,BIF보루네오,268000,living
25505516,[에이스침대]BMA 1139-E CA등급/SS(슈퍼싱글사이즈),가구,침대,슈퍼싱글침대,,에이스침대,851400,living
1054980921,[GS단독][베드리움]유노이아 LED침대(SS)-노블아워 유로탑,가구,침대,슈퍼싱글침대,,베드리움,639200,living
1005953725,[에몬스] 뉴헤로 LED 수납침대(SS)_하이유로탑 매트리스,가구,침대,슈퍼싱글침대,,에몬스가구,649000,living
1031422389,(HD)현대의료기 헤링본 황토흙침대 카우치(C),가구,침대,싱글침대,,현대의료기,509150,living
1052439531,지누스 스마트베이스 엘리트 철제 침대 프레임 싱글 S 2color,가구,침대,싱글침대,,지누스,79900,living
1031422500,(HD)현대의료기 헤링본 황토흙침대 슈퍼싱글(SS),가구,침대,싱글침대,,현대의료기,466650,living
29229981,[국산브랜드]라꾸라꾸 4탄 접이식침대(싱글) CBK-004S,가구,침대,싱글침대,,라꾸라꾸,197000,living
1073243150,현대의료기 헤링본 황토흙침대 슈퍼싱글(SS)+리프트테이블(방송중),가구,침대,싱글침대,,현대의료기,466650,living
1005953427,[에몬스] 뉴헤로 LED 수납침대(K)_하이유로탑 매트리스,가구,침대,퀸침대,,에몬스가구,749000,living
1021930240,[GS단독] 올쏘 진저 SE0등급 원목 퀸 침대 프레임 Q (2colors/협탁미포함),가구,침대,퀸침대,,올쏘,295950,living
1005523650,[에몬스] 엘리 LED 서랍형 침대(Q)_하이유로탑 매트,가구,침대,퀸침대,,에몬스가구,849000,living
1053982755,까사레브 빌리 퀸 Q 원목 침대 프레임 고무나무 평상형,가구,침대,퀸침대,,까사레브,559000,living
1051772284,[특가]상일리베가구 발렌타인 LED 수납 침대+독립유로탑70T Q(퀸),가구,침대,퀸침대,,상일리베가구,557100,living
25505594,[에이스침대]BMA 1139-E CA등급/LQ(퀸사이즈),가구,침대,킹침대,,에이스침대,1142940,living
25505595,[에이스침대]BMA 1139-E CA2등급/LQ(퀸사이즈),가구,침대,킹침대,,에이스침대,1326980,living
18011621,[에이스침대]BMA 1086-N CA등급/LQ(퀸사이즈),가구,침대,킹침대,,에이스침대,1726880,living
1101318881,[비밀특가] D2178A. 뷰티레스트 허브. 라지킹 침대,가구,침대,킹침대,,시몬스,2921200,living
1080866317,삼익가구 캠비 LED 4단 수납 원목 침대(라텍스 유로탑 독립스프링 매트리스-라지킹),가구,침대,킹침대,,삼익가구,969970,living
1097222522,[무케] 스티루드_돌테이블 4colors 타원형 소파테이블 자작나무 거실 좌식 탁자,가구,테이블,거실테이블,,무케렌시아,340000,living
1060653245,뉴테라 원목 리프트업 테이블 1200 거실 소파테이블 최상급 하드우드 고무나무 다운360mm-업600mm 국내제조 E0등급,가구,테이블,거실테이블,,에보니아,282400,living
1098516907,[벨라홈] 원목다리 높은 소파테이블(라운드형) 1200x600(CN9912),가구,테이블,거실테이블,,기타,84900,living
95164341,[지베스] 솔솔 원목 좌탁 접이식테이블 1500,가구,테이블,거실테이블,,지베스,117000,living
1115115768,[무료배송] 5단 높이조절 접이식 좌식 소파 거실 테이블 1200x800,가구,테이블,거실테이블,,기타,78880,living
21838873,마켓비 GOSI 접이식테이블 60 SM-614 3600.9220,가구,테이블,다용도테이블,,마켓비,43150,living
1041056036,마켓플랜 접이식 다용도 테이블,가구,테이블,다용도테이블,,마켓플랜,33900,living
1041056026,마켓플랜 오브제 접이식 사각테이블 중형 800,가구,테이블,다용도테이블,,마켓플랜,44200,living
1108635446,리코 소나무원목 타원형 입식 테이블 900,가구,테이블,다용도테이블,,바이탈버브,116850,living
1043020136,마켓플랜 텐더 접이식 베드 테이블,가구,테이블,다용도테이블,,마켓플랜,17900,living
1068696862,고무나무 원목 식탁 인테리어 소품 사이드 카페 좁은 티 테이블 좁은 다용도 책상,가구,테이블,사이드테이블,,벤티풀,69800,living
1103474617,높이조절 사이드테이블 다용도 이동식 보조책상 협탁,가구,테이블,사이드테이블,,기타,53240,living
56921907,동서가구 테마 원목 870 사이드 소파 테이블 DF641961,가구,테이블,사이드테이블,,동서가구,68450,living
1054524577,높이조절 베드 책상 침대 컴퓨터 사이드 이동식 테이블 (대형),가구,테이블,사이드테이블,,사과마켓,66410,living
33323431,마켓비 JENBAN 사이드테이블 KS1042TB 2184.6217,가구,테이블,사이드테이블,,마켓비,21620,living
55407186,[비밀특가] 시몬스 협탁 #101,가구,테이블,협탁,,시몬스,326400,living
15927756,[시몬스] 스마트 협탁 101,가구,테이블,협탁,,시몬스,360000,living
1014116175,나무뜰 리코 4칸서랍 침대 협탁 미니 서랍장 CNM177C (착불),가구,테이블,협탁,,나무뜰,62100,living
1053349158,보루네오 마르체 댄디 E0 화이트 서랍3단 침대 협탁 BHS003C (착불),가구,테이블,협탁,,보루네오,62100,living
90846527,핀란디아 엘라인 강화유리 협탁,가구,테이블,협탁,,핀란디아,26100,living
19127492,아트박스/러브피어리 가드닝 미니다육화분[3종세트],원예,식물,가드닝/식물,,lovepiary,26900,living
1086960789,아트박스/러브피어리 스킨답서스 실내 공기정화 식물 도자기 모,원예,식물,가드닝/식물,,lovepiary,18810,living
1085466378,아트박스/러브피어리 파키라 도자기 화분 실내공기정화식물 개업,원예,식물,가드닝/식물,,아트박스,17820,living
1086663371,아트박스/러브피어리 고급스런 몬스테라 Porcelin Veil 도자기,원예,식물,가드닝/식물,,lovepiary,15010,living
1006859824,중형화분 거실 인테리어 개업화분 금전수 스투키 고무나무,원예,식물,공기정화식물,,젠틀맨플라워,69000,living
22599617,가꾸지오 포트식물C,원예,식물,공기정화식물,,행복한세상,3200,living
22599631,가꾸지오 포트식물D,원예,식물,공기정화식물,,행복한세상,3800,living
22599693,[행복한세상]공기정화식물 원형화이트화분,원예,식물,공기정화식물,,행복한세상,8900,living
1133495051,마이플랜트 디펜바키아 서브라임 중형 실내 공기정화식물 키우기쉬운 반려식물,원예,식물,공기정화식물,,마이플랜트,17300,living
1086217323,아트박스/로사리움 드라이플라워 프리저브드 장미 수국 미니 꽃,원예,식물,꽃다발/꽃바구니,,아트박스POOM,6750,living
1097163323,아트박스/더봄 비누꽃다발 2송이 장미 로즈데이 성년의날 단체기,원예,식물,꽃다발/꽃바구니,,더봄,7500,living
22599691,가꾸지오 수경식물 물방울글라스,원예,식물,수경식물,,행복한세상,8900,living
1133339936,마이플랜트 목일일초 중형 꽃모종 야생화 핑크색꽃 나무일일초 화초키우기,원예,식물,씨앗/묘종/묘목,,마이플랜트,8700,living
1111475736,알로에 사포나리아 모종 3개,원예,식물,씨앗/묘종/묘목,,기타브랜드,19720,living
1031768050,마이플랜트 장미 허브 소형 허브모종 생화 키우기 인테리어식물 플랜테리어,원예,식물,씨앗/묘종/묘목,,마이플랜트,2700,living
12388013,영농사 손분무기 450ml 원예 정원 조경자재 다리미,원예,원예용품,원예도구/소품,,영농사,3100,living
94354206,[벨라홈] 자동 급수식 텃밭 화분+배양토(CN8332),원예,원예용품,화분/화병,,벨라홈,19900,living
1048689381,마켓플랜 플라워 다육이 미니 화분 9종 세트,원예,원예용품,화분/화병,,마켓플랜,18900,living
1024762037,포트메리온 보타닉가든 미니꽃병 3종세트,원예,원예용품,화분/화병,,포트메리온,32700,living
94354203,[벨라홈] 자동 급수식 텃밭 화분+배양토+모듬쌈채씨(CN8334),원예,원예용품,화분/화병,,벨라홈,21900,living
1049172771,마켓플랜 부엉이 다육이 미니화분 6종 세트,원예,원예용품,화분/화병,,마켓플랜,14900,living
1040022828,북유럽 인테리어 노블레스 너우 2단 화분대,원예,원예용품,화분받침대,,SELLERHUBSHOP,14900,living
1078645131,원목 화분 정리대 특대형,원예,원예용품,화분받침대,,에이치플러스몰,40600,living
25898529,[아라마]끼움화분진열대600-3단,원예,원예용품,화분받침대,,Aram,20900,living
1125186598,이케아 롱네브 화분스탠드 실내외겸용 화이트 26cm,원예,원예용품,화분받침대,,이케아,6930,living
28268791,화분받침대(특대형) 인테리어 다육이선반 화분정리선반,원예,원예용품,화분받침대,,동화속나무,43000,living
16883236,아이플로어 타원 좌경소/화장대거울,인테리어소품,거울,벽걸이거울,,베이직팩토리,26500,living
95026590,오브 원목 원형 벽거울 2colors,인테리어소품,거울,벽걸이거울,,서운아트,79000,living
1054019314,마리메종 리벤 심플 벽거울 440,인테리어소품,거울,벽걸이거울,,마리메종,20000,living
29736919,아리아 인테리어 타원거울 (화장대거울/인테리어거울),인테리어소품,거울,벽걸이거울,,루미아,52900,living
58192288,라샘 전신거울 자작나무 받침대 미끄럼방지 SHMG1713,인테리어소품,거울,벽걸이거울,,아이홈가구,8800,living
1079791117,국내산 전신경 스텐드 전신거울 300X1500,인테리어소품,거울,전신거울,,준우드,20900,living
1079791159,국내산 거치경 스텐드 전신거울 400X1500,인테리어소품,거울,전신거울,,준우드,27900,living
1059464400,보루네오 마르체 끌로아 이동식 스탠드형 전신거울 700 BGW322C (착불),인테리어소품,거울,전신거울,,보루네오,122400,living
54252325,[키모] 전신거울 행거 1단 인테리어 스탠드 대형 거울,인테리어소품,거울,전신거울,,키모,43290,living
53905333,트리빔하우스 슬림라인 300 전신거울(벽걸이겸용),인테리어소품,거울,전신거울,,트리빔하우스,39900,living
27725654,화장대 탁상 양면 거울 국내제작 로즈스타(중) 색상 4가지,인테리어소품,거울,탁상거울,,intodeco,39000,living
90811063,마켓비 DAILY 사각 탁상거울 대나무 4316.4651,인테리어소품,거울,탁상거울,,마켓비,36570,living
37480475,[JAJU] 자주 심플 스탠드 거울,인테리어소품,거울,탁상거울,,JAJU,19900,living
36983536,엔틱메탈 휴대용 양면 손거울 (4색상),인테리어소품,거울,탁상거울,,크레디스,14500,living
1128195826,에이브 사각 스탠드 거울 중 거울 손거울 탁상거울,인테리어소품,거울,탁상거울,,오너클랜,2970,living
1135728424,[만복당] 액막이 명태 2종 세트,인테리어소품,데코소품,기타장식소품,,만복당,39900,living
1127772756,[갓샵]악세사리 진열대 석고 메탈 구름 물결 트레이 오브제,인테리어소품,데코소품,기타장식소품,,갓샵,21900,living
66916176,데코토닉 소프트 코듀로이 고깔주방장갑(컬러5종),인테리어소품,데코소품,주방장식소품,,데코토닉,7900,living
1124110979,데이지 꽃 모양 냉장고 자석 집게 현관문 주방 인테리어 소품 다용도 클립,인테리어소품,데코소품,주방장식소품,,SELLERHUBSHOP,2500,living
1100940605,[연말 홈데코] 크리스마스 리스 오너먼트 트리 도어벨 2종,인테리어소품,데코소품,크리스마스장식소품,,깨비다,6900,living
1100285970,구디푸디 [체험특가] 리본 벨벳 미니 트리 오너먼트 오브제 도어벨 장식 소품 3종세트,인테리어소품,데코소품,크리스마스장식소품,,구디푸디,9900,living
1023697439,대형 크리스마스 트리 장식 사다리 벽타는 산타 인형 75cm,인테리어소품,데코소품,크리스마스장식소품,,젊은이마켓,9900,living
1121100640,해피파티 크리스마스 자루 산타 선물 대,인테리어소품,데코소품,크리스마스장식소품,,기타,30560,living
24309690,밀리터리 가족 인형 귀엽고 예쁜 나만의 인테리어!,인테리어소품,데코소품,테이블장식소품,,21CTREND,18600,living
62609392,지비유 레이스 식탁보/테이블보_4인용,인테리어소품,데코소품,테이블장식소품,,지비유,21300,living
1046120180,사무용 화장대 원형 의자 커버 천갈이 둥근 방석 스툴 커버 리폼 덮개,인테리어소품,데코소품,패브릭소품,,효담상회,3900,living
60445446,포그니 원단-무지(블랙) / 대폭 패브릭 방수천 홈패션 수예 DIY,인테리어소품,데코소품,패브릭소품,,더해피,4200,living
1066529883,네이쳐리빙 [1 +1]마시멜로우 올스판 스탠드 에어컨커버(원형)+벽걸이형 2종,인테리어소품,데코소품,패브릭소품,,네이쳐리빙,32310,living
1004075674,코튼트리 최고급 피마면100% 30수 10+1이벤트 순면 뜨개실,인테리어소품,데코소품,패브릭소품,,미소털실,5500,living
1054433408,뜨개용바늘 굵기별 코바늘 뜨개질 모사용 10종 세트,인테리어소품,데코소품,패브릭소품,,BODMI,12700,living
50628774,안내판 사무실 팻말 도어 사인물 표지판 087공부중,인테리어소품,선반/벽장식,디자인문패,,제제데코,6860,living
1077481431,[선물포장] 액막이 명태 오너먼트 도어벨,인테리어소품,선반/벽장식,문종/풍경,,깨비다,7900,living
1057561990,구디푸디 [체험특가] 원목 도어벨 우드 현관종 풍경종 이사선물,인테리어소품,선반/벽장식,문종/풍경,,구디푸디,6750,living
1078375873,도어벨 우드 자석 현관종 풍경종 현관 문종 [기본-베이지(느티나무)],인테리어소품,선반/벽장식,문종/풍경,,깨비다,5900,living
1013140773,풍속도 코뚜레 종 신주 특대 문종 현관종 도어벨,인테리어소품,선반/벽장식,문종/풍경,,SELLERHUBSHOP,20800,living
1135251176,프렌치 불독 캠핑 세트,인테리어소품,선반/벽장식,벽걸이장식소품,,토이트론,163800,living
1028437662,이케아 MOSSLANDA 모슬란다 액자선반 115cm/벽선반/책진열대,인테리어소품,선반/벽장식,벽걸이장식소품,,이케아,29700,living
94991238,유캐슬 버니 원터치 철제 이동식 5단 폴딩선반,인테리어소품,선반/벽장식,선반,,유씨엠(UCM),49410,living
62312099,마켓비 TANG 원목액자선반 120 아카시아 6163.1793,인테리어소품,선반/벽장식,선반,,마켓비,14010,living
1083966705,이케아 오마르 선반유닛 그레이그린 92x36x94cm 수납선반 벽선반 받침대,인테리어소품,선반/벽장식,선반,,이케아,82590,living
1084214299,오아 무선 모던 LED 원형 벽시계 무소음 디지털 전자 인테리어 온습도 벽걸이 집들이선물,인테리어소품,시계,LED시계,,OA,84900,living
35864797,(무료배송) 무소음 LED 탁상 시계 LLC-P02 알람 디지털 시계,인테리어소품,시계,LED시계,,레토,8900,living
61807073,(무료배송) 레토 미니 디지털 알람 탁상 시계 벽시계 LLC-P03DS,인테리어소품,시계,LED시계,,레토,8900,living
37456547,(무료배송) 무소음 디지털 벽걸이 탁상 시계 LED 알람 LLC-P03D,인테리어소품,시계,LED시계,,레토,10900,living
35419134,대형스마트 LED벽시계 전자 무소음 디자인 인테리어벽시계,인테리어소품,시계,LED시계,,아카시아리빙,69000,living
31651142,데일리데코 레인 엔틱 부엉이 양면 벽시계,인테리어소품,시계,벽시계,,미아트,130900,living
1127443362,원픽마켓 디지털 전자 벽걸이 탁상용 무소음 시계 벽시계,인테리어소품,시계,벽시계,,지바네,33000,living
1038001257,[무케] 바나나공방_300 유리나무 아이비 무소음 벽시계,인테리어소품,시계,벽시계,,무케렌시아,21300,living
32047043,우드로하우스 욕실시계 갤럭시 디자인 방수 벽시계,인테리어소품,시계,벽시계,,우드로하우스,10500,living
1020468914,데일리데코 타시아 엔틱 무소음 추 벽시계,인테리어소품,시계,벽시계,,미아트,67900,living
1053753760,무소음 LED 디지털 탁상시계 자동밝기조절 책상 온도 알람 시계,인테리어소품,시계,알람/탁상시계,,오엠티,13900,living
54593750,오리엔트 OT1620 블랙렌즈 화이트LED 디지털탁상시계 2종 택1,인테리어소품,시계,알람/탁상시계,,오리엔트,10900,living
1090729642,OWC시계 스윙 백라이트 알람 탁상시계 OTA-1006BL,인테리어소품,시계,알람/탁상시계,,OWC,9900,living
1116976392,[아트박스 POOM]아트박스/핫클락 멜로디 부엉이 탁상 알람시계,인테리어소품,시계,알람/탁상시계,,기타,15590,living
1129471990,탁상디지털시계 무소음 LED 전자 알람 디지털 온습도 책상 탁상 시계,인테리어소품,시계,알람/탁상시계,,기타브랜드,23580,living
1073444115,히키스 디지털 Big LED 듀얼알람 스마트센서 탁상시계,인테리어소품,시계,앤틱시계,,SELLERHUBSHOP,7800,living
4390767,[미소비즈] 두리데코 골드 리본 추시계,인테리어소품,시계,앤틱시계,,디자인블랙,32000,living
1125332274,"플로캄 프리미엄 대용량 시그니처 디퓨저 519ml 2개입 선물세트 5가지 향 중 택1 (정가38,900원)",인테리어소품,캔들/디퓨저,디퓨저/디퓨저소품,,플로캄,12900,living
60223234,코코도르 한가위 정성 선물세트(추석디퓨저+고체탈취제300g),인테리어소품,캔들/디퓨저,디퓨저/디퓨저소품,,코코도르,16830,living
1102979588,코코도르 시그니처 컬렉션 50ml 8개입,인테리어소품,캔들/디퓨저,디퓨저/디퓨저소품,,코코도르,14960,living
1136294782,[GS단독] 생활공작소 달항아리 디퓨저 선물세트 3종 (달항아리+디퓨저200ml+리드스틱5개),인테리어소품,캔들/디퓨저,디퓨저/디퓨저소품,,생활공작소,24900,living
1072269625,[2개+2개]코코도르 화이트라벨 디퓨저 200ml X 4개 + 꽃스틱 4P (선물추천),인테리어소품,캔들/디퓨저,디퓨저/디퓨저소품,,코코도르,14960,living
1110342865,케일린여 퍼퓸 룸스프레이 리필 500ml 로만티카 (탈취제),인테리어소품,캔들/디퓨저,석고방향제/사쉐,,케일린여,22000,living
1012199342,양키캔들 라지자 홈인스퍼레이션 2개 모음,인테리어소품,캔들/디퓨저,캔들/캔들소품,,양키캔들,37600,living
1011656630,[선물추천]양키캔들 아로마 향초 라지자 2개 모음,인테리어소품,캔들/디퓨저,캔들/캔들소품,,양키캔들,46200,living
1102696711,양키캔들 정품 자캔들중 미듐자 (택1),인테리어소품,캔들/디퓨저,캔들/캔들소품,,YankeeCandle,15500,living
96617889,캔들워머 할로겐 전구 35W GU10,인테리어소품,캔들/디퓨저,캔들/캔들소품,,애프터글로우,2300,living
1136395958,왁스리리컬 콜로니 WL 줄리도스워스 틴캔들 플로럴로맨스 011318,인테리어소품,캔들/디퓨저,캔들/캔들소품,,기타,37950,living
1044153243,[균일가]한정수량 5ZERO 고중량 구스다운 차렵이불,침구,거위털/오리털/양모,거위털,,바운티풀,49950,living
1076502103,[호텔세트] 고중량 스탠다드 구스이불+커버 12컬러   퀸Q,침구,거위털/오리털/양모,거위털,,바운티풀,116910,living
1076502131,[호텔세트] 사계절 스탠다드 구스이불+커버 12컬러   슈퍼싱글SS,침구,거위털/오리털/양모,거위털,,바운티풀,98910,living
28529243,폴란드 구스다운90% 사계절 호텔이불 800g   퀸Q,침구,거위털/오리털/양모,거위털,,바운티풀,629910,living
68677792,[헬렌스타인][이불커버 증정]  한겨울용 폴란드 구스 이불 Q,침구,거위털/오리털/양모,거위털,,헬렌스타인,751100,living
1097431252,[헬렌스타인] 호주산 양모 2in1 똑딱 가을~사계절 이불 S,침구,거위털/오리털/양모,양모/기타,,헬렌스타인,107400,living
1113259307,[미세스문] Q_삶아쓰는 양모100% 침구 세트,침구,거위털/오리털/양모,양모/기타,,미세스문,348600,living
6060070,[헬렌스타인][이불커버 증정] 앨버리 호주산 양모이불 S/SS,침구,거위털/오리털/양모,양모/기타,,헬렌스타인,132000,living
1134187571,[헬렌스타인] 알러지케어 호주산 워셔블 양모이불 S/SS,침구,거위털/오리털/양모,양모/기타,,헬렌스타인,97300,living
1034640511,호텔이불 양모 호주산 램스울100% 사계절   퀸Q,침구,거위털/오리털/양모,양모/기타,,바운티풀,107910,living
1071967044,[SS/Q/K 균일가]프리미엄 허니슬립 KC인증 호텔 방수 진드기차단 매트리스커버,침구,매트/침대커버,더블/퀸/킹침대,,프로텍트 어 베드,17900,living
27371340,바숨 순면 누빔 침대 매트리스커버 퀸 Q 150X200,침구,매트/침대커버,더블/퀸/킹침대,,바숨,38900,living
18010987,[에이스침대] 매트리스커버 마이크로케어 슈퍼싱글사이즈/SS,침구,매트/침대커버,더블/퀸/킹침대,,에이스침대,150500,living
1065538952,[S/SS/Q/K 균일가] 먼지없는 부드러운 호텔식 사계절 항균 밴딩 매트리스커버 외 2종,침구,매트/침대커버,더블/퀸/킹침대,,데시뉴,13950,living
14509156,아망떼 코튼벨 순면40수 고밀도 누빔 매트리스커버 SS,침구,매트/침대커버,싱글/슈퍼싱글침대,,아망떼,39510,living
18885924,[GS단독특가] 벨로코 순면 침대 누빔매트리스커버(S/SS) 26종 균일가,침구,매트/침대커버,싱글/슈퍼싱글침대,,벨로코,20900,living
1037803244,[무료배송] 균일가 알러지케어 사계절 침대 누빔 매트리스커버 SS/Q,침구,매트/침대커버,싱글/슈퍼싱글침대,,바숨,28900,living
97542940,[리뷰이벤트] 파미지오 진드기차단 방수 매트리스커버 밴드형 슈퍼싱글(SS) 10컬러,침구,매트/침대커버,싱글/슈퍼싱글침대,,파미지오,13500,living
1092793394,[GS단독 균일가] 데시뉴 항균 누빔 침대 매트리스커버 S/SS 42종,침구,매트/침대커버,싱글/슈퍼싱글침대,,데시뉴,15930,living
32470670,러프 쿠션솜 45x45 소파쿠션 사각쿠션 속통 쿠션속통 1P,침구,솜류,쿠션/방석솜/기타솜,,샤이닝홈,4310,living
24959308,[데코뷰] 모던체크 방석(솜포함),침구,솜류,쿠션/방석솜/기타솜,,데코뷰,12700,living
1105848894,부드러운 대형쿠션 침대 헤드쿠션 큰쿠션 롱쿠션 소파 등받이 쿠션 솜 세트 150x50 (솜포함),침구,솜류,쿠션/방석솜/기타솜,,모더브,37900,living
29206583,포인트극세사 롱쿠션(85x20) 솜포함,침구,솜류,쿠션/방석솜/기타솜,,더한,9900,living
1057629423,[비밀]지누스 에어젤 메모리폼 분리형 필로우 쿠션 화이트,침구,솜류,쿠션/방석솜/기타솜,,지누스,30600,living
1041274914,[기절베개] 테리타올 어깨편한 기절베개 2세트 (속통2+커버2),침구,솜류,베개솜,,기절베개,41900,living
1678991,[단독 45%][2개 SET] 헬렌스타인 다운필 베개 40x60/50x70,침구,솜류,베개솜,,헬렌스타인,36500,living
13175097,[GS특가/무료배송]국내생산 높이조절 베개솜 (50X70)2개,침구,솜류,베개솜,,바자르,16110,living
24534779,[체험특가]애프터식스 지퍼 구름 베개솜 40X60 (2개),침구,솜류,베개솜,,애프터식스,10900,living
1061707631,[헬렌스타인][2개 세트] 다이아퀼팅 양모베개 2P,침구,솜류,베개솜,,헬렌스타인,59400,living
1091808059,아이닉스 순면100 국내생산 세라지오 요매트 누빔요커버+요솜세트 1인용,침구,솜류,요솜/솜토퍼,,아이닉스,49950,living
1091808053,아이닉스 순면100 국내생산 세라지오 요매트 누빔요커버+요솜세트 2인용,침구,솜류,요솜/솜토퍼,,아이닉스,58410,living
1091808045,아이닉스 순면100 국내생산 세라지오 요매트 누빔요커버+요솜세트 3인용,침구,솜류,요솜/솜토퍼,,아이닉스,65970,living
24632423,향긋한 허브향이 가득~ 천연 허브 항균 요솜 8cm 더블(D),침구,솜류,요솜/솜토퍼,,애프터식스,63900,living
24632417,애프터식스 허브요솜 5cm 싱글(S) 바닥요 요매트,침구,솜류,요솜/솜토퍼,,애프터식스,39900,living
1095368619,[헬렌스타인][사이즈/균일가][2종택1] 사계절 이불솜 S/Q/K,침구,솜류,이불솜,,헬렌스타인,58950,living
1097431851,[헬렌스타인] 호주산 양모 2in1 똑딱 가을~사계절 이불 Q,침구,솜류,이불솜,,헬렌스타인,131400,living
1097999248,[헬렌스타인] [1+ 1]따뜻포근 골드라벨 다운필 이불+베개 세트 S+S (이불 S2장+베개 2개),침구,솜류,이불솜,,헬렌스타인,139000,living
1097432157,[헬렌스타인] 호주산 양모 2in1 똑딱 가을~사계절 이불 K,침구,솜류,이불솜,,헬렌스타인,143400,living
1097956069,[헬렌스타인] 따뜻포근 골드라벨 다운필 이불+베개 세트 Q (이불 Q1장 + 베개 2개),침구,솜류,이불솜,,헬렌스타인,125400,living
1135301299,당출15시 [정품] 조지루시 가열식 살균 가습기 하이파워 4L EE-TAH60K / 디지털 습도계 패널 / 급수알림,계절가전,가습기,가열식가습기,,조지루시,379000,living
1093754576,당출15시 [정품] 조지루시 가열식 살균 가습기 4L EE-DVH35K-WM 리뉴얼 오프화이트,계절가전,가습기,가열식가습기,,조지루시,329000,living
1040887638,르젠 퓨어미스트 4L 대용량 가열식가습기 LZHD-H05,계절가전,가습기,가열식가습기,,LEZEN,259000,living
1067320995,에어메이드 가열 살균 가습기 열풍 건조 세척 아쿠아마린 AMH-9002,계절가전,가습기,가열식가습기,,에어메이드,169000,living
1136549079,[국내공식AS가능] 조지루시 가열식 가습기 하이파워 대용량 4리터 220V EE-TAH60K 오프화이트,계절가전,가습기,가열식가습기,,조지루시,379000,living
1036577529,벤타 디지털 컴포트 에어워셔 LW-25W C+,계절가전,가습기,기화식가습기,,벤타,598000,living
1040105833,당출15시 [정품] 조지루시 가열살균 기화식 가습기 4L,계절가전,가습기,기화식가습기,,조지루시,329000,living
1004388074,[공식판매처] 위닉스 가습기 4L(스테인리스) 화이트 WL3M400-KWK,계절가전,가습기,복합식가습기,,위닉스,175000,living
98163964,[[ GS특가 ]] 한경희 8L 대용량 UV-C 타워형 저소음 가열 복합식 가습기 프리미엄 / 리모컨 상부급수 간편세척 분리형 스텐진동자,계절가전,가습기,복합식가습기,,롯데알미늄,169000,living
53232871,엠텍 복합식 가습기 GM-BHH2644 살균가습 가열식 초음파가습기,계절가전,가습기,복합식가습기,,엠텍,42800,living
1103202923,[상부급수로 편리하게 세련되고 깔끔한 디자인] 신일 3L 초음파 가습기 SUH-R60HP,계절가전,가습기,초음파가습기,,신일,52900,living
4720204,[윤남텍] 간/편/세/척 초음파 다목적 가습기( YN-101),계절가전,가습기,초음파가습기,,윤남텍,109000,living
1025593102,넥소버 간편 통세척 사무실 저소음 초음파 가습기 3.5L NXH-721,계절가전,가습기,초음파가습기,,넥소버,24900,living
1042428532,[[ GS특가 ]] H2 한경희 7L 대용량 초음파 가습기 간편세척,계절가전,가습기,초음파가습기,,한경희생활과학,49000,living
1040304478,루메나 듀얼 무선 미니가습기 H3 X,계절가전,가습기,초음파가습기,,루메나,39900,living
1095419964,LG 퓨리케어 자연기화 가습기 HW500DAS,계절가전,공기청정기,공기청정기,,LG,319020,living
1054960241,[본사인증점] 위닉스 제로S 청정기 13평 AZSE430-JWK,계절가전,공기청정기,공기청정기,,위닉스,179000,living
1097181178,LG 퓨리케어 오브제컬렉션 15형 에어로부스터 AS155GWDL,계절가전,공기청정기,공기청정기,,LG,597780,living
1093818544,LG 퓨리케어 AI 360  공기청정기 플러스 97  AS285DWWD,계절가전,공기청정기,공기청정기,,LG,831470,living
1095420523,LG 퓨리케어 오브제컬렉션 에어로타워 Hit (온풍 겸용) FS065PSKA,계절가전,공기청정기,공기청정기,,LG,932200,living
56146857,신일 국산 천장용 16인치 선풍기 SIF-16CSH 3엽 천장 신일선풍기,계절가전,선풍기/냉풍기/써큘레이터,벽걸이형,,신일,81200,living
57198419,신일 벽걸이 선풍기 SIF-16WBC 기계식 16인치 신일선풍기 40cm,계절가전,선풍기/냉풍기/써큘레이터,벽걸이형,,신일,63800,living
1052963725,한일전기 데이무드 저소음 스탠드 선풍기 가정용 EFe-S134,계절가전,선풍기/냉풍기/써큘레이터,스탠드형,,한일전기,53900,living
92102975,[26년형/AI모드] 신일 가정용 무소음 BLDC 18엽 써큘레이터형 선풍기 SIF-H14RWP,계절가전,선풍기/냉풍기/써큘레이터,스탠드형,,신일전자,129000,living
3518197,[신일] 7엽 저소음 리모컨 스탠드형 선풍기 SIF-RY1224S 수면풍,계절가전,선풍기/냉풍기/써큘레이터,스탠드형,,신일전자,59900,living
1053150087,[26년형/국내제조] 신일 무소음 BLDC 써큘레이터형 스탠드 선풍기 SIF-BZ173D,계절가전,선풍기/냉풍기/써큘레이터,스탠드형,,신일전자,157000,living
3699504,신일 리모컨 스탠드팬 선풍기 2종 발터치/BLDC 리모컨 선풍기 발선풍기 택1,계절가전,선풍기/냉풍기/써큘레이터,스탠드형,,신일,84800,living
1110729543,[GS단독] 26년형 신일 써큘레이터 스테디26 포그블루 1대(SIF-FP1000A),계절가전,선풍기/냉풍기/써큘레이터,써큘레이터,,신일,110400,living
1119606724,26년형 신일 써큘레이터 S11 퓨어 화이트 (SIF-DH09WH) 2대 구성,계절가전,선풍기/냉풍기/써큘레이터,써큘레이터,,신일,254400,living
1119599675,26년형 신일 써큘레이터 S11  퓨어 화이트 (SIF-DH09WH) 1대 구성,계절가전,선풍기/냉풍기/써큘레이터,써큘레이터,,신일,135200,living
1118823896,한일전기 무선 폴딩 써큘레이터 1대구성 (화이트/그린),계절가전,선풍기/냉풍기/써큘레이터,써큘레이터,,한일전기,139000,living
1082553416,신일 14인치 6엽 서큘레이터형 선풍기 저소음 타이머 스탠드 SIF-1400NEO,계절가전,선풍기/냉풍기/써큘레이터,써큘레이터,,신일산업,68900,living
1115068987,[26년형] 신일 BLDC 폴딩팬 벽걸이 접이식 저소음 자동회전 탁상용 무선 선풍기 SIF-D07AO,계절가전,선풍기/냉풍기/써큘레이터,휴대/탁상형,,신일,32900,living
1124781274,26년형 신일 BLDC 무선 폴딩팬 5 화이트(SIF-H32UCV) 1대 구성,계절가전,선풍기/냉풍기/써큘레이터,휴대/탁상형,,신일,119200,living
1079425901,[GS특가/자동회전기능] 클래파 BLDC 사무실 탁상용 휴대용 무선 미니 선풍기 BEF-D400,계절가전,선풍기/냉풍기/써큘레이터,휴대/탁상형,,클래파,27800,living
1081432776,[모던하우스] ON 뉴 미니링 크래들 휴대용 핸디팬 4 color,계절가전,선풍기/냉풍기/써큘레이터,휴대/탁상형,,모던하우스,6840,living
1123868278,디큐브 프럭스 R 강력한 빅팬 접이식 회전 100단 미세조절 선풍기,계절가전,선풍기/냉풍기/써큘레이터,휴대/탁상형,,디큐브,37400,living
1104198074,한일의료기 프리미엄 온수매트 물세탁가능 숙면매트 슬림형 침대형 싱글 1인용 HID2025-PWS,계절가전,온열/온수/전기매트,온수매트,,한일의료기,159000,living
1125010478,경동나비엔 사계절 숙면매트 냉온수매트 Pro EMF510 슬림매트 킹 사이즈,계절가전,온열/온수/전기매트,온수매트,,경동나비엔,929000,living
1020083286,포레몽 온수매트 BTM501S-MS08 침대형 싱글(단일),계절가전,온열/온수/전기매트,온수매트,,이노크아든,219000,living
63075734,스팀보이 온수매트 S6500-S1812 퀸 패드 온수패드 온열 패드,계절가전,온열/온수/전기매트,온수매트,,스팀보이,189000,living
1019635622,일월 듀얼하트 온수매트 퀸,계절가전,온열/온수/전기매트,온수매트,,일월,138000,living
95988371,이메텍 전기담요 전기이불 포켓형 오버블랭킷 GOK-840 레드 체크,계절가전,온열/온수/전기매트,전기담요,,이메텍,129000,living
1135528682,이메텍 프리미엄 양털 전기담요 GOK-189 (그레이 체크),계절가전,온열/온수/전기매트,전기담요,,이메텍,179000,living
1105254538,보이러 풋워머 FW20 코지토프,계절가전,온열/온수/전기매트,전기담요,,보이러,67150,living
1094374789,NEW 이메텍 프리미엄 벨벳 전기담요 GOK-099 (레드),계절가전,온열/온수/전기매트,전기담요,,이메텍,179000,living
1094374792,NEW 이메텍 프리미엄 벨벳 전기담요 GOK-920 (헤링본 골드),계절가전,온열/온수/전기매트,전기담요,,이메텍,169000,living
18052722,글루바인 전자파안심 타이머 물세탁 전기요 에르사 싱글,계절가전,온열/온수/전기매트,전기요,,글루바인,50220,living
1105254545,보이러 전기요 1인싱글 4단 UB40싱글다크그레이,계절가전,온열/온수/전기매트,전기요,,보이러,79000,living
33450682,한일의료기 프리미엄 탄소열선 전기요  패턴 선택 중형,계절가전,온열/온수/전기매트,전기요,,한일의료기,36800,living
1133498530,[국내생산 이중탄소열선] 한일의료기 국산 워셔블 전기요 전기매트 / 그레이팬더_대,계절가전,온열/온수/전기매트,전기요,,한일의료기,33900,living
1066808211,한일의료기 탄소카본매트 십자가무늬 전기요 (슈퍼싱글),계절가전,온열/온수/전기매트,전기요,,한일의료기,109000,living
1095626410,[일월] 26년형 제이드 스퀘어 초절전형 워셔블 카본 탄소 전기매트 / 카본매트 더블,계절가전,온열/온수/전기매트,전기장판,,일월,89000,living
1095626412,[일월] 26년형 제이드 스퀘어 초절전형 워셔블 카본 탄소 전기매트 / 카본매트 싱글,계절가전,온열/온수/전기매트,전기장판,,일월,79000,living
1097947515,(비밀특가) [27년형/9세대] 한일의료기 실담 워셔블 탄소매트 전자파없는 EMF 카본 온열 전기 장판 국내생산 (더블),계절가전,온열/온수/전기매트,전기장판,,한일의료기,99000,living
1018462965,일월 홈쇼핑 전기장판 거실 전기매트 골드에디션 (대형),계절가전,온열/온수/전기매트,전기장판,,일월,270000,living
1002496887,26년형 전기장판 일월 전기매트 카페트매트 골드에디션 특대형,계절가전,온열/온수/전기매트,전기장판,,일월,290000,living
1095665195,[대성쎌틱] 국내생산 EMF인증 전자파차단 탄소매트 퀸(Q) 2인용 세탁가능 (2026년형 최신상) 카본 전기매트 / 물세탁 그래핀 온열매트,계절가전,온열/온수/전기매트,탄소매트,,대성셀틱,79000,living
1095427260,한일의료기 프리미엄 HIM-3000D2 극세사 탄소 전자파차단 원적외선 자동타이머 더블 분리난방 전기매트,계절가전,온열/온수/전기매트,탄소매트,,한일의료기,145000,living
1097270298,프린세스 캐치티니핑 EMF전자파없는 2in1 카본탄소매트 전기요장판 패드핏 1인용 슈퍼싱글 사뿐핑 블루,계절가전,온열/온수/전기매트,탄소매트,,한일의료기,119000,living
1097947402,한일의료기 전자파 없는 탄소무전자 투톤 엠보싱 전기매트 더블(분리난방) 140x200,계절가전,온열/온수/전기매트,탄소매트,,한일의료기,279000,living
1040582765,한일의료기 EMF 인체감지 탄소 전기매트 슈퍼싱글 피오니핑크,계절가전,온열/온수/전기매트,탄소매트,,한일의료기,76900,living
1034275389,[아쿠아픽] 코드리스 무선 구강세정기 AQ-230,생활가전,구강청정기,구강세정기,,아쿠아픽,65900,living
63454579,오아 클린이워터D LCD 구강세정기,생활가전,구강청정기,구강세정기,,OA,43900,living
1038073899,[s] 오아 클린이워터B 구강세정기 강력 맥동수압 물치실 치아,생활가전,구강청정기,구강세정기,,OA,39800,living
1117680459,오스템와픽핸디구강세정기_싱글구성(민트/베이지 택1),생활가전,구강청정기,구강세정기,,osstem vussen,129000,living
1119016045,오아 클린이워터J2 휴대용 무선 구강세정기 물치실 칫솔 치간 치아 세척기,생활가전,구강청정기,구강세정기,,OA,29900,living
33012028,스마트소닉 음파칫솔 프로 커플세트 핸들 2개 RLT211,생활가전,구강청정기,전동칫솔/모,,스마트소닉,64000,living
63454526,오아 클린이소프트B 자동압력센서 음파 전동칫솔,생활가전,구강청정기,전동칫솔/모,,OA,34900,living
1105349932,PHILIPS 필립스 NEW 소닉케어 2100 시리즈 화이트 HX4021/01,생활가전,구강청정기,전동칫솔/모,,필립스,51900,living
1059299675,[랩온랩] UV히팅 무선 칫솔살균기 4구 (화이트/블랙 택1),생활가전,구강청정기,칫솔살균기,,랩온랩,39000,living
1000001831,유토렉스 퍼펙트케어 UV 히팅건조 듀얼 칫솔살균기,생활가전,구강청정기,칫솔살균기,,유토렉스,39900,living
1113772869,[GS특가] 휴비딕 가정용 무선 자동 UV-C 칫솔살균기 칫솔소독기 HTS-20,생활가전,구강청정기,칫솔살균기,,휴비딕,28900,living
1015381092,유토렉스 자바스 칫솔살균기 멀티큐브94PW 벽걸이형 히팅건조 살균 테스트완료,생활가전,구강청정기,칫솔살균기,,자바스,39900,living
1110123452,[GS특가] 휴비딕 가정용 칫솔살균기 자동 살균 칫솔 소독기 거치대 건조기 면도기 살균기 HTS-10,생활가전,구강청정기,칫솔살균기,,휴비딕,18900,living
1110726583,니카사 진공흡착 스팀다리미 시즌2 HN0270SK,생활가전,다리미,스팀다리미,,neakasa,188000,living
1110726813,니카사 진공흡착 스팀다리미 시즌2 HN0270SK,생활가전,다리미,스팀다리미,,neakasa,198000,living
33212721,[한경희]터널증후군 방지 핸디 스팀다리미 HIH-1500,생활가전,다리미,스팀다리미,,한경희생활과학,39900,living
1110123469,[GS특가] 휴비딕 핸디형 파워 스팀다리미 초고속 예열 여행용 휴대용 HSI-3,생활가전,다리미,스팀다리미,,휴비딕,28900,living
1132025854,라이브박스 브이스팀 진공스팀다리미,생활가전,다리미,스팀다리미,,라이브박스,149000,living
1080811212,필립스 클래식 건식다리미 HD1172/01,생활가전,다리미,일반다리미,,필립스,24010,living
1078121737,필립스 열판 건식다리미 GC160/22,생활가전,다리미,일반다리미,,필립스,37030,living
1132674569,유니맥스 휴대용 미니 접이식 전기다리미 UMI-773AW 화이트 컴팩트한 디자인 건식&습식 다림질,생활가전,다리미,일반다리미,,유니맥스,18000,living
1128238400,[테팔] 건식다리미 드라이 글리스 FS3110K0,생활가전,다리미,일반다리미,,테팔,29000,living
1044153469,크루거601 여행용 휴대용 초미니 전기 다리미,생활가전,다리미,일반다리미,,SELLERHUBSHOP,20800,living
1109003897,[상품권5만원증정]LG 트롬 세탁기 21kg 1등급 F21WDLPR,생활가전,세탁기,드럼세탁기,,LG전자,1145450,living
1108605462,[LG전자 직영] LG 트롬 드럼세탁기 F12WVAR (12kg),생활가전,세탁기,드럼세탁기,,LG전자,825440,living
1109011955,[상품권5만원증정]LG 트롬 오브제컬렉션 세탁기 24kg 1등급 FX24GNGR,생활가전,세탁기,드럼세탁기,,LG전자,1479550,living
1134107641,[LG전자 직영] LG 트롬 드럼세탁기 F17ITPR (17kg),생활가전,세탁기,드럼세탁기,,LG전자,1007640,living
1129411114,[LG전자 직영] LG 트롬 드럼세탁기 F21VDSKR (21kg),생활가전,세탁기,드럼세탁기,,LG전자,1173140,living
1069226015,쉼공작소 미니밀리 UV 미니 세탁기 여행용 소형 세탁기,생활가전,세탁기,미니/아기세탁기,,바이온,59900,living
1101650643,LG 통돌이 세탁기 17KG T17DX3 미드 프리실버,생활가전,세탁기,일반형세탁기,,LG,584600,living
1105960235,LG 통돌이 세탁기 19KG T19MX7A 미드 블랙,생활가전,세탁기,일반형세탁기,,LG,734700,living
1041754949,LG T17DX3A 통돌이 세탁기 17kg 미드프리 실버 / KN,생활가전,세탁기,일반형세탁기,,LG전자,550000,living
1129475295,[LG전자 직영] LG 통돌이 세탁기 TR10WV4 (10kg),생활가전,세탁기,일반형세탁기,,LG전자,462010,living
1129411187,[LG전자 직영] LG 통돌이 세탁기 T21MX9A (21kg),생활가전,세탁기,일반형세탁기,,LG전자,841700,living
1101476773,로보락 S9 MaxV Ultra 로봇청소기 초슬림디자인 108개 장애물회피 로봇팔 문턱리프팅,생활가전,청소기,로봇청소기,,로보락,1840000,living
1101477969,[직배수무료방문설치] 로보락 S9 MaxV Ultra 직배수 로봇청소기 초슬림디자인 108개,생활가전,청소기,로봇청소기,,로보락,1990000,living
1130335516,로보락 Qrevo 2 Pro 로봇청소기,생활가전,청소기,로봇청소기,,로보락,1390000,living
1115094551,[26년 NEW] 에브리봇 쓰리스핀 EVO 물걸레 로봇청소기 TS402M,생활가전,청소기,로봇청소기,,에브리봇,448000,living
1121416402,[프리스탠딩]삼성 비스포크 AI 스팀 울트라 로봇청소기 VR90F01AAG/ VR90F01AAH,생활가전,청소기,로봇청소기,,삼성,1630000,living
1135990252,[쿠쿠] 파워클론 무선청소기 (CVC-NHS10EG),생활가전,청소기,무선/핸디형청소기,,쿠쿠,249000,living
1088235751,[26년형/물걸레키트포함] 클래파 The Light 초경량 핸디 자동먼지비움 BLDC 하중심 무선 진공 청소기 BVC-S185,생활가전,청소기,무선/핸디형청소기,,클래파,148000,living
28942210,[GS특가] 캐치웰 CV6 PLUS 무선청소기 + 2년무상AS,생활가전,청소기,무선/핸디형청소기,,캐치웰,89000,living
1109776716,[26년신제품] 델리팬 무선청소기 BLDC 핸디 스틱 진공 청소기 DEL-VS75 물걸레키트 자동먼지비움 스테이션,생활가전,청소기,무선/핸디형청소기,,델리팬,295000,living
1110931353,(GS특가+쿠폰10%+상품권이벤트) 한경희 강력한 파워 무선 청소기 / 26년 NEW 원룸 핸디 가벼운 청소기,생활가전,청소기,무선/핸디형청소기,,한경희생활과학,99000,living
1095380359,로보락 F25 Ultra 무선 스팀 습건식 청소기,생활가전,청소기,스팀청소기,,로보락,890000,living
1051652753,(GS특가+10%쿠폰) [한경희] 스팀 명가 / 고급형 고온 살균 스팀청소기 HESM-D2510 찌든때 제거,생활가전,청소기,스팀청소기,,한경희생활과학,99000,living
1030070939,비쎌 슬림 스팀청소기 BA-BS2233S,생활가전,청소기,스팀청소기,,비쎌,248000,living
36890563,한경희 2in1 스탠드형 핸디형 고온 스팀살균 올인원 스팀청소기 HSM-D2002A1,생활가전,청소기,스팀청소기,,한경희,98900,living
1023839611,[베스트셀러] 한경희 스팀 청소기 SI-3600WT,생활가전,청소기,스팀청소기,,한경희생활과학,109000,living
1093660782,LG 코드제로 오브제컬렉션 A7 Core AS720WA,생활가전,청소기,진공청소기,,LG전자,537230,living
1055669067,일렉트로룩스 EFC71511DB 얼티밋홈700 컴팩트 유선 청소기 최대출력 1600W 헤파12 / 3in1 액세서리,생활가전,청소기,진공청소기,,일렉트로룩스,219000,living
1038532195,LG 싸이킹 C40WGY 유선 청소기 파워 초경량 카밍 베이지 / KN,생활가전,청소기,진공청소기,,LG전자,237000,living
1094131055,홈리아 유선청소기 자취 원룸청소기 소형 가벼운 진공 청소기 HA-15K,생활가전,청소기,진공청소기,,홈리아,49800,living
1063889343,하츠 올인원 청소기 살균 물걸레 더스트오프 CVC-283F,생활가전,청소기,진공청소기,,하츠,159000,living
1108229286,삼성 비스포크 제트봇용 청정스테이션 먼지봉투 VCA-RDB95B,생활가전,청소기,청소기소모품,,삼성,15480,living
1116876863,(GS특가+20%쿠폰) 신일 듀얼케어 UV 침구 청소기 400W / 듀얼 브러시 / UVA+UVC 살균,생활가전,청소기,침구/살균청소기,,신일전자,99000,living
1116546812,렉스퀸 퓨어라이트 무선 UV살균 침구 청소기,생활가전,청소기,침구/살균청소기,,AGK NORDIC,39900,living
1057310845,린나이 2구 가스렌지 ETA610J  가스레인지,주방가전,가스/전기레인지,가스레인지,,린나이,139000,living
1093327920,하츠 정품 허리케인 주방후드 HRH90S 싱크대후드 교체 900,주방가전,가스/전기레인지,가스레인지,,하츠,250000,living
65836069,린나이 3구 자동불꽃조절 AA+(플러스) 가스레인지 INFQ3040W,주방가전,가스/전기레인지,가스레인지,,린나이,246990,living
1089812600,LG 디오스 인덕션 BEI3QEBLOE,주방가전,가스/전기레인지,인덕션/전기레인지,,LG전자,744370,living
1093855184,린나이 스탠딩 3구 인덕션 전기레인지 IHM16BS (전국배송+기본설치무료) 케이스높이15cm,주방가전,가스/전기레인지,인덕션/전기레인지,,린나이,507520,living
1113910928,LG 디오스 포터블 인덕션 블랙 세라믹  HEI1V9E,주방가전,가스/전기레인지,인덕션/전기레인지,,LG,143200,living
1085797695,헤르젠 쌀냉장고 AI CARE+ 블랙 21KG,주방가전,냉장고,기타냉장고,,HERZEN,398000,living
1101050725,창홍 미니 냉동고 99L 가정용 주방용 화이트 뚜껑형 수납 HF099MWH0,주방가전,냉장고,기타냉장고,,changhong,193000,living
1085797681,헤르젠 쌀냉장고 AI CARE+ 블랙 11KG,주방가전,냉장고,기타냉장고,,HERZEN,358000,living
1124974092,[LG전자 직영] LG 냉동고 A202W (200L),주방가전,냉장고,기타냉장고,,LG전자,611250,living
1049765333,캐리어 클라윈드 CRF-TD046WSA 46L미니냉장고 전국무료배송 오피스텔 1인가구 소형,주방가전,냉장고,기타냉장고,,캐리어,119000,living
1125229995,LG 디오스 AI 오브제컬렉션 냉장고 (매직스페이스) 832L S836MRQ112,주방가전,냉장고,양문형냉장고,,LG,1666900,living
1125228100,[1등급]LG 디오스 오브제 컬렉션 870리터 토프아몬드 H876GGA011,주방가전,냉장고,양문형냉장고,,LG,2502900,living
1121814861,[1등급]LG 디오스 오브제 컬렉션 870리터 H876GBB031,주방가전,냉장고,양문형냉장고,,LG,2980000,living
1134437273,LG 디오스 AI 오브제컬렉션 냉장고 노크온 매직스페이스 865리터 T876MQQ412,주방가전,냉장고,양문형냉장고,,LG,2392000,living
1125230371,LG 디오스 AI 오브제컬렉션 냉장고 832리터 S836P022,주방가전,냉장고,양문형냉장고,,LG,1544000,living
1120322807,LG 디오스 오브제컬렉션 와인셀러 121병 W1212GB,주방가전,냉장고,와인냉장고,,LG,1815000,living
1119938208,LG 일반냉장고 오브제컬렉션 612리터 D604MQQ52,주방가전,냉장고,일반형냉장고,,LG,1138800,living
1036064693,"캐리어 155L 소형 일반냉장고 CRFTD155WDE, 화이트 [무료설치]",주방가전,냉장고,일반형냉장고,,캐리어,299000,living
1067909110,삼성 일반 냉장고 RT53DG7A1CWW 525L,주방가전,냉장고,일반형냉장고,,삼성,882810,living
1085465750,[삼성무료설치] 리파인드 이녹스 일반형 냉장고 RT25FARA2S9 255L 2도어,주방가전,냉장고,일반형냉장고,,삼성전자,499000,living
1080024206,캐리어 85L 2도어 소형 미니 사무실 자취 냉장고 메탈 CRF-TD085MDA [공식인증/무료배송/단순택배],주방가전,냉장고,일반형냉장고,,캐리어,222900,living
1094687781,휴롬 파워 블렌더 믹서기 Series 2색 BL-D01,주방가전,믹서기/쥬서기,믹서기/블렌더,,휴롬,80100,living
1005378917,[포토리뷰 이벤트] 해피콜 프리미엄 초고속 블렌더 믹서기 브리즈탭 LED 터치형 UI,주방가전,믹서기/쥬서기,믹서기/블렌더,,해피콜,159000,living
1104025936,한일 대용량 레드 엣지 스텐 믹서기 NMF-3990WR,주방가전,믹서기/쥬서기,믹서기/블렌더,,한일,159000,living
1059627065,휴롬 요아이 초고속 파워블렌더 6종 패키지 YMB-232FWH,주방가전,믹서기/쥬서기,믹서기/블렌더,,휴롬,50920,living
1129380920,닌자 블렌드보스 DB351KR  블렌더 믹서기 텀블러,주방가전,믹서기/쥬서기,믹서기/블렌더,,샤크닌자,229900,living
1052720400,휴롬 착즙기 H420 원액기 주서기 녹즙기,주방가전,믹서기/쥬서기,쥬서기/녹즙기,,휴롬,424150,living
1076463579,*라헨느 NEW 프리미엄 착즙원액주서기,주방가전,믹서기/쥬서기,쥬서기/녹즙기,,라헨느,139000,living
60681945,위즈웰 전자동 착즙기 원액기 레몬 스퀴저 쥬서기 녹즙기 과일 오렌지 WJ400,주방가전,믹서기/쥬서기,쥬서기/녹즙기,,위즈웰,32900,living
36651083,리큅 6단 식품건조기 LD-918B -,주방가전,식품건조기/제조기,식품건조기,,리큅,103550,living
1058789469,리큅 스테인리스 10단 식품건조기 야채 고추건조 LOD-S1000SS -,주방가전,식품건조기/제조기,식품건조기,,리큅,208050,living
1058789577,리큅 스테인리스 10단 식품건조기 야채 고추건조 LOD-S1000SS,주방가전,식품건조기/제조기,식품건조기,,리큅,249000,living
36651088,리큅 대용량 8단 식품건조기 LD-918BH -,주방가전,식품건조기/제조기,식품건조기,,리큅,122550,living
1036312268,리큅 투명 8단 과일 고추 야채 식품건조기 LD-9013 T62 -,주방가전,식품건조기/제조기,식품건조기,,리큅,141550,living
1116415555,베스트하임 스테인리스 대용량 두유제조기 1200ml 이유식 스무디 청국장,주방가전,식품건조기/제조기,식품제조기,,베스트하임,119000,living
1111799563,본사직영) 쿠쿠 미식컬렉션 대용량 10중 칼날 두유 이유식 콩국수 제조기 CNM-B1000W,주방가전,식품건조기/제조기,식품제조기,,쿠쿠,82720,living
35084682,[중탕기 BEST] 오쿠 홍삼제조기 한약 보양찜 건강현미 중탕기 약탕기 OC-2200PR,주방가전,식품건조기/제조기,식품제조기,,오쿠,399000,living
1092986569,(한정수량특가+상품권) 신일 1350ml 대용량 스테인레스 두유제조기 이유식 메이커,주방가전,식품건조기/제조기,식품제조기,,신일전자,69700,living
1091177968,"[최종혜택가 79,100원] 신일 1350ml 대용량 스테인레스 두유제조기 SEP-DU1300IF 이유식 메이커",주방가전,식품건조기/제조기,식품제조기,,신일전자,99000,living
1123850877,[공식수입원] NEW 더 레인지 S 화이트/블랙 KRN01KR,주방가전,오븐/전자레인지,오븐레인지,,발뮤다,469000,living
1094090802,LG 디오스 오브제컬렉션 광파오븐 39리터 블랙 ML39BW,주방가전,오븐/전자레인지,전기/광파오븐,,LG,372190,living
1078969259,위즈웰 인헨스 대용량 컨벡션 스팀 전기오븐 베이킹오븐 WOP100,주방가전,오븐/전자레인지,전기/광파오븐,,위즈웰,369000,living
1087474199,위즈웰 인헨스2 컨벡션 전기오븐 제과제빵 홈베이킹 40L 스팀오븐 WOP200,주방가전,오븐/전자레인지,전기/광파오븐,,위즈웰,529000,living
1090124443,본사직영) 쿠쿠 트리플 광파오븐 CMW-CO3010DW,주방가전,오븐/전자레인지,전기/광파오븐,,쿠쿠,269900,living
1078193631,위즈웰 디지털 컨벡션 전기오븐 베이킹오븐 42L GL-42A G,주방가전,오븐/전자레인지,전기/광파오븐,,위즈웰,279000,living
1029606531,LG MW23GD 전자레인지 23L 화이트 (블랙글래스) / KN,주방가전,오븐/전자레인지,전자레인지,,LG,175000,living
1133074028,쿠첸 20L 전자레인지 CMW-N200W,주방가전,오븐/전자레인지,전자레인지,,쿠첸,69000,living
1123872191,LG 전자레인지 23리터 블랙 MW23BD,주방가전,오븐/전자레인지,전자레인지,,LG,188320,living
1094090458,LG 디오스 오브제컬렉션 전자레인지 25리터 베이지 MWJ25E,주방가전,오븐/전자레인지,전자레인지,,LG,265000,living
1085909540,[백화점상품권증정] 쿠첸 25L 전자레인지 CMW-VN250W,주방가전,오븐/전자레인지,전자레인지,,쿠첸,119000,living
1071537779,쿠쿠 블랙스톤 전기압력밥솥 풀스텐 10인용 CRP-R1095FGW/FGB,주방가전,전기밥솥,압력밥솥,,쿠쿠,308000,living
1071686268,쿠쿠 블랙스톤 전기압력밥솥 풀스텐 6인용 CRP-R0695FGW/FGB,주방가전,전기밥솥,압력밥솥,,쿠쿠,288000,living
1038322729,쿠쿠 IH 마스터셰프 10인용 CRP-LHTR1010FGI/FGB/FW,주방가전,전기밥솥,압력밥솥,,쿠쿠,528000,living
1068579296,쿠쿠 블랙스톤 전기압력밥솥 풀스텐 10인용 CRP-R1095FGW/FGB/R1015FBB,주방가전,전기밥솥,압력밥솥,,쿠쿠,308000,living
1038325734,쿠쿠 IH 마스터셰프 6인용 CRP-LHTR0610FGI/FGB/FW,주방가전,전기밥솥,압력밥솥,,쿠쿠,478000,living
1100067676,[원터치조작으로 간편하게 취사하는 귀여운 미니밥솥] 키친아트 미니 보온 전기밥솥 KRC-6903 블루 / 2-3인용,주방가전,전기밥솥,일반밥솥,,키친아트,30900,living
30357872,쿠쿠 CR-1075S 10인용 전기보온밥솥 공식판매점 SJ,주방가전,전기밥솥,일반밥솥,,쿠쿠,87800,living
1136044649,셰퍼 헬시쿡 저당밥솥,주방가전,전기밥솥,일반밥솥,,셰퍼,199000,living
1088512365,쿠첸 미니 6인용 전기밥솥 CRM-CD0640W_포토리뷰이벤트,주방가전,전기밥솥,일반밥솥,,쿠첸,89000,living
1115349304,[맥스앤맥스] 국내생산 칼로라이트 저당밥솥,주방가전,전기밥솥,일반밥솥,,맥스앤맥스,16900,living
1051850210,[비밀특가] 오리지니크 전동 후추 그라인더 기본세트,주방가전,커피머신/커피메이커,그라인더/기타,,오리지니크,64900,living
1077177614,위즈웰 아로마 무선 전동 커피그라인더 원두분쇄기 38단계조절,주방가전,커피머신/커피메이커,그라인더/기타,,위즈웰,29900,living
1068664632,[비밀특가] 오리지니크 전동 후추 그라인더 빅컨테이너 풀세트,주방가전,커피머신/커피메이커,그라인더/기타,,오리지니크,80900,living
1063656498,코맥 자동 전동 커피그라인더 원두분쇄기 (ME4),주방가전,커피머신/커피메이커,그라인더/기타,,코맥,52900,living
1085772200,[비밀특가] 오리지니크 전동 그라인더 기본세트 + 탄화티크 우드트레이,주방가전,커피머신/커피메이커,그라인더/기타,,오리지니크,85800,living
1107804022,"[리뷰이벤트][네스프레소] 버츄오 업 MD1 에스프레소 캡슐커피머신 펄 화이트, 잉크블랙, 다크 그레이, 오션 블루",주방가전,커피머신/커피메이커,커피머신,,네스프레소,209000,living
1113679497,엑스블룸 스튜디오 커피 머신 J15 - 문라잇 화이트,주방가전,커피머신/커피메이커,커피머신,,기타브랜드,1200000,living
1053071540,돌체구스토 커피머신 지니오 S 터치 화이트+스타벅스캡슐 24입,주방가전,커피머신/커피메이커,커피머신,,네스카페돌체구스토,99000,living
1030998511,"[리뷰이벤트][네스프레소] 버츄오 팝 GCV2 에스프레소 캡슐커피머신 화이트, 블랙",주방가전,커피머신/커피메이커,커피머신,,네스프레소,89000,living
35943769,[드롱기] 아이코나 반자동 커피머신 블랙 ECO311.BK,주방가전,커피머신/커피메이커,커피머신,,드롱기,229000,living
1133302551,제니퍼룸 브런치 홈카페 세트 전자동 커피머신 스팀 오븐 토스터 전기 드립포트 3color,주방가전,커피머신/커피메이커,커피메이커,,제니퍼룸,378000,living
1035561472,플랜잇 대용량 드립커피 커피메이커 텐더 PCM-NT11 -,주방가전,커피머신/커피메이커,커피메이커,,플랜잇,89000,living
1035561450,플랜잇 대용량 드립커피 커피메이커 텐더 PCM-NT11,주방가전,커피머신/커피메이커,커피메이커,,플랜잇,89000,living
1080561754,"리르 [안과/약국입점]아이플러스 리드 클리너 1+ 1 (총60매/정가 50,000원) - 눈꺼풀세정제 눈청결티슈 눈기름샘청소",건강/의료용품,건강측정용품,병원/의료용품,,리르,12900,living
1047335343,[체험특가]일양 더마큐어 병풀 상처 패치 프리컷 스팟 51매/3매,건강/의료용품,건강측정용품,병원/의료용품,,일양약품,5900,living
1063751702,[체험특가]일양 더마큐어 병풀 상처 패치 스팟 51매 +51매외 택1,건강/의료용품,건강측정용품,병원/의료용품,,일양약품,8900,living
1088101840,30매 목초수액시트 힐링 발바닥 발 종아리 발패치,건강/의료용품,건강측정용품,병원/의료용품,,뉴리스,15900,living
59936933,[GS특가] 휴비딕 SCAN방식 피부적외선 체온계 HFS-1500,건강/의료용품,건강측정용품,체온계,,휴비딕,45000,living
91790112,국산 비접촉 체온계 프라나 365 체온계,건강/의료용품,건강측정용품,체온계,,기타,29500,living
26344655,카스 (CAS) 가정용 디지털 슈퍼화이트 LED 체중계 X10,건강/의료용품,건강측정용품,체중계/체지방계,,카스,26900,living
1028012496,[최저가찬스] 카스(CAS) 가정용 디지털 체중계 HE-66 스텐레스,건강/의료용품,건강측정용품,체중계/체지방계,,카스,23800,living
25532608,[GS특가] 휴비딕 가정용 디지털 체중계 HUS-309 몸무게 정밀측정 실내온도 표시기능,건강/의료용품,건강측정용품,체중계/체지방계,,휴비딕,11900,living
66887164,카스 (CAS) 체지방 체중계 BFA-24 측정값 한눈에 확인 가능,건강/의료용품,건강측정용품,체중계/체지방계,,카스,35000,living
1079045368,카스 CAS 스마트인 바디 블루투스 체성분 체지방 체중계 BFA-S12,건강/의료용품,건강측정용품,체중계/체지방계,,카스,29500,living
1116229364,옵티프리 렌즈세척액 퓨어모이스트 420ml 3개,건강/의료용품,눈건강/렌즈용품,기타렌즈용품,,옵티프리,27900,living
38185864,렌즈케어 렌즈클리닝티슈 400매/안경닦이/액정클리너,건강/의료용품,눈건강/렌즈용품,기타렌즈용품,,메디위,18900,living
1116229528,옵티프리 렌즈세척액 퓨어모이스트 420ml 3개 + 300ml 1개,건강/의료용품,눈건강/렌즈용품,기타렌즈용품,,옵티프리,34900,living
57532552,렌즈케어 일회용 안경닦이 티슈 스마트폰 액정 클리너 200매,건강/의료용품,눈건강/렌즈용품,기타렌즈용품,,Sauber,11000,living
1116229342,옵티프리 렌즈세척액 퓨어모이스트 420ml 1개,건강/의료용품,눈건강/렌즈용품,기타렌즈용품,,옵티프리,12900,living
1068583778,[바슈롬] 리뉴 어드밴스 500ml x 2개 소프트 렌즈 세척액,건강/의료용품,눈건강/렌즈용품,렌즈세정액,,바슈롬,14360,living
1055858416,[리뉴] [리뉴] 후레쉬 500ml 4개 렌즈세정액 세척액,건강/의료용품,눈건강/렌즈용품,렌즈세정액,,리뉴,21700,living
1079045357,"[바슈롬] 보스톤 심플러스액 120ml x 3개 하드,드림 렌즈세척액",건강/의료용품,눈건강/렌즈용품,렌즈세정액,,바슈롬,30240,living
1068583799,[바슈롬] 바이오트루 500ml x 3개 소프트 렌즈 세척액,건강/의료용품,눈건강/렌즈용품,렌즈세정액,,바슈롬,23200,living
1070469890,[바슈롬] 리뉴 바이오트루 500ml x 4개+바이오트루 300ml x 2개,건강/의료용품,눈건강/렌즈용품,렌즈세정액,,바슈롬,37420,living
1106872569,"동국제약 굿잠 온열 마사지 스팀안대 30매 옵션 택1 (소비자가 65,700원)",건강/의료용품,눈건강/렌즈용품,안대/눈관리용품,,동국제약,22900,living
1107191993,"동국제약 굿잠 온열 마사지 스팀안대 50매 옵션 택1 (소비자가 109,500원)",건강/의료용품,눈건강/렌즈용품,안대/눈관리용품,,동국제약,26880,living
1107191991,"동국제약 굿잠 온열 마사지 스팀안대 100매 옵션 택1 (소비자가 219,000원)",건강/의료용품,눈건강/렌즈용품,안대/눈관리용품,,동국제약,51060,living
1112084847,라라무브 아이마스크 온열스팀 안대 무향 20매,건강/의료용품,눈건강/렌즈용품,안대/눈관리용품,,라라무브,7510,living
1135882481,[동국제약/체험특가] 스팀안대 / 핫팩 / 손발워머 / 온열패치 굿잠 시리즈 모음,건강/의료용품,눈건강/렌즈용품,안대/눈관리용품,,동국제약,6420,living
1007523900,퓨어브리즈 국산 새부리형 KF94/AD(비말차단) 마스크 대형/중형/소형 100매,건강/의료용품,마스크,KF인증마스크,,퓨어브리즈,8900,living
1008035889,올챌린지 플러스 KF94 새부리형 황사 마스크 100매,건강/의료용품,마스크,KF인증마스크,,올챌린지,14900,living
1001682162,"KF-AD 덴탈 귀편한,숨편한 마스크 대형 화이트 100매",건강/의료용품,마스크,KF인증마스크,,인디에어,11700,living
1095635103,다이아핏 새부리형 KF94 마스크 100매입 파우치형,건강/의료용품,마스크,KF인증마스크,,다이아핏,19900,living
1023853783,국산 KF94 인디에어 유어핏 새부리형 컬러마스크 에코팩 100매,건강/의료용품,마스크,KF인증마스크,,인디에어,18450,living
1007629809,일회용 덴탈마스크 100매/소형 중형 대형 특대형/비에이스,건강/의료용품,마스크,덴탈/일회용마스크,,비에이스,11800,living
1015741521,인디에어 유어핏 새부리형 컬러마스크 대형 100매 에코팩,건강/의료용품,마스크,덴탈/일회용마스크,,인디에어,17280,living
1102748170,덴탈마스크 일회용 마스크 200매 비말 여름용 귀편한 화이트 대형,건강/의료용품,마스크,덴탈/일회용마스크,,아이엠듀,13900,living
1061967405,[소소락] 덴탈마스크 대형 200매(50매x4팩) KF-AD비말차단 국산,건강/의료용품,마스크,덴탈/일회용마스크,,sosorak,12600,living
1129755914,[바디프랜드mini] 미니 마사지건,건강/의료용품,안마/찜질,안마용품,,바디프랜드미니,99000,living
1131452650,릴렉스틱롱+마사지볼+올인원,건강/의료용품,안마/찜질,안마용품,,바리바디,105000,living
1052556979,스파알 포터블 목 어깨 마사지기 블랙라벨 2500,건강/의료용품,안마/찜질,안마용품,,스파알,118000,living
1068201747,파나소닉 안마의자 EP-MAN1 아이보리+전용러그+무릎담요 증정,건강/의료용품,안마/찜질,안마의자,,파나소닉,12900000,living
1083344774,[GS전용] 프롬비 닥터슬로우 어깨용 전기찜질기 FD225 온열 목 찜질 찜질기 온열기,건강/의료용품,안마/찜질,찜질용품/냉온팩/핫팩,,프롬비,59800,living
54201594,[제스파] 안전한 국내생산 허리 무릎 어깨 배 스트라이프 찜질기,건강/의료용품,안마/찜질,찜질용품/냉온팩/핫팩,,제스파,42900,living
1110123446,[GS특가] 휴비딕 무선 온열 안대 눈 찜질기 수면안대 눈가리개 아이마스크 HHE-1,건강/의료용품,안마/찜질,찜질용품/냉온팩/핫팩,,휴비딕,28900,living
1003438029,[제스파] 국내생산 냉온찜질 뉴 면베이직 사각 찜질팩 ZP1865,건강/의료용품,안마/찜질,찜질용품/냉온팩/핫팩,,제스파,15900,living
27990642,덴티스테 후레쉬 브레스 스프레이 15ml 4개,구강/위생용품,칫솔/치약/가글,구강청정제/가글,,덴티스테,27810,living
1118904523,[신제품] 덴티스테 프라임 여행용키트 4개 + 시트러스 후레쉬 20g 1개,구강/위생용품,칫솔/치약/가글,구강청정제/가글,,덴티스테,13410,living
31481539,[리스테린] 토탈케어 마일드 750ml x3+(증)250ml 순한맛 랜덤 1개,구강/위생용품,칫솔/치약/가글,구강청정제/가글,,리스테린,17960,living
1080135561,[9/21 5%더블쿠폰] [체취케어]46cm 체취케어(클린솝/시트러스/허벌) 600ml 3종 택1,구강/위생용품,칫솔/치약/가글,구강청정제/가글,,벨먼,13840,living
1105832590,테라브레스 아이시/마일드 가글 1000ml 1 +1개(총 2개),구강/위생용품,칫솔/치약/가글,구강청정제/가글,,테라브레스,47610,living
1121742919,수면 스플린트 이악물기 치아맞물림 방지 마우스피스,구강/위생용품,칫솔/치약/가글,마우스피스,,득템상회,31800,living
1106471136,[무료배송] 이악물기 방지 수면용 마우스피스 치아 가드 슬립케어,구강/위생용품,칫솔/치약/가글,마우스피스,,기타,12740,living
1021158289,엠에스 치간칫솔 50P SSSS (0.4mm) I형X2팩 (총100개입),구강/위생용품,칫솔/치약/가글,치실/치간칫솔,,MS,13800,living
56110190,[엠에스]일회용치실 600개입,구강/위생용품,칫솔/치약/가글,치실/치간칫솔,,엠에스,9900,living
1056606160,오랄비 치실 글라이드 딥 클린 40m 4개,구강/위생용품,칫솔/치약/가글,치실/치간칫솔,,오랄비,16700,living
1114011996,[피앤지]오랄비 민트향 왁스 치실 50m 6개,구강/위생용품,칫솔/치약/가글,치실/치간칫솔,,피앤지,12000,living
1056606126,오랄비 치실 민트향 50m 4개,구강/위생용품,칫솔/치약/가글,치실/치간칫솔,,오랄비,12900,living
1003837650,화이트랩스 LED 셀프 자가 치아미백기계 치아미백젤2개 1인 세트,구강/위생용품,칫솔/치약/가글,치아미백제,,화이트랩스,179000,living
1003837653,화이트랩스 LED 셀프 자가 치아미백기 본품 미백젤 세트 2인용,구강/위생용품,칫솔/치약/가글,치아미백제,,화이트랩스,199000,living
1003837649,화이트랩스 LED 셀프 자가 치아미백기계 치아미백젤 세트 1인용,구강/위생용품,칫솔/치약/가글,치아미백제,,화이트랩스,179000,living
1003910741,화이트랩스 셀프 자가 치아미백 대용량 치아미백제 (치아미백젤),구강/위생용품,칫솔/치약/가글,치아미백제,,화이트랩스,29800,living
91459079,오스템 뷰센 28 치아미백제 80g 5개+칫솔 2P 증정,구강/위생용품,칫솔/치약/가글,치아미백제,,osstem vussen,32900,living
1041425561,페리오 뉴후레쉬 알파치약 170G X 10개,구강/위생용품,칫솔/치약/가글,치약,,페리오,13620,living
1084226392,[체험특가/한정수량] 덴티스테 단독 인기구성 체험팩 20g 5종팩 (프로 20g 3개 + 시트러스20g 2개),구강/위생용품,칫솔/치약/가글,치약,,덴티스테,6900,living
1083510060,덴티스테 [GS단독] 인기구성 기획팩 200g 5개 (플러스화이트 프로 200g 3개 + 시트러스 200g 1개 + 뉴케어 200g 1개 + 프로20g 2개증정,구강/위생용품,칫솔/치약/가글,치약,,덴티스테,58410,living
1093681604,덴티스테 [GS단독] 신제품 플러스화이트 프로 200g 5개 + 프로 20g 2개증정,구강/위생용품,칫솔/치약/가글,치약,,덴티스테,58410,living
1093571207,덴티스테 [GS단독] 인기구성 기획팩 200g 10개 (플러스화이트 프로 200g 5개 + 시트러스 200g 3개 + 뉴케어 200g 2개 + 어드밴스드 케어 칫솔1개 + 쇼핑백,구강/위생용품,칫솔/치약/가글,치약,,덴티스테,116010,living
1109759209,[해즈픽] 시그니처 케어칫솔20개+1개(무료체험),구강/위생용품,칫솔/치약/가글,칫솔,,해즈픽,99000,living
1121090221,[해즈픽] 시그니처 케어칫솔 매니아구성 (칫솔40개) + 쇼핑백2개,구강/위생용품,칫솔/치약/가글,칫솔,,해즈픽,188000,living
1003634218,크리오 퍼펙션 초극세모 비비드 구취케어 콤팩트헤드 칫솔 10입x3세트,구강/위생용품,칫솔/치약/가글,칫솔,,크리오,14900,living
1075763159,앙칫솔2세트(8개)+트래블키트1SET+캡4개,구강/위생용품,칫솔/치약/가글,칫솔,,앙,19900,living
1052911572,켄트 최다판매 초극세모칫솔 2세트(12개) 2종 중 선택,구강/위생용품,칫솔/치약/가글,칫솔,,켄트,38000,living
1128591163,[신제품] 덴티스테 딥클린 여행용세트 1개 (플러스화이트 프로 100g + 어드밴스드 케어 칫솔1개),구강/위생용품,칫솔/치약/가글,칫솔치약세트,,덴티스테,10900,living
1134644875,"지그비 [정가200,500원] 프리미엄 구강 선물세트 바카치약 4개입+육각모 칫솔 6개입+쇼핑백 세트",구강/위생용품,칫솔/치약/가글,칫솔치약세트,,지그비,29900,living
1091924574,[26년 추석 선물세트] 프로폴리스 덴탈케어세트x8개,구강/위생용품,칫솔/치약/가글,칫솔치약세트,,페리오,51480,living
1091855131,[26년 추석 선물세트] 프로폴리스 덴탈케어세트,구강/위생용품,칫솔/치약/가글,칫솔치약세트,,페리오,9900,living
1053634134,[덴티스테] 4P 선물세트 플러스화이트 프로 160g (쇼핑백+프로 20g 치약증정),구강/위생용품,칫솔/치약/가글,칫솔치약세트,,덴티스테,42210,living
1128049799,실리콘 이빨 치아 임시 가짜 자연스러운 웃음 실리콘 이빨,구강/위생용품,칫솔/치약/가글,틀니관리용품,,득템상회,8700,living
1053715747,[땡큐온]폴리덴트 의치 세정제 민트향 5분 퀵플러스 48정,구강/위생용품,칫솔/치약/가글,틀니관리용품,,땡큐온,9800,living
54457736,[폴리덴트] 의치부착재 70g×4개(무향),구강/위생용품,칫솔/치약/가글,틀니관리용품,,폴리덴트,37500,living
13647173,오라브러쉬 혀클리너(2개입)+전용캡 포함 / 입냄새 설태제거,구강/위생용품,칫솔/치약/가글,혀클리너,,오라브러쉬,13800,living
1016040167,제이베럴즈 혀클리너 블랙2개+화이트2개 (총4개),구강/위생용품,칫솔/치약/가글,혀클리너,,제이베럴즈,11900,living
1118875384,[약국입점] 프로벨 메디테라 혀 클리너 젤 구취제거 충치예방 특허성분 1개,구강/위생용품,칫솔/치약/가글,혀클리너,,프로벨,19800,living
1088457149,동국제약 덴트릭스 혀클리너 플러스 2개입 X 2개 / 입냄새 백태제거,구강/위생용품,칫솔/치약/가글,혀클리너,,동국제약,6900,living
1061224954,디어커스 [2SET] 혀자손 교체형 혀클리너 [본품2+헤드6] 4컬러,구강/위생용품,칫솔/치약/가글,혀클리너,,디어커스,9900,living
1058745037,아스토니쉬 주방 욕실 필수 청소 클리너 세정제 모음,세정/제습/방충,세정제/광택/소독제,광택제,,아스토니쉬,9900,living
1129476879,코팅제 다용도 세정코팅광택제 다빛나 500ml,세정/제습/방충,세정제/광택/소독제,광택제,,기타브랜드,8580,living
1134542954,[유한양행] 유한락스 욕실청소용 650ml*3개,세정/제습/방충,세정제/광택/소독제,살균소독제,,유한양행,15900,living
1108720221,은나노스텝 시즌4 파인오일 다용도세정제 기본세트 (본품2+대용량6),세정/제습/방충,세정제/광택/소독제,살균소독제,,은나노스텝,79800,living
1087905969,[9/21 5%더블쿠폰] 홈스타 파워액션 세정제 510ml x 4개 (욕실용/곰팡이용) 3종 택 1,세정/제습/방충,세정제/광택/소독제,살균소독제,,홈스타,11500,living
1080132493,"[9/21 5%더블쿠폰] 피지 모락셀라 세탁조 클리너 일반드럼 겸용, 100g 2개입",세정/제습/방충,세정제/광택/소독제,살균소독제,,피지,10850,living
1056255870,퍼실 디스크 라벤더파워 리필 26개입*4개 퍼실캡슐세제,주방/세탁세제/용품,세탁세제,드럼세탁세제,,퍼실,63500,living
1056476610,퍼실 디스크 라벤더/파워 리필 26개입x5개 캡슐세제 헨켈,주방/세탁세제/용품,세탁세제,드럼세탁세제,,퍼실,77900,living
56917164,퍼실 실내건조용 퓨어프레쉬 2.5L x2개 세탁세제 (겸용),주방/세탁세제/용품,세탁세제,드럼세탁세제,,퍼실,28420,living
1027728345,[헨켈]헨켈 캡슐세제 퍼실 디스크 컬러/라벤더 38개입 x 2개,주방/세탁세제/용품,세탁세제,드럼세탁세제,,헨켈,38900,living
1056255874,[헨켈] 퍼실 디스크 라벤더/파워 리필 26개입x2개 /퍼실캡슐세제,주방/세탁세제/용품,세탁세제,드럼세탁세제,,퍼실,33500,living
31688360,[무궁화] 세탁비누/빨래비누 모음,주방/세탁세제/용품,세탁세제,빨래비누,,무궁화,10900,living
50285469,[무궁화]왕 표백비누 450g x 8개,주방/세탁세제/용품,세탁세제,빨래비누,,무궁화,16900,living
91091659,무궁화 소키프리미엄 과탄산소다 세탁비누 200g x 5개,주방/세탁세제/용품,세탁세제,빨래비누,,무궁화,8900,living
33439397,[무궁화] New 표백비누 230g x 8개,주방/세탁세제/용품,세탁세제,빨래비누,,무궁화,9900,living
50285814,[무궁화]소키 행주비누 150g x 8개,주방/세탁세제/용품,세탁세제,빨래비누,,무궁화,9900,living
1103721395,[GS단독] 프로쉬 세탁세제 1.5L 택1 + 섬유유연제 100ml*2 증정 (컬러/흰옷/강력/울세탁),주방/세탁세제/용품,세탁세제,울세제/울드라이,,프로쉬,15920,living
1084244713,[리피트인] 2개 울샴푸 3L 대용량 울세제 중성세제 홈드라이,주방/세탁세제/용품,세탁세제,울세제/울드라이,,리피트인,11900,living
1030066024,프로쉬 독일 아몬드 세탁세제 (울/섬세케어) 1.5L 2개,주방/세탁세제/용품,세탁세제,울세제/울드라이,,프로쉬,27970,living
1047807313,[애경]울샴푸 오리지널 3L x2개 +주방세제 200ml x2개 증정,주방/세탁세제/용품,세탁세제,울세제/울드라이,,울샴푸,17000,living
1094749022,울샴푸 오리지널 중성세제 세탁세제 리필 1.4Lx3개,주방/세탁세제/용품,세탁세제,울세제/울드라이,,애경,13800,living
1095592657,비트 울트라콤팩트 스위트블로썸 42입x4팩,주방/세탁세제/용품,세탁세제,일반세탁세제,,비트,31920,living
1014117872,"옥시크린 산소계 분말 표백제 3kg (삶음효과,가루표백,컬러보호)",주방/세탁세제/용품,세탁세제,일반세탁세제,,레킷벤키저,23900,living
1102448778,"[마감특가] 에이스 라벤더 럭스클린/알칼리 세탁세제 2.5LX4개 2종 택1 (고농축, 중성세제, 9중효소, 국내생산)",주방/세탁세제/용품,세탁세제,일반세탁세제,,터치,10900,living
56917144,퍼실 라벤더 2.5L x4개 세탁세제 (겸용)_매트 증정,주방/세탁세제/용품,세탁세제,일반세탁세제,,퍼실,56750,living
1132744442,[9/21 5%더블쿠폰] 피지 모락셀라 냄새제거 세탁세제(허브향/코튼향/화이트머스크/센달우드향) 2.3리필 4종 택1,주방/세탁세제/용품,세탁세제,일반세탁세제,,피지,14950,living
1057450676,모나코올리브 핸디형 스팀 다리미 거치대,주방/세탁세제/용품,세탁용품,다리미판,,모나코올리브,24900,living
1078252877,판빙빙 스탠드 다리미판 프리미엄 접이식 입식 스탠딩 대형 스팀,주방/세탁세제/용품,세탁용품,다리미판,,다즐,96700,living
1110881060,마켓플랜 다용도 심플 휴대용 다리미판 매트,주방/세탁세제/용품,세탁용품,다리미판,,마켓플랜,9500,living
1083143916,장갑 높이조절 스탠드 스팀 다리미판 행거 지지대,주방/세탁세제/용품,세탁용품,다리미판,,기타,32100,living
1135496420,다즐 울트라 스탠드 다리미판,주방/세탁세제/용품,세탁용품,다리미판,,다즐,140000,living
1014900111,구디푸디 소프트 빨래 바구니 세탁 빨래통 (대형),주방/세탁세제/용품,세탁용품,빨래바구니,,구디푸디,9810,living
37888399,네이쳐리빙 모던 트롤리 스윙 3단 빨래바구니,주방/세탁세제/용품,세탁용품,빨래바구니,,네이쳐리빙,19710,living
1105388948,홈앤미 프리미엄 올스텐 이동식 위브 3단 세탁 빨래바구니,주방/세탁세제/용품,세탁용품,빨래바구니,,홈앤미,168000,living
1060572160,구디푸디 바퀴달린 이동식 대용량 빨래바구니 메쉬 세탁바구니 특대형 60L,주방/세탁세제/용품,세탁용품,빨래바구니,,구디푸디,19710,living
1105388947,홈앤미 프리미엄 올스텐 이동식 위브 2단 세탁 빨래바구니,주방/세탁세제/용품,세탁용품,빨래바구니,,홈앤미,118000,living
1067028554,쉼표365 [1 +1] 이염방지시트 100매입 대용량 세탁티슈 세탁시트,주방/세탁세제/용품,세탁용품,세탁망/세탁잡화,,쉼표365,14900,living
1091139793,"가성비가 브랜드다 (총 200매) 대용량 국내산 이염방지시트 (색감유지, 이염방지기능)",주방/세탁세제/용품,세탁용품,세탁망/세탁잡화,,가성비가 브랜드다,9900,living
1125499076,[JAJU/자주] 무형광 두칸 분리 세탁망_40x50cm,주방/세탁세제/용품,세탁용품,세탁망/세탁잡화,,JAJU,8900,living
7077559,[마더케이]무형광 세탁망 사각 미듐,주방/세탁세제/용품,세탁용품,세탁망/세탁잡화,,마더케이,4800,living
20803759,아임 안심 무형광 세탁망 이불망 (특대) 1장 국산 유아용 빨래망,주방/세탁세제/용품,세탁용품,세탁망/세탁잡화,,해피세일,6900,living
34270937,물구멍 방충망(하우홈_10P) 방충망 벌레 먼지차단 창문,수납/정리/생활잡화,단열/계절용품,모기장,,엘홈,2500,living
20070127,에코벨 모기장 야광원터치 소형/모기채 파리채 벌레퇴치 침대,수납/정리/생활잡화,단열/계절용품,모기장,,에코벨,11000,living
1033980791,사각 큐브형 원터치모기장 침대 모기장 텐트 싱글,수납/정리/생활잡화,단열/계절용품,모기장,,미르커머스,16900,living
1056476649,붙이는 자석 방충망 모기장 현관문 방문 출입문 아파트 셀프 방충문 90x210,수납/정리/생활잡화,단열/계절용품,모기장,,오엠티,18900,living
31995126,사각모기장 일반-(대형) / 캐노피 방충망 텐트 침대,수납/정리/생활잡화,단열/계절용품,모기장,,금동이,18900,living
34357579,물흡수 테이프(대형) 자연가습 습기제거 결로방지 곰팡이방지,수납/정리/생활잡화,단열/계절용품,문풍지/바람막이,,엘홈,2900,living
1045356260,방풍 방한 투명비닐 베란다 바람막이 비닐 비닐커튼 2Mx2.4M,수납/정리/생활잡화,단열/계절용품,문풍지/바람막이,,기타브랜드,24900,living
1103395518,리브리움 문풍지 외풍차단소음 방문틈새막이 문틈막이,수납/정리/생활잡화,단열/계절용품,문풍지/바람막이,,기타,3000,living
1089985318,아임 물구멍 방충망테이프50P 밴드 방충망스티커 샷시구멍 모기벌레차단,수납/정리/생활잡화,단열/계절용품,방문형/방충망,,해피세일,6900,living
31011157,3M 방충망 보수 테이프 시트케이스 대형 (60cmX1m),수납/정리/생활잡화,단열/계절용품,방문형/방충망,,3M,6900,living
1102330086,3M 방충망 보수테이프 롤타입 5cm x 1m(6155),수납/정리/생활잡화,단열/계절용품,방문형/방충망,,기타,4820,living
67009959,창문 창틀 물구멍 방충망 스티커 5매 그레이 틈새 보수용 테이프,수납/정리/생활잡화,단열/계절용품,방문형/방충망,,갓샵,1000,living
23023627,산타마을 단열뽁뽁이 100cmx230cm 1+1,수납/정리/생활잡화,단열/계절용품,뽁뽁이,,굿패키지,13900,living
1062796484,단열뽁뽁이 120cm X 10m 국내제조 방한 베란다 보온 우풍 시트지,수납/정리/생활잡화,단열/계절용품,뽁뽁이,,카푸,18900,living
1029203502,무늬없는 단열뽁뽁이 100cmX10m방한용품 뽁뽁이 유리창 시트,수납/정리/생활잡화,단열/계절용품,뽁뽁이,,카푸,15900,living
1002549033,3중코팅 외풍차단 단열뽁뽁이 120CMX10M 에어캡 보온 바람막이,수납/정리/생활잡화,단열/계절용품,뽁뽁이,,이프렌즈,17900,living
1134179901,냉난방비 절약 단열 에어캡 단열뽁뽁이 창문시트지 보온 보냉효과,수납/정리/생활잡화,단열/계절용품,뽁뽁이,,무중력의자,17900,living
31571166,퍼니메이드 보냉가방 SQUARE MINI  쿨러백 아이스박스 도시락,수납/정리/생활잡화,단열/계절용품,아이스박스/쿨러백,,퍼니메이드,15210,living
1119943043,네파 하프 릿지 보냉포켓 7L 토트백 아이스 쿨러백 피크닉 캠핑 크로스백 7MC7506,수납/정리/생활잡화,단열/계절용품,아이스박스/쿨러백,,네파,79000,living
1054052438,도트 테이블 아이스박스 25L,수납/정리/생활잡화,단열/계절용품,아이스박스/쿨러백,,올리빙,39640,living
30512553,[올리빙] 도트 아이스박스 21L,수납/정리/생활잡화,단열/계절용품,아이스박스/쿨러백,,올리빙,33620,living
1089265389,[이거찜] 곰세마리 보조가방 데일리백 서브백 도시락가방,수납/정리/생활잡화,단열/계절용품,아이스박스/쿨러백,,SELLERHUBSHOP,5190,living
1083637470,모니즈 국내제조 안전인증 아이스쿨매트 미니싱글,수납/정리/생활잡화,단열/계절용품,쿨매트,,모니즈,16900,living
1077404668,크리벨 아추어 듀라론 냉감 쿨방석 1인용(45x45cm),수납/정리/생활잡화,단열/계절용품,쿨매트,,크리벨,11800,living
1086495561,에어룸 [2+2] 접촉냉감 쿨매트 아이쏘쿨 냉감패드베개 세트 SK,수납/정리/생활잡화,단열/계절용품,쿨매트,,에어룸,119900,living
1070022229,하루온 핫팩 붙이는 타입(50g)x50개,수납/정리/생활잡화,단열/계절용품,핫팩/손난로/난로/보일러,,하루온,23000,living
65264662,아이보우 충전식 무선 온수찜질기  IVB-D1000,수납/정리/생활잡화,단열/계절용품,핫팩/손난로/난로/보일러,,아이보우,31500,living
27486446,안전인증 붙이는핫팩 100매,수납/정리/생활잡화,단열/계절용품,핫팩/손난로/난로/보일러,,바이온,18900,living
1104823264,[25년 9월 최신제조] 고바야시 붙이는 하루 핫팩 30매입,수납/정리/생활잡화,단열/계절용품,핫팩/손난로/난로/보일러,,고바야시,19800,living
1131154349,예지미인 매직 생리 핫팩/찜질팩 5Px3팩,수납/정리/생활잡화,단열/계절용품,핫팩/손난로/난로/보일러,,예지미인,19900,living
1060345777,마켓플랜 라이트 메쉬 철제 트롤리 4단,수납/정리/생활잡화,선반,기타선반,,마켓플랜,17900,living
1046297290,마켓플랜 하디 원터치 접이식 수납선반 3단,수납/정리/생활잡화,선반,기타선반,,마켓플랜,29900,living
1088446438,마켓플랜 이동식 카트 스퀘어 선반 트롤리 4단,수납/정리/생활잡화,선반,기타선반,,마켓플랜,7900,living
1074490634,[모던하우스] 쉽게조립하는 3단 메탈트롤리(바스켓세트) 4color,수납/정리/생활잡화,선반,다용도선반,,모던하우스,28520,living
31669142,리빙숲 원목 이동식 트롤리 수납 선반 3단/주방수납장,수납/정리/생활잡화,선반,다용도선반,,리빙숲,47900,living
59677671,[GS단독특가] 이케아 LERBERG 4단 철재 선반 내로우 무료배송,수납/정리/생활잡화,선반,다용도선반,,이케아,32690,living
1090635767,로이드 이동식 선반 트롤리 틈새수납장 5단,수납/정리/생활잡화,선반,다용도선반,,가쯔,22500,living
68194835,유씨엠 버니 원터치폴딩 철제 이동식 3단 접이식선반,수납/정리/생활잡화,선반,다용도선반,,유씨엠(UCM),38900,living
1077270315,이지라이프 무볼트 조립식 앵글선반 경량랙 4단 1000 화이트,수납/정리/생활잡화,선반,메탈선반,,팬물산,31900,living
1077269296,이지라이프 무볼트 조립식 앵글선반 경량랙 4단 800 화이트,수납/정리/생활잡화,선반,메탈선반,,팬물산,29900,living
1079395337,이지라이프 450 미니 메탈랙 5단 선반 2종 택1,수납/정리/생활잡화,선반,메탈선반,,팬물산,32900,living
1077272122,이지라이프 무볼트 조립식 앵글선반 경량랙 5단 700 화이트,수납/정리/생활잡화,선반,메탈선반,,팬물산,31900,living
1104245502,무타공 선반 원목 벽걸이선반 무지주 수납 진열대,수납/정리/생활잡화,선반,벽걸이선반,,마전동상회,7900,living
1087773599,무타공걸이 틈새,수납/정리/생활잡화,선반,벽걸이선반,,SELLERHUBSHOP,1000,living
1102274599,셀링온 휴대용 책상가방걸이,수납/정리/생활잡화,선반,벽걸이선반,,SELLERHUBSHOP,1300,living
52925021,1.2m 다용도선반 반달형 벽걸이선반 벽부착선반,수납/정리/생활잡화,선반,벽걸이선반,,둘더스,22900,living
1083306137,무타공 벽선반 철제 자석선반 슬림 세탁기 냉장고 수납 정리대 A,수납/정리/생활잡화,선반,벽걸이선반,,DK코리아,6900,living
30920064,스피드랙 세탁기 건조기 선반 앵글 800X600x1500 2단,수납/정리/생활잡화,선반,세탁기선반,,스피드랙,69600,living
29736354,[스피드랙]세탁기 세탁실 수납 800x400x1800_2단 앵글선반,수납/정리/생활잡화,선반,세탁기선반,,스피드랙,67900,living
30920062,스피드랙 세탁기 건조기 선반 앵글 800X500x2100 3단,수납/정리/생활잡화,선반,세탁기선반,,스피드랙,95900,living
1594803,왕자 2단너비조절세탁기선반/고정식행거/수납행거,수납/정리/생활잡화,선반,세탁기선반,,왕자행거,60100,living
1132840817,슬림 틈새 신발장 아파트 현관 수납장 정리대 3단 수납 좁은현관 선반 보관함,수납/정리/생활잡화,선반,신발정리대,,JLIFE,141900,living
1075165595,마켓플랜 프리미엄 커넥트 다용도 신발 수납함 5단,수납/정리/생활잡화,선반,신발정리대,,마켓플랜,9500,living
1094233951,마켓플랜 스트롱 길이조절 다용도 신발 수납선반,수납/정리/생활잡화,선반,신발정리대,,마켓플랜,8900,living
37846796,신발정리대(슈즈렉) 20P세트(블랙),수납/정리/생활잡화,선반,신발정리대,,아이홈,14900,living
24167166,신발정리대 싱글 6단(부츠형),수납/정리/생활잡화,선반,신발정리대,,아이홈,12500,living
1088446790,살림의기술 논슬립 어깨뿔방지 회전형 옷걸이 20P,수납/정리/생활잡화,옷걸이,논슬립옷걸이,,살림의기술,21900,living
1020210094,구디푸디 [체험특가] 어깨뿔 방지 니트 논슬립 옷걸이 20P 6color 라운드 스틸,수납/정리/생활잡화,옷걸이,논슬립옷걸이,,구디푸디,13950,living
1043974865,살림의기술 [연예인 추천]미끄럼방지 어깨뿔방지 논슬립 옷걸이 20개,수납/정리/생활잡화,옷걸이,논슬립옷걸이,,살림의기술,17400,living
1022726767,보노하우스 두꺼운 와이드 어깨뿔방지 논슬립 옷걸이 20개,수납/정리/생활잡화,옷걸이,논슬립옷걸이,,보노하우스,13370,living
1063742048,구디푸디 20+20 어깨뿔 방지 니트 논슬립 옷걸이 40P,수납/정리/생활잡화,옷걸이,논슬립옷걸이,,구디푸디,25920,living
1096392915,모니즈 [20 + 20] 슬림 이지핏 미끄럼방지 회전형 옷걸이 (총 40P),수납/정리/생활잡화,옷걸이,일반옷걸이,,모니즈,12900,living
66209386,[공식/10년보증]마와 옷걸이 바디폼 42/L 10개 외투 코트 자켓,수납/정리/생활잡화,옷걸이,일반옷걸이,,마와,80000,living
1103539828,모니즈 [30 + 30] 슬림 이지핏 미끄럼방지 회전형 옷걸이 (총 60P),수납/정리/생활잡화,옷걸이,일반옷걸이,,모니즈,16900,living
1055073044,구디푸디 [체험특가] 가방걸이 옷걸이식 모자걸이 가방거치대 5P+5P,수납/정리/생활잡화,옷걸이,일반옷걸이,,구디푸디,6750,living
66177576,[10년보증]마와 옷걸이 실루엣라이트 42/FT 10개 셔츠 블라우스,수납/정리/생활잡화,옷걸이,일반옷걸이,,마와,35000,living
4916513,[홈앤하우스] 멀티코팅 논슬립 바지걸이 20P,수납/정리/생활잡화,옷걸이,치마/바지걸이,,홈앤하우스,10900,living
6483935,[홈앤하우스] 멀티코팅 논슬립 집게바지걸이 20P,수납/정리/생활잡화,옷걸이,치마/바지걸이,,홈앤하우스,12900,living
1013963738,네이쳐리빙 [후기1만개]논슬립 코팅 1단 바지걸이 20P,수납/정리/생활잡화,옷걸이,치마/바지걸이,,네이쳐리빙,12960,living
1020210958,구디푸디 [체험특가] 논슬립 바지 치마 걸이 옷걸이 10P,수납/정리/생활잡화,옷걸이,치마/바지걸이,,구디푸디,7920,living
55461880,올맘 튼튼 논슬립 집게 치마 옷 바지걸이 20개,수납/정리/생활잡화,옷걸이,치마/바지걸이,,올맘,14900,living
1037707328,아이리스 펜트리수납함 다용도 수납 채움 정리함 BU-250 3개,수납/정리/생활잡화,정리함/수납함,소품정리함,,아이리스코리아,9900,living
1132123760,퓨레어 우드 오브제케이스,수납/정리/생활잡화,정리함/수납함,소품정리함,,퓨레어,29000,living
1066793328,구디푸디 [체험특가] 타공판 책상 정리함 미니서랍 다용도수납함,수납/정리/생활잡화,정리함/수납함,소품정리함,,구디푸디,8910,living
1068921564,구디푸디 [체험특가] 1P+1P 벽걸이 다용도 수납함 주방 리모컨 정리함,수납/정리/생활잡화,정리함/수납함,소품정리함,,구디푸디,5850,living
1083305919,코드리빙 클린업스토리지 철제 슬라이딩 수납함 슬라이드 영양제 약통 정리 보관함 화이트 M,수납/정리/생활잡화,정리함/수납함,소품정리함,,코드리빙,33500,living
52684882,보노하우스 뉴모던 우드상판 5단 서랍장 수납장 플라스틱 옷장 정리함,수납/정리/생활잡화,정리함/수납함,정리서랍장,,보노하우스,81970,living
1051413455,보노하우스 위클리 5단 플라스틱 서랍장 수납 적층 정리함 340 슬림 틈새 옷장,수납/정리/생활잡화,정리함/수납함,정리서랍장,,보노하우스,53100,living
1051413316,보노하우스 위클리 3단 플라스틱 서랍장 수납 적층 정리함 340 슬림 틈새 옷장,수납/정리/생활잡화,정리함/수납함,정리서랍장,,보노하우스,34340,living
1070923960,보노하우스 라탄 우드상판 4단 서랍장 드레스룸 수납 정리함 와이드 옷장,수납/정리/생활잡화,정리함/수납함,정리서랍장,,보노하우스,71660,living
97967689,보노하우스 가든 라탄 550 4단 플라스틱 서랍장 와이드 수납 정리함,수납/정리/생활잡화,정리함/수납함,정리서랍장,,보노하우스,58500,living
1133104294,종이함 종이수납함 이사 상자 옷 보관박스,수납/정리/생활잡화,정리함/수납함,종이정리함,,기타 브랜드,4290,living
1130725226,방한화 털슬리퍼 신발 겨울 남녀공용 COT 퍼,수납/정리/생활잡화,정리함/수납함,진열대,,기타브랜드,29340,living
1131201315,도시락백 직장인 손가방 컬러 미니백 도시락가방 K322,수납/정리/생활잡화,정리함/수납함,진열대,,기타브랜드,11870,living
60311175,아이리스 신발 정리함 대형 화이트 NSB-M340 4개 세트,수납/정리/생활잡화,정리함/수납함,진열대,,아이리스코리아,15500,living
1131185823,카고 트레이닝복 바지 남성 남자 7부 반바지 여름,수납/정리/생활잡화,정리함/수납함,진열대,,기타브랜드,29200,living
1032707552,청소앤 360 이동식 4단 폴딩수납장 대형 폴딩박스 수납정리함,수납/정리/생활잡화,정리함/수납함,플라스틱정리함,,청소앤,64900,living
30847220,아이리스 1단 플라스틱 서랍장/수납장 BC-450D (깊은형/2입),수납/정리/생활잡화,정리함/수납함,플라스틱정리함,,아이리스코리아,26600,living
1051596925,청소앤 4단 트롤리 폴딩 수납장 기저귀정리 카트 이동식,수납/정리/생활잡화,정리함/수납함,플라스틱정리함,,굿드림,27900,living
1060487872,구디푸디 [체험특가] 프렌치 템바보드 멀티탭정리함 전선정리,수납/정리/생활잡화,정리함/수납함,플라스틱정리함,,구디푸디,7920,living
1009127281,팬트리 정리함 보관함 다용도 수납함 4개입,수납/정리/생활잡화,정리함/수납함,플라스틱정리함,,윈프라이스,12900,living
1033712972,구디푸디 2단 분리형 화장품 정리함 정리대 립스틱 보관함,수납/정리/생활잡화,정리함/수납함,화장대/데스크정리함,,구디푸디,24930,living
1082661861,모니즈 [1 + 1] 책상/탁상/화장대 깔끔 수납 정리함 컬러2종 (총2P),수납/정리/생활잡화,정리함/수납함,화장대/데스크정리함,,모니즈,9900,living
1039783292,마켓플랜 멀티 화장품 정리함 대형,수납/정리/생활잡화,정리함/수납함,화장대/데스크정리함,,마켓플랜,9900,living
1134322999,구디푸디 [체험특가] 에끌라 올인원 3단 대용량 화장품 정리함 책상정리 립스틱 틴트 정리 2color,수납/정리/생활잡화,정리함/수납함,화장대/데스크정리함,,구디푸디,38610,living
1113366069,향수보관함 화장품 립스틱 정리함 화장대 보관함 중형 LUAZ-MK5,수납/정리/생활잡화,정리함/수납함,화장대/데스크정리함,,기타브랜드,34010,living
13843159,[박씨상방] 교자상 커버 2.7 고급 누비 상커버 810810,수납/정리/생활잡화,커버,상커버,,박씨상방,9500,living
6806074,"[남원공방]밥상 교자상커버[90-75, 81-81, 80-60, 69-51]",수납/정리/생활잡화,커버,상커버,,남원공방,13200,living
97458654,테니스 공 의자 발 커버 8개 캡 소음 스크래치 방지 생활 용품,수납/정리/생활잡화,커버,상커버,,미르커머스,8900,living
1017618759,바자르 고밀도 스판 줄무늬 에어컨 커버 (벽걸이형) 무료배송 특가,수납/정리/생활잡화,커버,생활커버,,바자르,4950,living
1035686546,네이쳐리빙 (1 +1)마시멜로우 스판 선풍기커버(전기종 호환) 택1 총2개,수납/정리/생활잡화,커버,생활커버,,네이쳐리빙,12960,living
1035645628,네이쳐리빙 [체험특가]마시멜로우 스판 선풍기커버(전기종 호환) 택1,수납/정리/생활잡화,커버,생활커버,,네이쳐리빙,7920,living
1037707367,벽걸이 에어컨커버 덮개 에어컨가리개 삼성 엘지,수납/정리/생활잡화,커버,생활커버,,아카시아리빙,5000,living
1062931058,모나코올리브 세탁기 건조기 오리엔탈 덮개 논슬립 커버 70cm,수납/정리/생활잡화,커버,생활커버,,모나코올리브,10900,living
1025064082,행거 옷커버 패브릭 가리개 덮개 행거커버 커튼 110 사이즈,수납/정리/생활잡화,커버,옷커버,,기타브랜드,14300,living
1071124399,먼지방지 수납 모던 고급 부직포 싱글 지퍼형 옷커버,수납/정리/생활잡화,커버,옷커버,,HICKIES,5900,living
1000019877,한샘 베이직 드레스커버 5P (어깨커버) 옷커버,수납/정리/생활잡화,커버,옷커버,,한샘,7600,living
68632588,네이쳐리빙 먼지방지 프리미엄 옷커버(코트용) 10P,수납/정리/생활잡화,커버,옷커버,,네이쳐리빙,7920,living
1000019879,한샘 베이직 드레스커버 5P (어깨커버) 2개세트 옷커버,수납/정리/생활잡화,커버,옷커버,,한샘,15000,living
1093479519,헤이까야 욕실 수전 무타공 다용도 수납 선반바구니 3color,욕실용품,욕실수납/인테리어,욕실선반,,코코팜,16900,living
1105118261,[제이라이프	]무타공 욕실 화장실 접이식 선반 수건 걸이 후크,욕실용품,욕실수납/인테리어,욕실선반,,JLIFE,21200,living
26597362,[이케아 직수입] VESKEN 욕실4단선반/다용도선반,욕실용품,욕실수납/인테리어,욕실선반,,이케아,21200,living
1120378000,무타공 욕실 화장실 스틸 철제 선반 세면대 거치대 수납 틈새 물빠짐 다용도,욕실용품,욕실수납/인테리어,욕실선반,,JLIFE,10900,living
1043335974,다용도 욕실 스텐 멀티 사각선반 4단,욕실용품,욕실수납/인테리어,욕실선반,,서울리빙,28900,living
1111669370,[싱글] 포티니 만능 선반 3개 세트,욕실용품,욕실수납/인테리어,욕실수납용품,,포티니,40900,living
1102158290,[비밀특가] 오리지니크 스텐 압연 바스캐디 칫솔 꽂이 면도기 치약 거치대 확장형,욕실용품,욕실수납/인테리어,욕실수납용품,,오리지니크,21900,living
1097725647,[비밀특가] 오리지니크 스텐 압연 바스캐디 칫솔 꽂이 면도기 치약 거치대,욕실용품,욕실수납/인테리어,욕실수납용품,,오리지니크,18900,living
68395885,스파이더락 스마트접착 욕실 선반,욕실용품,욕실수납/인테리어,욕실수납용품,,스파이더락,20900,living
1098235636,로긴 스텐 304 욕실 칫솔꽂이,욕실용품,욕실수납/인테리어,욕실수납용품,,LOGIN,13900,living
1048747220,플라워 욕실장 코스모스 욕실수납장 화장실 수건장 AJCOMO,욕실용품,욕실수납/인테리어,욕실장/욕실인테리어,,SELLERHUBSHOP,67700,living
23727651,엣지줄눈 셀프줄눈 바닥용 변기 및 테두리용,욕실용품,욕실수납/인테리어,욕실장/욕실인테리어,,구멍가게,9900,living
32390287,타일선새롬이 화장실줄눈셀프 욕실 청소 바닥 시공,욕실용품,욕실수납/인테리어,욕실장/욕실인테리어,,아카시아리빙,10000,living
91377066,에코라믹 페블 통주물 IH 냄비 4종 풀세트,주방용품,냄비,냄비세트,,에코라믹,70210,living
1057976195,에코라믹 IH 뚝배기형 전골냄비 3종 + 우드받침,주방용품,냄비,냄비세트,,에코라믹,49800,living
21588892,키친아트 줄리엣 세라믹 냄비세트 3종,주방용품,냄비,냄비세트,,키친아트,49900,living
1073565119,[레온유리리뚜껑28증정]테팔 인덕션 데이지 팬냄비 8종 풀세트(편18+양20/24+전골24+팬20/24/28+웍28),주방용품,냄비,냄비세트,,테팔,256500,living
59535857,해피콜 컴포트라인 IH 인덕션 세라믹냄비 3종세트(편수18cm+양수20cm+양수24cm),주방용품,냄비,냄비세트,,해피콜,69260,living
1032654529,베카 시즈닝 무쇠 20cm 알라딘팟+주물뚜껑,주방용품,냄비,뚝배기,,베카,240000,living
1077342003,[택가63000원][독일제너] 황토 도자기코팅 무쇠솥 인덕션겸용 20cm,주방용품,냄비,뚝배기,,시시호시,32900,living
1100906583,포네 온기 무쇠 냄비 인덕션 주물 라이스 솥밥 16cm 웍,주방용품,냄비,뚝배기,,포네,23500,living
60545264,PN풍년 풍년1954 IH가마솥 궁 냄비 20C,주방용품,냄비,뚝배기,,PN풍년,38000,living
1093826587,[스타우브] 시스테라 전골 냄비 24CM 바질그린,주방용품,냄비,뚝배기,,스타우브,300000,living
1122632036,[비밀특가]해피콜 매시브 저압 진공 UP 통3중 IH 스테인리스 곰솥냄비 9L,주방용품,냄비,양수냄비,,해피콜,97000,living
63050149,해피콜 세라믹코팅 아리 IH 인덕션 테이블냄비 20cm,주방용품,냄비,양수냄비,,해피콜,23660,living
1122555272,[비밀특가]해피콜 매시브 저압 진공 UP 통3중 IH 스테인리스 곰솥냄비 7L,주방용품,냄비,양수냄비,,해피콜,93000,living
1065912929,테팔 인덕션 세라믹 에어 주물냄비 페어그린 24cm,주방용품,냄비,양수냄비,,테팔,67830,living
1101106561,[에코라믹] 허브 IH 26cm 곰솥냄비,주방용품,냄비,양수냄비,,에코라믹,22800,living
1033563202,테팔 인덕션 티타늄 세이버리 편수냄비 16cm,주방용품,냄비,편수냄비,,테팔,29830,living
37030595,해피콜 컴포트라인 IH 인덕션 세라믹냄비 편수냄비 18cm,주방용품,냄비,편수냄비,,해피콜,21760,living
64909278,PN풍년 위더스 우드라이트 IH 멀티팟 20cm  라면냄비 편수냄비 냄비 이유식 전골 손잡이 냄비,주방용품,냄비,편수냄비,,PN풍년,28900,living
1018863220,PN풍년 브리에 세라믹스피드쿡IH와이드웍 (블랙/24cm)  라면냄비 편수냄비 냄비 이유식 전골 손잡이 냄비,주방용품,냄비,편수냄비,,PN풍년,23900,living
96052393,PN풍년 브리에 세라믹 스피드쿡IH (블랙)  라면냄비 편수냄비 냄비 이유식 전골 손잡이 냄비,주방용품,냄비,편수냄비,,PN풍년,21900,living
1062515408,바겐슈타이거 스텐 양면 계량스푼,주방용품,베이킹용품,계량스푼,,바겐슈타이거,9450,living
1118366375,티스푼 세트 베이킹 조리도구 스텐 계량스푼 4종,주방용품,베이킹용품,계량스푼,,기타,6300,living
1038986306,[리본제이]무디타 304 스텐 계량스푼 15ml / 요리용 계량 스푼,주방용품,베이킹용품,계량스푼,,리본제이,5400,living
1080134775,[Original] 바겐슈타이거 스텐 계량스푼(대) 15cc,주방용품,베이킹용품,계량스푼,,바겐슈타이거,8380,living
1038142314,CAS 카스 전자 주방 저울 WA-41D 5kg 이유식 커피 요리학원 카페,주방용품,베이킹용품,계량저울,,카스,41000,living
1100742081,"(사은행사)이노타임 가정용 디지털 주방저울 5kg, 스테인레스, 백라이팅",주방용품,베이킹용품,계량저울,,이노타임,6900,living
1103909120,카스 디지털 전자 주방 저울 CKP-5K 5kg 베이킹 계량,주방용품,베이킹용품,계량저울,,카스,41500,living
36108391,라온 주방저울 전자저울 1Kg 계량/음식/이유식/베이킹,주방용품,베이킹용품,계량저울,,라온디지털,10900,living
1043037211,"네오플램 내열유리 계량컵 3종(250ml,500ml,1000ml)",주방용품,베이킹용품,계량컵,,네오플램,13500,living
1025287506,바겐슈타이거 스텐 원형 계량볼 (소) 750ml,주방용품,베이킹용품,계량컵,,바겐슈타이거,11920,living
1025287508,바겐슈타이거 스텐 원형 계량볼 (대) 1200ml,주방용품,베이킹용품,계량컵,,바겐슈타이거,14800,living
1090587820,바겐슈타이거 홈탠딩 올스텐 지거 (계량컵) 30/45,주방용품,베이킹용품,계량컵,,바겐슈타이거,19350,living
1007404725,포트메리온 보타닉가든 메저링컵 4p,주방용품,베이킹용품,계량컵,,포트메리온,23900,living
1062515492,바겐슈타이거 슈미트 브레드 나이프 (빵칼),주방용품,베이킹용품,빵칼,,바겐슈타이거,11120,living
1133387553,[모던하우스]L 색색 빵칼 겸 버터나이프_머스터드_NK1623027,,,,,모던하우스,4860,living
1023615552,보겐 쌍띠에 치즈커터 빵칼 브레드나이프 샤틴 택1,주방용품,베이킹용품,빵칼,,보겐,6900,living
1014347588,트라몬티나 월넛 폴리우드 7인치 빵칼 브레드나이프,주방용품,베이킹용품,빵칼,,트라몬티나,14900,living
1112025748,논스틱 양면코팅 머핀 6구 머핀틀 머핀팬,주방용품,베이킹용품,빵틀,,기타브랜드,17430,living
1079665877,논스틱 양면코팅 옥수수 식빵틀 식빵팬 파운드케익틀 파운드케익몰드 사각틀 베이킹몰드 몰드 오븐몰드 오,주방용품,베이킹용품,빵틀,,기타브랜드,9390,living
1057204408,스폰지케이크 기본 원형 케익틀 원형팬 빵틀 1호,주방용품,베이킹용품,빵틀,,기타브랜드,10490,living
1067055155,레벤호프 실리콘 스파츄라 미니 그린,주방용품,베이킹용품,스패츌러/주걱,,레벤호프,10600,living
1068096201,am 실리콘 투톤 알뜰주걱 스패츄라 다용도 스푼 13710,주방용품,베이킹용품,스패츌러/주걱,,에이엠,6800,living
1079428416,바겐슈타이거 에델 실리콘 조리도구 (라이트) 스패츌라,주방용품,베이킹용품,스패츌러/주걱,,서울리빙,5850,living
1088597870,레벤호프 실리콘 스파츄라 미니 옐로우,주방용품,베이킹용품,스패츌러/주걱,,레벤호프,13500,living
96808759,와이드 스파츌라대형 실리콘조리기구 일체형,주방용품,베이킹용품,스패츌러/주걱,,오너클랜,11490,living
1054860641,에코라믹 IH 분리형 와플팬,주방용품,베이킹용품,와플팬,,에코라믹,20000,living
91701071,키친플라워 로사 인덕션 양면팬 티타늄코팅 사각 와플팬,주방용품,베이킹용품,와플팬,,키친플라워,13900,living
55873871,세븐프리 실리콘 반죽매트 대형40x60cm 블랙,주방용품,베이킹용품,작업판/매트,,세븐프리,8900,living
1057036599,카스(CAS) 0.1g 디지털 주방저울(전자저울) K-37,주방용품,베이킹용품,제빵소도구,,카스,29200,living
55496514,카스(CAS) 디지털 주방저울(전자저울) CKS-2 (5kg/1g),주방용품,베이킹용품,제빵소도구,,카스,43800,living
60855000,타이거크라운 스텐 계란 노른자 분리기/제과제빵 아이템,주방용품,베이킹용품,제빵소도구,,타이거크라운,5200,living
1103125437,스텐 오니기리 삼각김밥틀 둥근 주먹밥틀겸 케이크틀 서클 쿠키 금형 베이킹 도구 Q510,주방용품,베이킹용품,쿠키커터/모양틀,,맥킨더,950,living
1084049762,디지털 컬러 쿠킹타이머 타임워치 스탑워치 주방 요리,주방용품,베이킹용품,쿠킹타이머,,오너클랜,3000,living
29063167,아쿠바 디지털 듀얼타이머,주방용품,베이킹용품,쿠킹타이머,,아쿠바,8000,living
1099704947,[GS단독]프라카 도자기 냉동밥보관용기 8P (350ml4P + 450ml4P),주방용품,보관/밀폐용기,도자기/쌀독/항아리,,프라카,35900,living
1112019153,타파웨어 슬림라이스키퍼10kg,주방용품,보관/밀폐용기,도자기/쌀독/항아리,,타파웨어,140000,living
1057600328,[본사] 락앤락 바로한끼 도자기 밥용기 450ml 2P X 2SET 총 4개,주방용품,보관/밀폐용기,도자기/쌀독/항아리,,락앤락,28030,living
58914988,미락 3세대 진공쌀통 20kg 쌀보관함 쌀보관통,주방용품,보관/밀폐용기,도자기/쌀독/항아리,,위드웰,134100,living
1110752333,[1+ 1] 락앤락 바로한끼 도자기 밥용기 250ml 2개+2개 (LLC301S4),주방용품,보관/밀폐용기,도자기/쌀독/항아리,,락앤락,21280,living
1075953306,타파웨어 에코 미니 물통 310ml 2개,주방용품,보관/밀폐용기,물병,,타파웨어,25000,living
1066222225,타파웨어 투웨이 에코 물통 500ml,주방용품,보관/밀폐용기,물병,,타파웨어,28000,living
1100711840,타파웨어 크리스탈 에코 보틀 550ml,주방용품,보관/밀폐용기,물병,,타파웨어,33000,living
1093943560,쿠비녹스 다용도 트레이 스텐 밧드 3종세트,주방용품,보관/밀폐용기,스텐용기,,서울리빙,15920,living
1103526992,글라스락 셰프토프 위드밀 스텐밀폐용기 프로 4P 세트,주방용품,보관/밀폐용기,스텐용기,,글라스락,60500,living
1065899047,(2개세트)NEW 숨쉬는 스텐 김치통 직사각 3L (LST829BS2),주방용품,보관/밀폐용기,스텐용기,,락앤락,41420,living
1097769962,바겐슈타이거 스텐 사각 트리플 트레이 (PC커버),주방용품,보관/밀폐용기,스텐용기,,서울리빙,21520,living
1039973525,바겐슈타이거 스텐 사각트레이 NO.07 깊은형 대 (355x265x70mm),주방용품,보관/밀폐용기,스텐용기,,바겐슈타이거,23200,living
50632990,글라스락 테이블 플레이팅 한상차림 6종세트,주방용품,보관/밀폐용기,유리용기,,글라스락,12500,living
1100742103,글라스락 셰프토프 클리드 스텐밀폐용기 2.8L 2조 세트,주방용품,보관/밀폐용기,유리용기,,글라스락,31500,living
1097208802,글라스락 김치맛지킴이 핸디퓨어 1.8L (라일락),주방용품,보관/밀폐용기,유리용기,,글라스락,15500,living
1134111579,글라스락 클래식 정사각 10조 세트 (퍼플/화이트/옐로우),주방용품,보관/밀폐용기,유리용기,,글라스락,48500,living
1134111568,글라스락 김치맛지킴이 화이트에디션 핸디 2.0L,주방용품,보관/밀폐용기,유리용기,,글라스락,15900,living
1126489124,[GS단독][맥스앤맥스] 퍼플톡톡 밀페용기 실속구성 혼합 11종세트,주방용품,보관/밀폐용기,플라스틱용기,,맥스앤맥스,11900,living
1047968023,타파웨어 피콜로보울 5개,주방용품,보관/밀폐용기,플라스틱용기,,타파웨어,31500,living
18190907,실리쿡 냉장고수납  마늘칸칸 4개  3종 택1 ~   마늘 야채  큐브보관  /  용기 4개  9900원  /  이유식보관,주방용품,보관/밀폐용기,플라스틱용기,,실리쿡,9900,living
1135799870,[GS단독 신상품 특가]이지앤프리 에어클립 제올라이트 김보관용기 1L 3P+실리카겔 3P+실리카겔 2P추가 증정,주방용품,보관/밀폐용기,플라스틱용기,,이지앤프리,12900,living
1132858987,타파웨어 틴틴 도시락(2),주방용품,보온/보냉용기,도시락/찬합,,타파웨어,42000,living
1034890910,이지앤프리 밀프랩 퓨어박스 2단 크림 1P,주방용품,보온/보냉용기,도시락/찬합,,이지앤프리,10900,living
1102016256,타파웨어 도시락통 찬합 런치 김밥 캠핑 도시락통 2단,주방용품,보온/보냉용기,도시락/찬합,,SELLERHUBSHOP,37600,living
1134647208,타파웨어 클릭도시락 플러스세트 2단,주방용품,보온/보냉용기,도시락/찬합,,타파웨어,51000,living
1077424345,도시락가방 보온보냉 피크닉 라운딩 홈메이드 런치백,주방용품,보온/보냉용기,도시락/찬합,,HICKIES,12900,living
1018775394,[세정제증정]써모스 일체형 대용량 보온도시락(TKLH-1500),주방용품,보온/보냉용기,보온도시락,,써모스,66810,living
61899342,트윙고 캡틴 보온도시락 죽통세트 1140ml,주방용품,보온/보냉용기,보온도시락,,서울리빙,29520,living
52611645,써모스 보온도시락 TKLF-1200F/스텐도시락/직장인/수능도시락,주방용품,보온/보냉용기,보온도시락,,써모스,65500,living
1018848266,써모스 일체형 대용량 보온도시락 TKLH-1500 / 수능도시락,주방용품,보온/보냉용기,보온도시락,,써모스,84930,living
34676631,키친아트 라팔 트위니 보온도시락 세트 1080ml,주방용품,보온/보냉용기,보온도시락,,키친아트,27920,living
67848011,[정품] 조지루시 보온병 SV-GR50 AA 500ml 다용도머그,주방용품,보온/보냉용기,보온보냉병,,조지루시,38800,living
1070574487,MOZ 스웨덴 포스코 316 스텐 대용량 원터치 워터저그 보냉보온병 1700,주방용품,보온/보냉용기,보온보냉병,,모즈스웨덴,43500,living
1039234397,써모스 대용량 더블컵 보온병 FDH-1706K 1.65L,주방용품,보온/보냉용기,보온보냉병,,써모스,54000,living
1105410839,오슬로 미니룹 보온병 보냉병 150ml 텀블러 스텐물병 핸들텀블러,주방용품,보온/보냉용기,보온보냉병,,기타브랜드,29990,living
1071367805,타파웨어 슬림 미니 보온병,주방용품,보온/보냉용기,보온보냉병,,타파웨어,36000,living
1085909276,구디푸디 [체험특가] 1개+1개 피크닉 아이스 직장인 도시락 보온 보냉 런치백 2color,주방용품,보온/보냉용기,아이스박스/보냉소품,,구디푸디,12960,living
1134647194,타파웨어 퓨어 아이스 트레이,주방용품,보온/보냉용기,아이스박스/보냉소품,,타파웨어,26000,living
1032884282,이지앤프리 아이스쏙 스틱 얼음트레이 12칸 2p,주방용품,보온/보냉용기,아이스박스/보냉소품,,이지앤프리,6900,living
1029396374,생활만렙 [체험특가] 블랙 보냉가방 소형 도시락 피크닉 가방 직장인 어린이 학생,주방용품,보온/보냉용기,아이스박스/보냉소품,,생활만렙,9900,living
1032638200,써모스 심플 데일리 보냉백 REW-007K 7L,주방용품,보온/보냉용기,아이스박스/보냉소품,,써모스,20000,living
1127764604,락앤락 퍼펙트씰 보온텀블러 4종 풀세트 (텀블러 3종+죽통 1종),주방용품,보온/보냉용기,텀블러,,락앤락,181900,living
1128885173,스칸디나비안포레스트 최신상 빅핸들 텀블러 2종 (600ml+800ml+전용빨대+지비츠 포함),주방용품,보온/보냉용기,텀블러,,스칸디나비안포레스트,79000,living
1128889171,"스칸디나비안포레스트 최신상 대용량 텀블러 1,300ml+전용빨대+지비츠 포함 (색상 선택)",주방용품,보온/보냉용기,텀블러,,스칸디나비안포레스트,46550,living
1134224750,스칸디나비안포레스트 텀블러 2종세트(600ml+800ml) 스텐 316,주방용품,보온/보냉용기,텀블러,,스칸디나비안포레스트,79000,living
1134643529,[비밀특가] [1 + 1] 텀스 플립 스트로우 대용량 텀블러 900ml,주방용품,보온/보냉용기,텀블러,,텀스,22900,living
64590055,놋담 방짜유기 단하수저 5인+보자기 선물포장,주방용품,수저/양식기,수저,,놋담,99750,living
64589567,놋담 방짜유기 단하수저 2인+보자기 선물포장,주방용품,수저/양식기,수저,,놋담,45980,living
1019418308,한일스텐레스 해피트리 5인 수저세트 5벌,주방용품,수저/양식기,수저,,한일스텐레스,20900,living
1056553885,타파웨어 에코 휴대용 수저세트,주방용품,수저/양식기,수저,,타파웨어,42000,living
13183297,한일스텐레스 클로버 수저세트 10P,주방용품,수저/양식기,수저,,한일스텐레스,28500,living
1072996977,프라카 폴란드풍 도자기 수저통 2P 세트,주방용품,수저/양식기,수저통/받침,,메종오브제,11900,living
1058176450,구디푸디 [체험특가] 투명 템바보드 물빠짐 수저통 클리어 테이블 수저함,주방용품,수저/양식기,수저통/받침,,구디푸디,6660,living
1082100972,구디푸디 [체험특가] 확장형 수저 정리함 7+2 가로세로 길이조절 서랍 칸막이 트레이 모듈형,주방용품,수저/양식기,수저통/받침,,구디푸디,13410,living
1050013108,[체험특가]샹드리에 듀얼 수저통,주방용품,수저/양식기,수저통/받침,,모나코올리브,8900,living
1061518106,레트로 스텐 수저통 수저함,주방용품,수저/양식기,수저통/받침,,모나코올리브,5900,living
1069211471,놋담 옻칠 라운드 매트 4컬러 중 택1,주방용품,수저/양식기,식탁매트,,놋담,79800,living
1003926944,포트메리온 보타닉가든 플레이스 매트 4p,주방용품,수저/양식기,식탁매트,,포트메리온,34900,living
1015918878,디아르 플래티넘 실리콘 식탁매트 테이블매트 국내생산,주방용품,수저/양식기,식탁매트,,디아르,7900,living
1104672395,리오쿡 실리콘 테이블매트 4인조 세트,주방용품,수저/양식기,식탁매트,,리오쿡,39800,living
1063679896,국내산 플래티넘 실리콘 방수 식탁 테이블 매트 그라치오소,주방용품,수저/양식기,식탁매트,,디아르,9900,living
1010655805,놋담 방짜유기 유기 커트러리 술잔 수저 6종 균일가,주방용품,수저/양식기,커트러리,,놋담,22900,living
1091851283,[모던하우스] ON 심플 커트러리 디저트스푼포크세트 8P 버터크림,주방용품,수저/양식기,커트러리,,모던하우스,6290,living
36266885,놋담 방짜유기 유기 커트러리 찬기 접시 유기그릇 5종 균일가,주방용품,수저/양식기,커트러리,,놋담,49900,living
1066614990,바겐슈타이거 스텐304 버터 커터 나이프,주방용품,수저/양식기,커트러리,,바겐슈타이거,10800,living
1105839158,휘슬러 퓨전커트러리 한식세트,주방용품,수저/양식기,커트러리,,휘슬러,130100,living
30567975,놋담 방짜유기 달 티스푼 티포크 5P+보자기 선물포장,주방용품,수저/양식기,티스푼/포크,,놋담,49400,living
1008039970,EME 나폴레옹 디저트 포크(중) 1p,주방용품,수저/양식기,티스푼/포크,,이엠이,7700,living
28937989,놋담 방짜유기 연리지 수저 2인 민트 핑크,주방용품,수저/양식기,티스푼/포크,,놋담,105000,living
1002570638,[까사부가티]알라딘 디저트포크 1P (무광),주방용품,수저/양식기,티스푼/포크,,까사부가티,20930,living
1047239216,놋담 방짜유기 달 포크 4P세트,주방용품,수저/양식기,티스푼/포크,,놋담,59900,living
34237093,빌레로이앤보흐 뉴웨이브 밥공기&국공기4P세트,주방용품,식기/홈세트,공기/대접,,빌레로이앤보흐,105000,living
1117918314,[웨지우드] 페스티비티 공기대접 2p (아이보리),주방용품,식기/홈세트,공기/대접,,웨지우드,102000,living
1093808315,포트메리온 보타닉가든 한국형 미니밥공기4.3인치 4p,주방용품,식기/홈세트,공기/대접,,포트메리온,80100,living
1100285451,놋담 방짜유기 원형찬기 대 2P,주방용품,식기/홈세트,공기/대접,,놋담,89000,living
1093810341,코렐 셀레스티얼원더 한국형 공기&대접 10P 세트,주방용품,식기/홈세트,공기/대접,,코렐,92700,living
1040070836,[프라카] 폴란드풍 도자기 핸들 계란찜기 세트,주방용품,식기/홈세트,면기/볼,,프라카,15900,living
1131611230,놋담 방짜유기 손방짜 두드림 양푼,주방용품,식기/홈세트,면기/볼,,놋담,279300,living
1076457107,프라카 폴란드풍 도자기 양손볼 2P 세트,주방용품,식기/홈세트,면기/볼,,메종오브제,13900,living
1103526806,놋담 방짜유기 유기 포인트볼 2P,주방용품,식기/홈세트,면기/볼,,놋담,69350,living
1093479463,놋담 방짜유기 샐러드볼 3호 2P,주방용품,식기/홈세트,면기/볼,,놋담,119700,living
12150666,[30년 전통 구씨공방]전통 현무거북 방짜유기 수저세트,주방용품,식기/홈세트,어린이식기,,구씨공방,86500,living
1056910390,[프라카] 폴란드풍 도자기 만두접시 2P 세트,주방용품,식기/홈세트,접시,,프라카,9900,living
36202930,놋담 방짜유기 꽃접시 대,주방용품,식기/홈세트,접시,,놋담,85500,living
1040070798,[프라카] 폴란드풍 도자기 사각 4절 나눔접시,주방용품,식기/홈세트,접시,,프라카,14900,living
1016044964,포트메리온 보타닉가든 중접시 2p,주방용품,식기/홈세트,접시,,포트메리온,32900,living
66632684,코렐 저스트화이트 앞접시 4P 세트,주방용품,식기/홈세트,접시,,코렐,20900,living
1052360497,GS 단독 코렐 카스피안레이스 원형 6인 22P 홈세트,주방용품,식기/홈세트,홈세트,,코렐,154900,living
1134644518,코렐 로맨틱가든 6인조(30P)+냉면기 4P,주방용품,식기/홈세트,홈세트,,코렐,268000,living
1097928920,코렐 그린딜라이트 한국형 6인 22P 원형 홈세트,주방용품,식기/홈세트,홈세트,,코렐,162270,living
1133739548,코렐 로맨틱가든 4인조(20P)+냉면기 4P,주방용품,식기/홈세트,홈세트,,코렐,189000,living
1133203697,코렐 올드타운블루 4인조(20P)+냉면기 4P,주방용품,식기/홈세트,홈세트,,코렐,189000,living
28962700,네이쳐리빙 [단종특가] 어반 길이조절 주방선반(일반형),주방용품,싱크대정리용품,부착식선반,,네이쳐리빙,7900,living
1036868321,네이쳐리빙 너비&높이 조절 전자레인지 주방선반,주방용품,싱크대정리용품,부착식선반,,네이쳐리빙,26900,living
1069341784,구디푸디 길이조절 걸이형 주방 선반 다용도 틈새 수납 선반 9cm,주방용품,싱크대정리용품,부착식선반,,구디푸디,15750,living
1036814292,로긴 폭조절 주방 선반 (1단),주방용품,싱크대정리용품,부착식선반,,LOGIN,14900,living
1105385315,스파이더락 기둥식 씽크선반 2단800/식기건조대,주방용품,싱크대정리용품,부착식선반,,스파이더락,67900,living
1014179503,고급 올스텐 특대형 2단 식기건조대(수저통+도마거치대 구성),주방용품,싱크대정리용품,식기건조대,,서울리빙,58000,living
1095570158,[아이넥스] 클린엣지 스마트 플러스 식기건조대,주방용품,싱크대정리용품,식기건조대,,아이넥스,114000,living
1015716682,고급 올스텐 식기건조대 1단 (수저통+컵 도마거치대),주방용품,싱크대정리용품,식기건조대,,서울리빙,28800,living
1021610221,아이넥스 아크로 올인원 2단 식기건조대 대,주방용품,싱크대정리용품,식기건조대,,아이넥스,73800,living
95735005,H-304올스텐2단 풀세트 주방건조대 접시 식기 설거지선반,주방용품,싱크대정리용품,식기건조대,,아카시아리빙,95200,living
1131152699,구디푸디 [체험특가] 빈티지무드 워시프루프 크래프트 다용도 수납백 L,주방용품,싱크대정리용품,싱크대정리소품,,구디푸디,9810,living
1131152703,구디푸디 [체험특가] 롤업 보온보냉 도시락 파우치 직장인 런치백,주방용품,싱크대정리용품,싱크대정리소품,,구디푸디,7920,living
1131152711,구디푸디 [체험특가] 빈티지무드 크래프트 다용도 수납 페이퍼백 M 2p+L 1p세트,주방용품,싱크대정리용품,싱크대정리소품,,구디푸디,17910,living
1105778297,구디푸디 한판쏙 클리어 냉장고 서랍 계란 보관함 에그 트레이 30구,주방용품,싱크대정리용품,싱크대정리소품,,구디푸디,15930,living
1065754688,구디푸디 [체험특가] 스텐304 싱크대 거름망 음식물 배수구망 + 커버 세트,주방용품,싱크대정리용품,싱크대정리소품,,구디푸디,9450,living
1106952862,바겐슈타이거 진공 와인스토퍼 와인마개,주방용품,와인용품,스토퍼/세이버,,바겐슈타이거,9520,living
1134713105,와인스토퍼 진공 와인마개 세이버 병마개 2개,주방용품,와인용품,스토퍼/세이버,,브랜드엘,16880,living
59081294,명성유기 로즐리 와인잔 2p,주방용품,와인용품,와인액세서리세트,,명성유기,139000,living
53346718,[트레비앙] 호일 커터 신형,주방용품,와인용품,와인액세서리세트,,트레비앙,4000,living
1020151357,바겐슈타이거 와인오프너 코르크 와인따개 맥주오프너,주방용품,와인용품,와인오프너,,바겐슈타이거,13410,living
1045535663,바겐슈타이거 병따개 뚜껑따개 바틀 오프너,주방용품,와인용품,와인오프너,,바겐슈타이거,15210,living
1080862382,놋담 방짜유기 와인잔 특대,주방용품,와인용품,와인잔,,놋담,159000,living
1059087456,[빌레로이앤보흐]오비드 화이트 와인 고블렛 투명1P,주방용품,와인용품,와인잔,,빌레로이앤보흐,18000,living
1133388690,[빌레로이앤보흐]보스톤 와인 고블렛(중) 펄 4P세트,주방용품,와인용품,와인잔,,빌레로이앤보흐,123000,living
1017592935,[빌레로이앤보흐]보스톤 와인 고블렛(중) 투명 1P,주방용품,와인용품,와인잔,,빌레로이앤보흐,15900,living
1060933274,[빌레로이앤보흐]보스톤 와인 고블렛132(투명)2p,주방용품,와인용품,와인잔,,빌레로이앤보흐,35800,living
1100285480,놋담 방짜유기 행운 주걱,주방용품,조리도구,국자/주걱/뒤집개/집게,,놋담,35910,living
1083293391,타파웨어 스탠딩 주걱 세트(2),주방용품,조리도구,국자/주걱/뒤집개/집게,,타파웨어,21000,living
94606151,셰프토프 캄포 뒤집개,주방용품,조리도구,국자/주걱/뒤집개/집게,,글라스락,9500,living
1062515478,바겐슈타이거 슈바츠 로펠 미니국자,주방용품,조리도구,국자/주걱/뒤집개/집게,,바겐슈타이거,12400,living
1128048074,바겐슈타이거 하임 라이스 스쿱 밥주걱,주방용품,조리도구,국자/주걱/뒤집개/집게,,바겐슈타이거,8910,living
1088525796,네이쳐리빙 (1 +1) 월넛 플렉시블 실리콘 조리도구 7종 택2(교차선택),주방용품,조리도구,조리기구세트,,네이쳐리빙,9900,living
1118101409,라포레 플레이팅팬 풀세트,주방용품,조리도구,조리기구세트,,라포레,179000,living
1120714810,타파웨어 스피닝 쉐프 세트,주방용품,조리도구,조리기구세트,,타파웨어,116000,living
1070594125,에바솔로 그린툴 조리도구 4종세트,주방용품,조리도구,조리기구세트,,에바솔로,137000,living
1088546264,달로플라스트 조리도구 블랙에디션 10종,주방용품,조리도구,조리기구세트,,DALOPLAST,68350,living
1047761451,웨지우드 샌드위치쟁반 Dancing Hours,주방용품,조리도구,채망/양푼/바구니,,웨지우드,26100,living
1087932109,빅스텐 매직 짤순이 2.4L 1세트 대용량 야채 오이지 음식 탈수기 나물 두부 채소 홍여진 하이로,주방용품,조리도구,채망/양푼/바구니,,기타,39900,living
1039973453,바겐슈타이거 메쉬트레이+채반세트 특대 (28cm+29cm),주방용품,조리도구,채망/양푼/바구니,,바겐슈타이거,28800,living
1052817593,키친아트 스텐 대용량 다라이 세트 58cm (일반+타공) 김장대야 양푼이,주방용품,조리도구,채망/양푼/바구니,,서울리빙,33200,living
1040089599,바겐슈타이거 스테인레스 버큄 믹싱볼 3종세트,주방용품,조리도구,채망/양푼/바구니,,바겐슈타이거,27120,living
1052722984,[러버랩/직접제조] 프리미엄 천연라텍스 고무장갑 3+3팩 (9컬러),주방용품,주방잡화/일회용품,고무장갑,,러버랩,9900,living
1106489908,[신상특가] 기본에 라이트핏 고무장갑 민트+핑크+그레이 색상혼합 3+3팩(총 6팩),주방용품,주방잡화/일회용품,고무장갑,,기본에,12900,living
1022179466,[체험특가] 스웰데이 천연 라텍스 파스텔 고무장갑 3켤레 (6컬러),주방용품,주방잡화/일회용품,고무장갑,,홈스웰,6900,living
95787795,기본에 끼고 벗기 쉬운 와이드핏 고무장갑 3+3 (컬러 혼합/3size),주방용품,주방잡화/일회용품,고무장갑,,기본에,15900,living
1058245345,[고무장갑 1위] 가성비가 브랜드다 국내산 고무장갑 6개 (천연라텍스/6컬러),주방용품,주방잡화/일회용품,고무장갑,,가성비가 브랜드다,9900,living
1015761163,컵홀더 100개 종이컵홀더 커피컵홀더 테이크아웃 아이스컵,주방용품,주방잡화/일회용품,기타일회용품,,한국포장,4500,living
1051863110,금비 실버 위생매트 SHMN01 1박스 20팩 총 200매 깔개매트,주방용품,주방잡화/일회용품,기타일회용품,,금비,65500,living
1015761174,개별포장 일회용 일자 빨대 스트로우 투명 25cm 500개,주방용품,주방잡화/일회용품,기타일회용품,,한국포장,6900,living
25577719,롯데 e-life 종이접시 170mm,주방용품,주방잡화/일회용품,기타일회용품,,롯데이라이프,1200,living
1103526880,놋담 골든 명태 액막이+리본 선물포장,주방용품,주방잡화/일회용품,기타주방용품,,놋담,42750,living
1129059781,타파웨어 미니 브러쉬 세트 4개,주방용품,주방잡화/일회용품,기타주방용품,,타파웨어,16000,living
1128481498,놋담 유기 전용 세정 크림,주방용품,주방잡화/일회용품,기타주방용품,,놋담,19950,living
1120365468,[비밀특가] 짐샌더슨 롤앤고 쇼퍼백 L 롤링 토트백 카트 바퀴 쇼핑백,주방용품,주방잡화/일회용품,기타주방용품,,짐샌더슨,64900,living
1013248413,[체험특가]전자레인지 푸드커버 3종세트,주방용품,주방잡화/일회용품,기타주방용품,,모나코올리브,5900,living
1132014476,[글래드]매직랩 일반 2개+늘어나는 매직백 냉동 중형 (15매) 1개,주방용품,주방잡화/일회용품,랩,,글래드,20900,living
1134191358,[글래드] 매직랩 일반+홀리데이 에디션 혼합 2개 세트,주방용품,주방잡화/일회용품,랩,,글래드,20900,living
1134523147,[글래드] 매직랩 미니사이즈 1개 + 점보사이즈 1개 (총2개),주방용품,주방잡화/일회용품,랩,,글래드,17900,living
1094897244,[글래드] 키친랩 미니사이즈 2개 세트,주방용품,주방잡화/일회용품,랩,,글래드,16400,living
1091853493,[일반형x2배용량][글래드] 매직랩 점보사이즈 1개 (30cmx43.4m),주방용품,주방잡화/일회용품,랩,,글래드,14500,living
67874166,기본에 스탠딩 슬라이드 지퍼백 프레시키퍼 플라워 (총 79매 / 롱+특대+대+중+소),주방용품,주방잡화/일회용품,비닐백,,기본에,16900,living
1009133058,기본에 스탠딩 슬라이드 지퍼백 프레시키퍼 4종 67매세트+ 고무장갑1팩 (특대12+대15+중20+소20),주방용품,주방잡화/일회용품,비닐백,,기본에,16900,living
1026691836,기본에 스탠딩슬라이드 지퍼백 프레시키퍼 플라워 특대 12매x3개,주방용품,주방잡화/일회용품,비닐백,,기본에,14000,living
1052975355,데비마이어 그린백 15매,주방용품,주방잡화/일회용품,비닐백,,그린백,55000,living
1027992719,구디푸디 [체험특가] 롤 비닐봉투 200매 사이즈 (45cm x 50cm),주방용품,주방잡화/일회용품,비닐백,,구디푸디,7650,living
90460480,기본에 울트라엠보 위생장갑 100매 5개(총 500매),주방용품,주방잡화/일회용품,비닐장갑,,기본에,20900,living
58736335,위생장갑 일회용장갑 비닐장갑 주방 크린장갑 200매,주방용품,주방잡화/일회용품,비닐장갑,,크린손,5900,living
1003589151,기본에 크린 위생장갑 500매,주방용품,주방잡화/일회용품,비닐장갑,,기본에,13900,living
91587260,[홈앤하우스] 뽑아쓰는 위생장갑 500매,주방용품,주방잡화/일회용품,비닐장갑,,홈앤하우스,9410,living
25779504,크린위생장갑 400매/무료배송,주방용품,주방잡화/일회용품,비닐장갑,,크린랩,15500,living
1105583653,"데일리클린스 드라이핏 3D 수세미 10개입 / 쫀쫀거품,빠른건조,인생수세미",주방용품,주방잡화/일회용품,수세미,,가성비가 브랜드다,8900,living
1080138865,[체험특가] 10 + 10 주방 철수세미 수세미 노스크래치 은사 망사 빠른건조 20X20사이즈,주방용품,주방잡화/일회용품,수세미,,상상앤드,3900,living
1038650834,가성비가 브랜드다 도톰한 일회용수세미 80매*3롤 (총240매),주방용품,주방잡화/일회용품,수세미,,가성비가 브랜드다,9900,living
1092578297,아임 노스크레치 올클린 만능 2겹 은사수세미 20P 다목적 주방 철수세미,주방용품,주방잡화/일회용품,수세미,,해피세일,7900,living
1077487860,구디푸디 [체험특가] 50장세트 두겹으로 도톰한 노 스크래치 빛나리 은사 설거지 수세미 대형,주방용품,주방잡화/일회용품,수세미,,구디푸디,8460,living
1066060116,아이존 밥이보 약 일회용 위생 숟가락 100P 수저 스푼,주방용품,주방잡화/일회용품,일회용수저/식기/컵,,기타브랜드,7800,living
1015016501,아이존 대나무 젓가락 배달 일회용 개별포장 100개입,주방용품,주방잡화/일회용품,일회용수저/식기/컵,,기타브랜드,8600,living
1032233529,무지 일회용 종이용기 850cc 포장 그릇 50개 배달 포장,주방용품,주방잡화/일회용품,일회용수저/식기/컵,,한국포장,7100,living
1136261819,크린랩 위생접시 230mm 10개입 일회용 그릇,주방용품,주방잡화/일회용품,일회용수저/식기/컵,,크린랩,2800,living
1136036561,식품지 토스트 봉투 500개 식품포장지 음식포장종이 식품포장종이 토스트봉투 포장지,주방용품,주방잡화/일회용품,일회용수저/식기/컵,,기타브랜드,44260,living
25850553,"롯데 e-life 종이컵 1,000개 1Box",주방용품,주방잡화/일회용품,종이컵,,롯데이라이프,15500,living
19130112,지에스단독 트레이세트(트레이대 2개+트레이소 2개+트레이중 2개,주방용품,주방잡화/일회용품,종이컵,,실리쿡,14500,living
1009578664,"기본에 스탠딩 슬라이드 지퍼백 6팩, 총 102매 (+추가 셀룰로오스 수세미 1팩)",주방용품,주방잡화/일회용품,지퍼백,,기본에,16900,living
1021332813,[9/21 5%더블쿠폰] 지퍼락 그립앤실 냉동(중형105매+대형55매),주방용품,주방잡화/일회용품,지퍼백,,지퍼락,20900,living
1008658347,기본에 크린지퍼백 혼합세트(미니+소형+대형+특대형),주방용품,주방잡화/일회용품,지퍼백,,기본에,11900,living
1086824038,네이쳐리빙 [비닐대신사용] 릴리브 이중잠금 실리콘 지퍼백 3종세트(500ml+1000ml+1500ml),주방용품,주방잡화/일회용품,지퍼백,,네이쳐리빙,12900,living
1034617744,이케아 ISTAD 지퍼백 패턴 블루 60개입,주방용품,주방잡화/일회용품,지퍼백,,이케아,7900,living
1104813876,힘멜 에어프라이어 종이호일 23cm 100P (사각),주방용품,주방잡화/일회용품,쿠킹호일,,서울리빙,7920,living
1103607900,프로그 무표백 에어프라이어 종이호일 정사각 대형 100매입 x 1개,주방용품,주방잡화/일회용품,쿠킹호일,,프로그,11900,living
56184011,자연에서 온 종이호일 에어프라이어용 16cm(200매),주방용품,주방잡화/일회용품,쿠킹호일,,자연에서 온 종이호일,15920,living
1038646538,에어프라이어 종이호일 원형 대형 (23cm 100매) 기름종이 에어프라이어종이호일 종이호일 유산지,주방용품,주방잡화/일회용품,쿠킹호일,,기타,12780,living
25756798,크린종이호일 (33X20) 2개/무료배송,주방용품,주방잡화/일회용품,쿠킹호일,,크린랩,10900,living
1134199166,모니즈 [20 + 20] 플라워 데코롤 뜯어쓰는 롤행주 다회용 위생 주방 행주 (총 2롤/40매입),주방용품,주방잡화/일회용품,행주,,모니즈,10900,living
1133315853,바로씀 뽑아쓰는 극세사 매직행주 50매 (25X25cm),주방용품,주방잡화/일회용품,행주,,바로씀,8900,living
1134651310,모니즈 플라워 데코롤 키친클로스 주방행주 선물세트 (3롤/총 60매입),주방용품,주방잡화/일회용품,행주,,모니즈,14900,living
1076111531,기본에 행주티슈 플러스케어 80매*6팩 + 고무장갑 2팩세트,주방용품,주방잡화/일회용품,행주,,기본에,18900,living
1135831514,기본에 행주티슈 플러스케어 80매*6팩 + 셀룰로오스 수세미 2매 세트,주방용품,주방잡화/일회용품,행주,,기본에,16900,living
1112183078,[헹켈] 5스타 7종 블록세트(가위11cm) HK30112-200,주방용품,칼/커팅기구,가위/소품,,헹켈,319000,living
1076203582,[모던하우스] 현 고백자 깨갈이,주방용품,칼/커팅기구,가위/소품,,모던하우스,7110,living
1053303924,도루코 마스터 가위 120S,주방용품,칼/커팅기구,가위/소품,,도루코,6500,living
1006299853,키친아트 금상첨화 갈비가위 대-2개,주방용품,칼/커팅기구,가위/소품,,키친아트,9330,living
1099237529,밤 까는 도구 생밤 칼집내기 칼집가위 밤가위 까는기계 밤칼가위,주방용품,칼/커팅기구,가위/소품,,히든아이템,12900,living
1103526799,[비밀특가]짐샌더슨 테라조 컬러 커팅보드 M 컬러도마 플레이팅 손잡이 도마,주방용품,칼/커팅기구,도마,,짐샌더슨,56500,living
1126194508,[실리콘 용기 2종 증정] 알레보 디엣지 듀얼핏 TPU 반달도마 이유식 항균도마 3종 세트 (거치대 포함),주방용품,칼/커팅기구,도마,,알레보,79000,living
1096437305,[소음 칼집없는]야무진살림 스텐 304 양면 향균 도마,주방용품,칼/커팅기구,도마,,야무진살림,19900,living
1103526842,[비밀특가]짐샌더슨 테라조 컬러 커팅보드 OVAL 컬러도마 플레이팅 손잡이 도마,주방용품,칼/커팅기구,도마,,짐샌더슨,79900,living
1049981308,프라카 폴란드패턴 항균 양면도마 1＋1 균일가,주방용품,칼/커팅기구,도마,,프라카,12900,living
1062593589,바겐슈타이거 슈나이더 멀티채칼 슬라이서세트,주방용품,칼/커팅기구,채칼/강판,,바겐슈타이거,27200,living
67962249,[리본제이]무디타 마그넷 스테인리스 슬라이서 멀티 만능채칼 / 채칼 6종 안전커버 채칼보관함 포함,주방용품,칼/커팅기구,채칼/강판,,리본제이,17900,living
1062515431,바겐슈타이거 슈미트 갈릭프레스 마늘다짐 (올스텐),주방용품,칼/커팅기구,채칼/강판,,바겐슈타이거,7200,living
56011492,키친구 마늘 야채 이유식 채소 다지기 만능 수동다지기 대형,주방용품,칼/커팅기구,채칼/강판,,키친구,11990,living
1063035027,네이쳐리빙 [단종특가]올스텐 주방칼 2종세트 택1(산도쿠+과도),주방용품,칼/커팅기구,칼/칼세트,,네이쳐리빙,12900,living
1028138281,즈윌링 헹켈 4스타 넓은폭중도(HK31071-160),주방용품,칼/커팅기구,칼/칼세트,,헹켈,58900,living
65041725,한샘 올스텐 핸들 주방칼 과도 2개,주방용품,칼/커팅기구,칼/칼세트,,한샘,13900,living
1094825302,락앤락 독일산 하이카본스틸 셰프컬렉션 분리세척 칼블럭 7종 (CKK801S01),주방용품,칼/커팅기구,칼/칼세트,,락앤락,47980,living
1068781345,[즈윌링] 헹켈 5스타 아시아형 3종세트(HK30047-38736),주방용품,칼/커팅기구,칼/칼세트,,헹켈,97700,living
1080422623,오리가미 피넛 글라스 서버,주방용품,커피용품,드립포트,,오리가미,27000,living
51452808,핸디브로우 스마트여과기 그레이 티팟세트 차거름망 티포트 티메이커,주방용품,커피용품,드립포트,,기타브랜드,29900,living
37678967,라탄 티코스터 세트(컵받침6P+거치대1P),주방용품,커피용품,드립포트,,이소품,25000,living
1123669737,델리팬 스마트 온도조절 드립포트 DEL-KD10A,주방용품,커피용품,드립포트,,델리팬,79900,living
1073027633,"코맥 커피여과지 커피필터 무표백  2B (300매) (FB2X3)커피필터, 커피여과지,커피종이필터,무표백필터,핸드드립필터",주방용품,커피용품,드립포트,,코맥,6900,living
1086784491,킨토 SCS-S02 커피서버 600ml,주방용품,커피용품,스팀피쳐/밀크저그,,킨토,16800,living
1079986578,"[Original] 바겐슈타이거 스텐304 쿠킹저그 1,000ml",주방용품,커피용품,스팀피쳐/밀크저그,,바겐슈타이거,19760,living
1055870994,코맥 눈금 우유스팀피쳐 600ml (SM3) [밀크저그/라떼아트/계량],주방용품,커피용품,스팀피쳐/밀크저그,,코맥,13500,living
1081281079,킨토 루프티 거름망,주방용품,커피용품,여과지,,킨토,20150,living
1062623982,하리오 옐로우 커피필터 1-4인용 여과지 100매 (VCF-02-100M),주방용품,커피용품,여과지,,기타브랜드,5500,living
1017285594,칼리타 4~7인용 브라운 커피필터 여과지 100매 NK103,주방용품,커피용품,여과지,,기타브랜드,5900,living
95176441,하리오 02 화이트 여과지 1 4인용 VCF 02 100W,주방용품,커피용품,여과지,,메가커피,3800,living
1017285574,칼리타 2~4인용 브라운 커피필터 여과지 100매 NK102,주방용품,커피용품,여과지,,기타브랜드,4900,living
1062515474,바겐슈타이거 휘핑 앤 메저링스틱 (거품기),주방용품,커피용품,우유거품기,,바겐슈타이거,11120,living
23803595,마켓비 FROTHER 우유거품기 9279.8583,주방용품,커피용품,우유거품기,,마켓비,4610,living
1010426807,벨라쿠진 클래식 전동 우유거품기,주방용품,커피용품,우유거품기,,벨라쿠진,9900,living
1063339021,살림의기술 1P+1P 올스텐 휘리릭 반자동 거품기,주방용품,커피용품,우유거품기,,살림의기술,9900,living
1080423101,칼리타 웨이브 드리퍼 185-스텐 S,주방용품,커피용품,커피추출기,,칼리타,46800,living
1073024446,프라카 폴란드풍 도자기 드리퍼,주방용품,커피용품,커피추출기,,메종오브제,10900,living
1080422704,칼리타 웨이브 필터 KWF-185 (100P),주방용품,커피용품,커피추출기,,칼리타,13000,living
1102277878,놋담 방짜유기 소리 양주잔 2P+리본 선물포장,주방용품,컵/머그/잔,맥주/소주잔/양주잔,,놋담,69350,living
1057538146,코렐코디 유리 머그 2P 세트,주방용품,컵/머그/잔,맥주/소주잔/양주잔,,코렐,13000,living
51026917,로얄베니스 버터플라이 언더 3P / 머그컵 / 유리컵,주방용품,컵/머그/잔,맥주/소주잔/양주잔,,로얄베니스,40000,living
1119000990,놋담 방짜유기 굽 막걸리잔 2P,주방용품,컵/머그/잔,맥주/소주잔/양주잔,,놋담,139900,living
58402684,[나흐트만] 보사노바 롱드링크 (395ml) 4p /선물박스포장,주방용품,컵/머그/잔,맥주/소주잔/양주잔,,나흐트만,80910,living
1135180822,놋담 방짜유기 링 손잡이 머그컵 2P+리본 선물포장,주방용품,컵/머그/잔,머그잔,,놋담,109250,living
1074504762,포트메리온 보타닉가든 머그(12온스)4p,주방용품,컵/머그/잔,머그잔,,포트메리온,31900,living
1019665884,[웨지우드]원더러스트 메나쥬리 머그 1p,주방용품,컵/머그/잔,머그잔,,웨지우드,72380,living
1038395359,[빌레로이앤보흐] 디자인나이프 머그 0.3L (택1),주방용품,컵/머그/잔,머그잔,,빌레로이앤보흐,41900,living
1112978314,글라스락 내열강화 달콤 클래식 머그컵 480ml 4개 세트,주방용품,컵/머그/잔,물컵/일반컵,,글라스락,16900,living
24136178,빌레로이앤보흐 보스톤 롱드링크잔 4P세트,주방용품,컵/머그/잔,물컵/일반컵,,빌레로이앤보흐,79900,living
1020500161,글라스락X브레드이발소 스트로우캡 머그 (마카롱),주방용품,컵/머그/잔,물컵/일반컵,,글라스락,8500,living
1045677406,[웨지우드]원더러스트 옐로우톤퀸 텀블러 365ml (1P),주방용품,컵/머그/잔,물컵/일반컵,,웨지우드,62540,living
1134441673,2종세트 이태리am 해머톤 글라스 물잔 500ml 내열경량 강화유리 유리컵 2P,주방용품,컵/머그/잔,물컵/일반컵,,에이엠,19500,living
1049386482,스텐락 국산 콜드컵 HNL 600ml 2P 세트,주방용품,컵/머그/잔,주스잔,,스텐락,3900,living
1133754216,웨지우드 원더러스트 티잔 2인조(4P) (지금 백지연),주방용품,컵/머그/잔,커피잔/찻잔,,웨지우드,226000,living
1133752679,웨지우드 원더러스트 티세트 2인조(6P)+2단스탠드 (지금 백지연),주방용품,컵/머그/잔,커피잔/찻잔,,웨지우드,385000,living
1061296468,웨지우드 원더러스트 핑크로터스 티컵앤소서,주방용품,컵/머그/잔,커피잔/찻잔,,웨지우드,79200,living
1117918145,[웨지우드] 페스티비티 커피잔 2인조 (블루),주방용품,컵/머그/잔,커피잔/찻잔,,웨지우드,126000,living
1022396643,웨지우드 버터플라이블룸 티컵앤소서 1인조,주방용품,컵/머그/잔,커피잔/찻잔,,웨지우드,68300,living
1091175612,PN풍년 마레 데이즐리 웍 IH 28cm 궁중팬,주방용품,프라이팬,궁중팬,,PN풍년,14900,living
51090078,해피콜 올 뉴 컴포트 다이아몬드 IH 인덕션 궁중팬 28cm,주방용품,프라이팬,궁중팬,,해피콜,26510,living
1102121737,에코라믹 IH 마블 24 궁중팬,주방용품,프라이팬,궁중팬,,에코라믹,12900,living
1126756777,해피콜 국내생산 오닉스 다이아몬드코팅 인덕션 궁중팬 28cm,주방용품,프라이팬,궁중팬,,해피콜,27900,living
1135937507,베카 시즈닝 무쇠 22cm 스테이크팬  + 유리뚜껑,주방용품,프라이팬,양면팬/구이팬,,베카,99000,living
1032654533,베카 시즈닝 무쇠 24cm스테이크팬+유리뚜껑,주방용품,프라이팬,양면팬/구이팬,,베카,259000,living
1004579124,놋담 방짜유기 팔각 직화팬(한정수량),주방용품,프라이팬,양면팬/구이팬,,놋담,119700,living
1072925244,베카 시즈닝 무쇠 후라이팬 20cm,주방용품,프라이팬,양면팬/구이팬,,베카,135000,living
62214198,해피콜 국민 양면팬의 부활 원조 올 뉴 컴포트 IH 인덕션 생선양면팬(차콜그레이),주방용품,프라이팬,양면팬/구이팬,,해피콜,42900,living
54617950,해피콜 플렉스팬 IH 와이드 인덕션 후라이팬 22cm(매트블랙),주방용품,프라이팬,일반프라이팬,,해피콜,18900,living
1126756767,해피콜 국내생산 오닉스 다이아몬드코팅 인덕션 프라이팬 24cm,주방용품,프라이팬,일반프라이팬,,해피콜,19900,living
1101201621,테팔 인덕션 SS 티타늄3X 퍼펙트 레지스트 후라이팬 24cm,주방용품,프라이팬,일반프라이팬,,테팔,36960,living
1131508294,해피콜 국내생산 오닉스 인덕션 계란말이팬 중형 21.4cm,주방용품,프라이팬,일반프라이팬,,해피콜,22000,living
1126756769,해피콜 국내생산 오닉스 다이아몬드 인덕션 프라이팬 28cm,주방용품,프라이팬,일반프라이팬,,해피콜,24500,living
1135832551,베카 시즈닝 무쇠팬 핵심구성 4종+2종 풀세트,주방용품,프라이팬,프라이팬세트,,베카,219000,living
1068637952,테팔 IH 매직핸즈 티타늄골드8P,주방용품,프라이팬,프라이팬세트,,테팔,129000,living
1133786930,에코라믹 IH에클라 블랙 프라이팬 6종 특가 세트,주방용품,프라이팬,프라이팬세트,,에코라믹,89000,living
1101201604,테팔 인덕션 SS 티타늄3X 퍼펙트 레지스트 후라이팬 20cm,주방용품,프라이팬,프라이팬세트,,테팔,33920,living
1101201633,테팔 인덕션 SS 티타늄3X 퍼펙트 레지스트 후라이팬 28cm,주방용품,프라이팬,프라이팬세트,,테팔,42940,living
1132137051,[크리넥스/신제품] 미니 슥삵에디션 [230매x6입],화장지/티슈,화장지,각티슈,,크리넥스,13800,living
1067670831,올챌린지 천연펄프 각티슈 300매 6개입,화장지/티슈,화장지,각티슈,,올챌린지,9900,living
1109596027,모나리자 미니톡톡 미용티슈 240매 12개입 1팩 각티슈 휴지 화장지_JS,화장지/티슈,화장지,각티슈,,모나리자,13300,living
1112937950,올챌린지 걸어쓰는 화장지 4겹 훅 티슈 200매 6개입,화장지/티슈,화장지,각티슈,,올챌린지,10900,living
1057244936,올챌린지 뽑아쓰는 각티슈 미용티슈 250매 6개입,화장지/티슈,화장지,각티슈,,올챌린지,8900,living
1097265351,[체험특가]화이트미용티슈180매x6팩 100%천연펄프 먼지 최소화 피부 저자극,화장지/티슈,화장지,기타화장지,,단골아저씨,11900,living
1092280614,[크리넥스] 실크소프트 플러스 미용티슈 [250매X6개입]_N,화장지/티슈,화장지,기타화장지,,크리넥스,16100,living
1055560814,모나리자 미용티슈 280매 3입 2개 총 6개,화장지/티슈,화장지,기타화장지,,모나리자,10500,living
1068041072,[단하루특가/GS판매1등] 대용량 아기 물티슈 엠보싱 캡형 120매 10팩 오늘의핫딜 제품,화장지/티슈,화장지,기타화장지,,아망떼,10900,living
56366518,모나리자 미용티슈 300매 3입 4개 총 12개,화장지/티슈,화장지,기타화장지,,모나리자,21900,living
1122689986,올챌린지 더 도톰한 천연펄프 3겹 화장지 네이비 30m 30롤 1팩,화장지/티슈,화장지,롤화장지,,올챌린지,11900,living
1131429001,[크리넥스] 3겹 데코&소프트 [28M-24롤]X2팩,화장지/티슈,화장지,롤화장지,,크리넥스,37900,living
1135829047,쓸수록 부자되는 데일리트리 황금돈나무 3겹 화장지30롤 1팩+키친타올 100매x4개 휴지 두루마리,화장지/티슈,화장지,롤화장지,,기타브랜드,17900,living
1105253018,깨끗한나라 순수 프리미엄 30m 30롤 2팩 (총60롤),화장지/티슈,화장지,롤화장지,,깨끗한나라,31370,living
1130798473,[크리넥스] 3겹 데코&소프트 [37M-24롤]X2팩,화장지/티슈,화장지,롤화장지,,크리넥스,46500,living
1068794536,[크리넥스] 마이비데 퓨어 캡 [40매X9팩],화장지/티슈,화장지,비데티슈,,크리넥스,17900,living
26586364,[크리넥스] 마이비데 클린케어 리필 [46매X12팩],화장지/티슈,화장지,비데티슈,,크리넥스,21900,living
1080755754,[크리넥스] 마이비데 퓨어 캡 [50매x12팩],화장지/티슈,화장지,비데티슈,,크리넥스,27900,living
24981761,[크리넥스] 마이비데 클린케어 카카오 캡 [40매X9팩],화장지/티슈,화장지,비데티슈,,크리넥스,17900,living
1084129664,[크리넥스x다이노탱] 마이비데 클린케어 미니 [10매x10팩],화장지/티슈,화장지,비데티슈,,크리넥스,12900,living
1134538181,바로씀 뽑아쓰는 3겹 키친타월 100매*18팩 더블기획,화장지/티슈,화장지,키친타올,,바로씀,14900,living
1030535772,잘풀리는집 키친타월 130매 x 6롤 x 2팩,화장지/티슈,화장지,키친타올,,잘풀리는집,11500,living
1103909239,깨끗한나라 톡톡 뽑아쓰는 무표백 키친타올 100매 6입,화장지/티슈,화장지,키친타올,,깨끗한나라,10900,living
1118869517,바로씀 뽑아쓰는 3겹 키친타월 100매*9팩,화장지/티슈,화장지,키친타올,,바로씀,8900,living
1014416651,[크리넥스] 파워흡수 데일리 안심3겹 키친타월 [120매X12롤],화장지/티슈,화장지,키친타올,,크리넥스,16500,living
1089282312,브리스크스타일 귀청소기 귀지청소 귀지개 6종 세트 (파우치포함),위생/건강/세제,위생/건강용품,유아면봉,,SELLERHUBSHOP,1100,living
1069634444,점착식 귀이개 피부자극 테스트 완료 Made in KOREA,위생/건강/세제,위생/건강용품,유아면봉,,알티피아,8200,living
1057630278,[비밀특가]지누스 그린티 플러스 메모리폼 토퍼 10cm SS 슈퍼싱글 매트리스 침대 바닥,가구,매트리스,슈퍼싱글매트리스,,지누스,113370,living
1063452290,몽제 딥슬립 매트리스 SS,가구,매트리스,슈퍼싱글매트리스,,몽제,399000,living
1016965438,[비밀특가] 024홈 국민토퍼 3단 접이식 매트리스 푹신한 12cm 슈퍼싱글,가구,매트리스,슈퍼싱글매트리스,,024홈,91760,living
1016965417,[비밀특가] 024홈 국민토퍼 매트리스 푹신한 8cm 슈퍼싱글,가구,매트리스,슈퍼싱글매트리스,,024홈,59480,living
28776623,동서가구 EZ매트 견면 3단 접이식 SS 토퍼 매트리스 DF637090,가구,매트리스,슈퍼싱글매트리스,,동서가구,63900,living
1110531653,이지스 자외선차단 무봉제 마스크 (스타일),건강/의료용품,마스크,천마스크,,이지스,8550,living
1119694154,이지스 자외선차단 무봉제 마스크 스타일 4종 색상선택,건강/의료용품,마스크,천마스크,,이지스,36000,living
1113817036,이지스 자외선차단 무봉제 마스크 (스타일) 블랙,건강/의료용품,마스크,천마스크,,이지스,10000,living
1108243671,이지스 자외선차단 무봉제 마스크 8종 (스포츠 4개+스타일 4개),건강/의료용품,마스크,천마스크,,이지스,59800,living
1114551812,이지스 자외선차단 무봉제 마스크 8종 (스포츠 4개+스타일 4개),건강/의료용품,마스크,천마스크,,이지스,59800,living
1088726727,[GS특가]네오플램 대니쉬 인덕션 케틀팟 주전자 어묵 라면 냄비 16cm(2.4L),주방용품,주전자/티포트,,,네오플램,38000,living
1080688862,킨토 유니티 원터치티포트 720ml,주방용품,주전자/티포트,,,킨토,30550,living
65497206,네이처 클래식 인덕션 겸용 스텐 주전자 8L,주방용품,주전자/티포트,,,기타브랜드,53900,living
1080688809,킨토 캐스트 티포트 450ml,주방용품,주전자/티포트,,,킨토,29250,living
1081281136,킨토 LT 큐슈티포트 300ml,주방용품,주전자/티포트,,,킨토,48300,living
1006162470,사각 나눔접시 3구 찬기 반찬그릇 간장종지 소스볼,주방용품,식기/홈세트,종지/소스볼,,젊은이마켓,3900,living
1118122159,[덴비] 헤리티지 베란다 사각 종지,주방용품,식기/홈세트,종지/소스볼,,덴비,18860,living
1078125928,필리빗 클래식 종지 70 소스볼,주방용품,식기/홈세트,종지/소스볼,,필리빗,24000,living
1118118223,[덴비] 임프레션 핑크 원형 종지,주방용품,식기/홈세트,종지/소스볼,,덴비,16400,living
1085617290,베카 찜기포함 18cm 라면냄비 세트,주방용품,찜기/찜솥,,,베카,99000,living
1119001226,놋담 방짜유기 꼭지찜기 대,주방용품,찜기/찜솥,,,놋담,199000,living
1061185913,베카 시즈닝 무쇠냄비 20cm 양수+ 유리찜기,주방용품,찜기/찜솥,,,베카,347000,living
1063261204,까사니 스텐 돔 스티머 (24-28cm),주방용품,찜기/찜솥,,,서울리빙,16800,living
1106400228,[모던하우스] 요리가 편해지는 스텐 펀칭 핸들형 찜기 18CM,주방용품,찜기/찜솥,,,모던하우스,8010,living
1129737683,보프 (9/21일 사은품 증정) 60L 대형 롤링카트/장바구니 카트 색상(블랙/레드/그린),수납/정리/생활잡화,카트/쇼핑바구니,,,보프,28900,living
1134651311,모니즈 [보냉백추가] 픽앤고 대용량 롤링카트 장바구니 쇼핑 캐리어 접이식카트 60L+전용보냉백,수납/정리/생활잡화,카트/쇼핑바구니,,,모니즈,36900,living
1133480721,메가글로우 60L 대용량 접이식 롤링 카트 장바구니 캐리어,수납/정리/생활잡화,카트/쇼핑바구니,,,SELLERHUBSHOP,20100,living
1130005899,대형 접이식 롤링 핸드카트 360도 회전 여행용 쇼핑용 장바구니 4color,수납/정리/생활잡화,카트/쇼핑바구니,,,젊은이마켓,24900,living
1118681963,모니즈 픽앤고 대용량 롤링카트 장바구니 쇼핑 캐리어 접이식카트 60L,수납/정리/생활잡화,카트/쇼핑바구니,,,모니즈,27900,living
1093447191,살림의기술 명태 액막이 대형,수납/정리/생활잡화,소품걸이,,,살림의기술,11900,living
1124130369,모니즈 [2 + 2] 어디나착 초강력 무타공 스텐 후크 진공압착 접착식 걸이 (총 4P),수납/정리/생활잡화,소품걸이,,,모니즈,10900,living
98543445,구디푸디 무타공 부착식 매직 선반 걸이 후크 고정 스티커,수납/정리/생활잡화,소품걸이,,,구디푸디,720,living
1116619438,살림의기술 흔적 남지 않는 무타공 흡착 후크 2개,수납/정리/생활잡화,소품걸이,,,살림의기술,11900,living
1046643422,무타공 접착걸이 투명매직후크 첩착고리 무타공 벽옷걸이 20p,수납/정리/생활잡화,소품걸이,,,김용석생활연구소,4900,living
4539851,[위즈홈] 프리미엄 빨래건조대 6단(더블퀸 블랙),주방/세탁세제/용품,세탁용품,빨래건조대,,위즈홈,39900,living
1082512441,한샘 프라임 빨래건조대 이동형,주방/세탁세제/용품,세탁용품,빨래건조대,,한샘,69900,living
1125494087,홈앤미 오브제 튼튼한 대형 접이식 4단 빨래건조대 이불건조대,주방/세탁세제/용품,세탁용품,빨래건조대,,홈앤미,48800,living
93816913,미니 빨래 건조대 2단,주방/세탁세제/용품,세탁용품,빨래건조대,,아이홈,11900,living
1102760355,홈앤미 튼튼한 대형 접이식 2단 빨래건조대 이불건조대,주방/세탁세제/용품,세탁용품,빨래건조대,,홈앤미,36800,living
1110893347,비트 캡슐세제 몬스터팟 10X 삶음파워 유칼립투스러쉬 25입 용기 1개 + 25입 파우치 4개 + 5입 2개 + 아이깨끗해 용기1(+리필2),주방/세탁세제/용품,세탁세제,캡슐세제,,비트,85800,living
1110565420,비트 캡슐세제 몬스터팟 10X 삶음파워 유칼립투스러쉬 25입 용기 1개,주방/세탁세제/용품,세탁세제,캡슐세제,,비트,19710,living
1110896300,비트 캡슐세제 몬스터팟 10X 삶음파워 유칼립투스러쉬 25입 파우치 4개 + 5입 2개,주방/세탁세제/용품,세탁세제,캡슐세제,,비트,59900,living
1110565437,비트 캡슐세제 몬스터팟 10X 삶음파워 유칼립투스러쉬 25입 파우치 1개,주방/세탁세제/용품,세탁세제,캡슐세제,,비트,15210,living
1113967929,비트 캡슐세제 몬스터팟 10X 삶음파워 유칼립투스러쉬 25입 파우치 2개 + 휴족시간 6매입 + 아이깨끗해 순 250ml용기,주방/세탁세제/용품,세탁세제,캡슐세제,,비트,27900,living
1063661863,프로쉬 [GS단독] 올인원 식기세척기세제 미니 50개입*2개+주방세제 500ml+펌프 증정,주방/세탁세제/용품,식기세척기세제,,,프로쉬,29900,living
1063661999,프로쉬 독일 식기세척기세제 미니 50개입 3개,주방/세탁세제/용품,식기세척기세제,,,프로쉬,38920,living
1063661418,프로쉬 [GS단독] 올인원 식기세척기세제 미니 50개입+섬유유연제 100ml*2 증정,주방/세탁세제/용품,식기세척기세제,,,프로쉬,15570,living
1034051388,프로쉬 독일 식기세척기 클리너 125g 3개 내부청소,주방/세탁세제/용품,식기세척기세제,,,프로쉬,20980,living
1099693204,[9/21 5%더블쿠폰] [1 + 1]자연퐁 스팀워시 식기세척기 세제 타블렛 35입,주방/세탁세제/용품,식기세척기세제,,,자연퐁,13900,living
1034234014,프로쉬 [GS단독] 독일 주방세제 대용량세트 (그린레몬 1L+500ml 택1)+펌프+수세미 증정,주방/세탁세제/용품,주방세제,,,프로쉬,15920,living
1039420222,"[신상특가] 가성비가브랜드다 블랙체리 주방세제 4L*2개 (과일,젖병까지OK/맨손설거지)",주방/세탁세제/용품,주방세제,,,가성비가 브랜드다,14900,living
1124406418,[9/21 5%더블쿠폰] [GS단독] 퐁퐁 주방세제 (총 5팩/6L) 오렌지리필 1.2L*3개 + 코코넛리필 1.2L*2개,주방/세탁세제/용품,주방세제,,,퐁퐁,11900,living
1027995872,프로쉬 독일 주방세제 500ml 4개+펌프+수세미,주방/세탁세제/용품,주방세제,,,프로쉬,25950,living
1009466481,[9/21 5%더블쿠폰] 퐁퐁 주방세제(오렌지/코코넛)리필1200mlx4개(3종택1),주방/세탁세제/용품,주방세제,,,퐁퐁,9500,living
1105321736,프로쉬 [GS단독] 라벤더 욕실클리너 500ml*2개+변기클리너 본품 증정,세정/제습/방충,세정제/광택/소독제,세정제,,프로쉬,19970,living
1030076081,프로쉬 독일 변기클리너 750ml 3개,세정/제습/방충,세정제/광택/소독제,세정제,,프로쉬,20980,living
1051203667,쉼표365 [2+2] 대용량 욕실세정제 750ml 클리너 바닥 화장실 베란다 창틀 청소 물때 제거,세정/제습/방충,세정제/광택/소독제,세정제,,쉼표365,12900,living
56917203,브레프 파워액티브 2개입*5팩 변기세정제,세정/제습/방충,세정제/광택/소독제,세정제,,브레프,20330,living
1058839841,살림백서 바르는 욕실 세정제 150g 3개입 화장실 줄눈 물때 제거제,세정/제습/방충,세정제/광택/소독제,세정제,,살림백서,10900,living
90218319,[9/21 5%더블쿠폰] 홈스타 바르는 곰팡이 싹 120ml x 4개,세정/제습/방충,세정제/광택/소독제,곰팡이제거제,,홈스타,14520,living
1071324557,[유한양행] 유한락스 곰팡이제거제 600ml600ml x 3개,세정/제습/방충,세정제/광택/소독제,곰팡이제거제,,유한양행,24900,living
1074331000,유한락스 곰팡이제거제 600ml+600ml,세정/제습/방충,세정제/광택/소독제,곰팡이제거제,,SELLERHUBSHOP,11000,living
1005013474,아스토니쉬 만능 클리너 제로 750ml 2개,세정/제습/방충,세정제/광택/소독제,곰팡이제거제,,아스토니쉬,25600,living
1119516254,벽지곰팡이 범안 곰팡이제거제 스프레이 벽지 화장실 욕실 1P,세정/제습/방충,세정제/광택/소독제,곰팡이제거제,,기타브랜드,16860,living
1104718434,[파크론]블루스팟 주방매트 (대) 120x44x1.2cm,카페트/러그/발매트,발매트,주방매트,,파크론,19900,living
1075512240,대형+소형 2종세트 규조토 주방 발매트 주방매트 현관 씽크대 싱크대 발매트 화장실 욕실매트 거실 발매트,카페트/러그/발매트,발매트,주방매트,,기타브랜드,14900,living
1020933480,모던 주방 발매트 북유럽 디자인 싱크대매트 대형 45x150,카페트/러그/발매트,발매트,주방매트,,얄리샵,18900,living
65668366,구디푸디 푹신한 욕실 발매트 주방매트 (화이트레몬),카페트/러그/발매트,발매트,주방매트,,구디푸디,10710,living
1005859976,멜라우 사계절 러그 먼지없는 거실 카페트 170x230cm+발매트증정,카페트/러그/발매트,발매트,욕실/현관매트,,rugplus,87800,living
1007822536,무지 심플 패브릭 욕실매트 화장실 현관 발매트 중형(50x80),카페트/러그/발매트,발매트,욕실/현관매트,,얄리샵,12900,living
1005859987,멜라우 사계절 러그 먼지없는 거실 카페트 200x290cm+발매트증정,카페트/러그/발매트,발매트,욕실/현관매트,,rugplus,137800,living
1088249129,2종세트 북유럽 발매트 욕실매트 세탁 가능한 다용도 면매트,카페트/러그/발매트,발매트,욕실/현관매트,,서울양말,8900,living
1048395330,쿠션 코일 매트 100X120 충격흡수 현관매트 발매트,카페트/러그/발매트,발매트,욕실/현관매트,,미르커머스,28900,living
1079089070,초간단 청바지 핏 조절 셀프 허리 수선 Y자 바지 클립 수선핀 no.288,홈패브릭,수예용품,,,퍼피띵,8900,living
1133816208,옷수선 미니 반짇고리 세트 가정용 휴대용 바늘질 실바늘 부자재,홈패브릭,수예용품,,,기타,16660,living
1027483312,레토 충전식 무선 센서등 무드등 겸용 LED 조명 30CM,조명,천장조명,,,레토,11900,living
1005125937,체험특가 노바리빙 LED 무선센서등 210mm,조명,천장조명,,,노바리빙,9900,living
1013138770,[풍년]하이클래드뉴파이브IH 통5중 6인+패킹증정 JU,주방가전,전기밥솥,내솥/패킹,,PN풍년,148750,living
